participant_id,au01_r_mean,au01_r_std,au02_r_mean,au02_r_std,au04_r_mean,au04_r_std,au05_r_mean,au05_r_std,au06_r_mean,au06_r_std,au09_r_mean,au09_r_std,au10_r_mean,au10_r_std,au12_r_mean,au12_r_std,au14_r_mean,au14_r_std,au15_r_mean,au15_r_std,au17_r_mean,au17_r_std,au20_r_mean,au20_r_std,au25_r_mean,au25_r_std,au26_r_mean,au26_r_std,au04_c_rate,au12_c_rate,au15_c_rate,au23_c_rate,au28_c_rate,au45_c_rate,au_overall_intensity,au_temporal_variation,gaze_off_forward_deg_mean,gaze_off_forward_deg_std,gaze_wander_mean,gaze_wander_std,head_pitch_deg_mean,head_pitch_deg_std,head_motion_mean,head_motion_std,head_still_ratio,clnf_valid_ratio,quality_sufficient
300,0.6003799925007978,0.7419483169161049,0.37292226614189977,0.4959875377365066,0.4170474845229231,0.5710253760910946,0.10153598611849803,0.23542544461242582,0.09378957185405808,0.27784431865862763,0.27511144856930114,0.41426050635196626,0.1910403722476332,0.37231570086070165,0.14730373720880757,0.37453447065601403,0.20035458281033933,0.3700823843942116,0.06907925640889268,0.2047452176412606,0.05533262200829699,0.19308077166737472,0.1723851106265291,0.32831538054516424,1.2030435954153813,1.297423194021695,0.03009032751834911,0.1376431343510339,0.23247526858844803,0.03536857781087118,0.16583342197638548,0.7064142112541218,0.0681842357196043,0.2532709286246144,0.2806725967108362,0.11543482040468972,11.423000892846149,3.814110012129098,0.5747792369674763,0.8638532387418488,11.555599327444453,3.9826749830522234,0.4614343144099636,0.8161367626843993,0.28654816996213717,0.973652653578648,1
301,0.13375816536436913,0.36439918396790083,0.0683780641552887,0.22528610528161783,0.09702811025662116,0.23638492853422047,0.0298505206448429,0.16281587786726923,0.018887449703898666,0.11625052115743732,0.08793241219772989,0.22315526991629786,0.03981244661950979,0.16903228671600243,0.049727550995229484,0.20143112847670985,0.10935480987826944,0.3194532352527723,0.01242437613094259,0.08472300521356733,0.019976088624773812,0.13554871949880268,0.08989147491363712,0.2909378516622016,0.580673957106432,0.6977049508200821,0.001389605321598947,0.02780799374875175,0.4280309261391676,0.05239348577068597,0.013859187366343149,0.23490705708175688,4.1125185063332785e-05,0.38830399736798815,0.09564893085093883,0.044902448688346405,14.174809432609276,2.1688942302222083,0.5695277248507725,0.7890028302155947,13.38629975395919,2.3559712101534527,0.38294438046642304,0.4917709702286252,0.4066396827343718,0.9875005056429756,1
302,0.8805645844127008,1.0998812289105644,0.7552250576197174,0.7547431908657118,1.2101789837169714,1.072712487184427,0.3034793835763452,0.4393647493730857,0.12793054722078306,0.2743256695915063,0.6788369935608023,0.7333846803282223,0.14772020594330548,0.2910477825951017,0.17199974635482201,0.35356511918108513,0.28358741862186365,0.43070988177474356,0.09043281174598476,0.22923059552825534,0.17618592783657758,0.31114307808408986,0.3364797496484346,0.4988940704552434,1.1061659517430242,1.1248277528777224,0.05459983221079121,0.231471052207029,0.4338686995781215,0.9315742728147436,0.1726001036192732,0.6953593368366516,0.05428909777218563,0.42887277033528237,0.45167051387229457,0.11767578030579391,14.108558610623943,3.5417259122065117,0.8005384332360714,0.9568827349467353,21.573102673692595,8.668966253027456,1.5204715969213147,1.6597481573986808,0.0661189358372457,0.8948794015219915,1
303,0.6472000740958035,0.7426010348784592,0.2903728819712865,0.4320761063828567,0.7593330227084484,0.7677521131417405,0.26138359790861404,0.39685538813818183,0.19349330155991162,0.3670113117093338,0.37599820420347874,0.4997353749567332,0.30860578582274983,0.4343456162479963,0.37573110974599677,0.5331860727978316,0.6381625892117615,0.7032041435290675,0.17566567214246273,0.3235642434202066,0.529451856122308,0.5806302100564452,0.5172075571162341,0.6137946977525519,1.3151237635629487,1.2875930080170892,0.06303745737852015,0.19876669185845064,0.4998964660408614,0.8256833241303148,0.34062672556598567,0.44367752622860296,0.4149986195472115,0.37686361126449475,0.460769062396466,0.1606508523727351,6.378513053397973,2.089301561317788,0.7946289392077139,0.8527148640271267,0.38070205034268484,3.318059291934048,0.7789617060715305,0.8018047843793764,0.12856257744733582,0.9818140819662889,1
304,0.9347424115781126,1.0005921347173983,0.33195421649484536,0.4883058390130555,0.624904757335448,0.9208826040579211,0.33243393655828707,0.5084507690227706,0.1009235963521015,0.2524318888797376,0.6241083735130849,0.6843505141265427,0.13915901030927835,0.29511032919716174,0.10977209278350515,0.2784736069985456,0.3500945368754957,0.5250210808852674,0.22231160904044406,0.3825823030825248,0.15500315463917524,0.32985463573715573,1.1249457486122125,0.7834148081443916,1.3083725939730373,1.540463947364632,0.11524109278350515,0.24876151753946227,0.5273592386994449,0.1697065820777161,0.41554321966693103,0.5884218873909596,0.0999206978588422,0.6360031720856463,0.4624262236320381,0.23655258826530617,15.996029065755076,3.6073346751168787,1.3767648937440453,1.5841004773624587,-2.827832729290813,6.069017134187355,2.3429810554942736,4.294497076905102,0.06173780487804878,0.054485562097000284,0
305,0.6325557832790887,0.7569890270346942,0.3221069683889341,0.5046644438472639,0.5440098949959317,0.7529322103887858,0.23376628862896665,0.3854846371672588,0.12061571948738811,0.28946336654970223,0.3562471901342555,0.4726351467958773,0.1765878199349064,0.35608461445075307,0.12762161220504475,0.291946398478094,0.35090305299023594,0.5262106530310445,0.12841870915378356,0.27248569758521785,0.11221732107404395,0.2786037873143539,0.20487200667209116,0.3860554745418471,1.3251224107607813,1.3646182361479482,0.0688026748982913,0.21042274816050457,0.2704841334418226,0.030024410089503663,0.17355573637103336,0.10612286411716843,0.007994304312449145,0.38010577705451587,0.3359891037574102,0.10470670773554035,16.4909944158535,2.1193336917565606,0.6265327338219503,0.670139594559459,3.141713137599168,4.984831135745094,0.5831144094310727,0.6572540748671686,0.2238824003221909,0.9681546105394938,1
306,0.4712482057074911,0.702493380707942,0.25707351882679347,0.5163613927019403,0.32560046254458974,0.43648255769720545,0.30918277193816884,0.4907035812848312,0.33601189548156957,0.47338025425944735,0.29205283067776455,0.4180576403099537,0.3688204442726913,0.48324345839432775,0.4933987743955608,0.6112973392241415,0.545558249504558,0.6248248677800096,0.2275679070947285,0.36343145701057733,0.2231349060642093,0.3756325503715843,0.25734976389219183,0.41039960627968736,0.5748955755846215,0.6655691611642047,0.04897999401506144,0.1731328521797856,0.4780023781212842,0.44879112168053903,0.18414585810543005,0.539833531510107,0.8652794292508917,0.3145065398335315,0.3379196642857143,0.1085272896185229,4.970430533891505,2.5506359497121336,0.8970040499059283,1.222369920034422,2.027369907605555,3.5564366798075038,0.7321318340053525,0.7491522524762521,0.13580246913580246,0.9853428630619433,1
307,0.6330638206162876,0.877303724677023,0.5162236390009782,0.691498586075248,0.5061644269381268,0.591661800290507,0.31517644702249936,0.443536735048188,0.432433055820494,0.46797090465515495,0.5307277328197603,0.6373912415489335,0.5242435975483004,0.5402657583277576,0.5356952988200049,0.5497300607674901,0.5718277993396919,0.5923352003598252,0.15560508889704083,0.3075270750257138,0.27071235693323553,0.42461046045862416,0.231951444179506,0.3937077036323933,1.3983662189410615,1.2791980541134644,0.10188728567498165,0.24991307312733854,0.31456346294937637,0.9724565908535094,0.31254585473220836,0.2727439471753485,0.08336390315480557,0.47652237710931766,0.4802913008965692,0.12549881441804198,9.880484428977692,3.1488534281988145,0.6819065777260803,0.8343503467286424,4.603498351549636,8.061629192967153,1.0489533798054125,1.1795095074463169,0.09610563262577303,0.9373010107532668,1
308,0.5232318429508341,0.7318188888587823,0.27801342695541176,0.45924238494829367,0.39222327171090277,0.5809550429727484,0.2808391701659404,0.4859629354722878,0.16176631634314892,0.3834335025347248,0.2723564714115938,0.4163408745287938,0.2696079851225846,0.4731105694144006,0.25505350794489196,0.47872189462257325,0.38662095307892075,0.5855239513064963,0.1293177816365157,0.26649985080548144,0.24967278722655048,0.3938246753256911,0.4157863741361856,0.5201000017044117,0.9011371645318895,1.013212285612134,0.16488090404507239,0.33047507568583356,0.4090849069061138,0.15577270126325982,0.2093401998327391,0.6136273603591708,0.44126061886526696,0.545578590606981,0.3343219969471745,0.1044632815105706,13.533221578183424,2.819054688078458,0.5781925589585168,0.7075382692499933,11.43964340700885,6.576479663768687,0.5865504150428609,0.8855938069059468,0.22153809006398648,0.9273430397090648,1
309,0.4636634704060565,0.7620508237496004,0.26596113368891944,0.47052625073756704,0.3212794313489332,0.463180980994446,0.12959299759119064,0.2703385383314489,0.3266797319339298,0.5407277596499748,0.18752337198898833,0.33731706347618706,0.3878609283379216,0.5962450459725206,0.3568797202339986,0.6650479163199535,0.4673588130591879,0.549645970390463,0.11034803200275292,0.25588160521319003,0.06352034230901583,0.20348322773596925,0.20217293031658637,0.3972366822300696,0.8599926102890572,0.9298944869892621,0.03197885658981418,0.15134785899017422,0.32647969717825187,0.276668960770819,0.16182037164487267,0.35977288368891946,0.06641431520991053,0.321920165175499,0.2982008835783109,0.0950416502685562,19.112234974577927,4.254591271409892,1.1595528036589782,1.4903284805747228,12.556622202595015,4.81048328294967,0.8398464736608076,1.348260568052699,0.18339401614690518,0.5749146837455004,0
310,0.6270649743892055,0.8619024847213286,0.4726817537171677,0.705087881053311,0.7189626388943473,0.7932969905839569,0.2331418099823148,0.4066088624753922,0.29899828872732037,0.4428186108284908,0.6490265515818432,0.6548600959945156,0.3066554845745726,0.45296182306992416,0.3877441049322067,0.5768703480472739,0.5459309675771272,0.6168427296085541,0.2550840676622781,0.38187115102423974,0.5015105505338311,0.5471673647590687,0.5258872041658479,0.6632340873007013,1.5129436624091175,1.4246339006996065,0.06282564989847383,0.20992761397417728,0.5753586166240912,0.7592847317744154,0.4344664963647082,0.4366935219755027,0.5858387371454772,0.30752603654942035,0.507032693503261,0.16545755490258465,15.497670080659644,3.196808045355581,0.9872797947655423,1.4040257380905012,12.211292276514962,7.0255585187415495,0.9725138425995665,1.4533717311037848,0.10471303686811098,0.6096945084410428,1
311,0.300713668595653,0.48024329856165854,0.20725720496601846,0.39041725907687264,0.3636021125092524,0.4614928345211418,0.0452279215396003,0.17570192042998384,0.12690682100800754,0.344053009042481,0.19925718249108404,0.3524227720595557,0.0904661412421775,0.29549717263899866,0.14736493244061638,0.42372183839717353,0.2787123828140771,0.5136286966426412,0.1585886280196488,0.30218810618511893,0.07467546955117421,0.2850168453720357,0.29441503095350247,0.46399461721932594,1.0533214782989033,1.151963741515451,0.0652971976986744,0.20061830762845823,0.47802974227844697,0.03391427225624117,0.36161765695444453,0.9987214857681179,0.007872956059484557,0.24560931296682592,0.24327186943774212,0.09434992865314362,14.561934864559372,1.581296738735692,0.43770978751683387,0.5360542063558318,-3.652883766201358,2.532085335303988,0.4224772661265982,0.8313056914277381,0.3889935414424112,0.6242615147697046,1
312,0.6699301830429053,0.819745127842665,0.47716584575584525,0.589721104485894,0.5015999807682922,0.6613175509493092,0.2833517390052228,0.45408004334708296,0.10420120222580172,0.2652670095568133,0.5454833123444136,0.610384292364547,0.18709388744081612,0.3477344657043923,0.23697904017181626,0.39355839134636117,0.42243763323082933,0.5341696529535901,0.16482638072924294,0.30771271324481764,0.13753906618831452,0.2809085895055303,0.2763376142431786,0.42588656016040294,0.9937085104700543,1.0079152083776162,0.1635352970664324,0.32397306237005996,0.3934690291404305,0.1342802752965295,0.23375799287352955,0.8234978278908576,0.08058768975447846,0.32132571874847465,0.3688706923345118,0.13122576532405406,19.29353645234301,2.957502087529641,0.9064912168905195,1.36259555262431,9.209694429303797,5.807731977924925,1.131455490498004,1.4946003463513633,0.1483022710168666,0.9141365629567759,1
313,0.6653537485224722,0.8393965258559,0.18844931204471527,0.36551804600858806,0.20649256787465062,0.3718619237660742,0.08129670751821139,0.23300490769758078,0.07594490585055207,0.30341272853261514,0.2439508742841435,0.41602086712910274,0.10971884079351261,0.3482345408219318,0.11513897145736933,0.42160674644583684,0.1986335185779081,0.41469781700807073,0.08742062056168966,0.227832702816714,0.08929189829110734,0.2396299844375904,0.27760772598158245,0.5244842670327386,0.7399303459476795,0.7623981244028523,0.031163295276492416,0.17056922211166856,0.26329775049250925,0.058872039217482935,0.07651074357447199,0.6448893572181243,0.19764511843130067,0.36858019883630366,0.2221709523558633,0.08076018123862759,12.395577075215167,2.7423864388645844,0.7030171248792554,1.1236931110856851,19.8251826918864,4.691889463071629,0.5355301019010565,0.6938487150510411,0.2646738142831183,0.9607405462184874,1
314,0.7386299379776665,1.0094614484765194,0.3649108596788759,0.4998262019000588,0.7845120539171421,0.8223228493338213,0.24667465889919168,0.4195538117447485,0.08966585941457612,0.26577226444288143,0.34443897861374795,0.5500164411400081,0.24178062705107592,0.3938273836482283,0.390554339537035,0.6027115178836573,0.38076027991542416,0.5284057642253558,0.2460494678545471,0.39842225905292794,0.19629160143602847,0.4022779749420638,0.18213922952227826,0.3414283247804935,0.7781227257449949,0.7997725960351534,0.06093200068277426,0.18955887211299166,0.4846155540382794,0.11944144660044491,0.18423892694315352,0.051340219809263704,0.34092460850604583,0.49699359073189,0.36039018716038274,0.08995367370222834,17.052626981111043,5.442062109590471,0.6612270825357219,0.809983989782978,17.668431352897944,10.5708322951694,0.5088407129918906,0.95275741215339,0.25940798279683147,0.9710707656860026,1
315,0.6436351289548143,0.8562749916694925,0.3491649224899254,0.5257288228639204,0.48242990705650346,0.7949623047415447,0.1934236432307297,0.3412224368790674,0.19464276395438565,0.37319560437509897,0.27124248349481267,0.4365549318155818,0.2428684470547886,0.4275119666265941,0.22585482971791138,0.3834633564265687,0.4171115766097916,0.5413318728258422,0.25928819326073904,0.39412227078854195,0.2291352762582526,0.45164447483980547,0.4362285623767469,0.5384262641981413,1.7933912349309782,1.4090436180060086,0.06734423844636886,0.20333931373768122,0.3987824744919832,0.12072365600617337,0.33396210237503215,0.9312355311669381,0.2567092514790363,0.5152190688502101,0.4146972291311964,0.186645518546194,21.781546602686827,3.089533379958063,1.0594658474299308,1.6804218575796912,7.278026291402459,7.507079322232109,1.0786907950319418,1.7552741871200541,0.109245122985581,0.3974267898018786,0
316,0.3493150439694058,0.6535947775720496,0.19173934194940184,0.3673444551506409,0.3488673662286722,0.5034290728773655,0.11226274049813688,0.295738125504531,0.0901004445969798,0.2601182116140549,0.21705638030986465,0.3733115111549048,0.10012539015493234,0.27888710021501434,0.08189004004706804,0.26794776755482674,0.27010552559325357,0.43473741260465043,0.08317264777407335,0.21280759549000863,0.09996636909197881,0.2300117610597725,0.3130103976465974,0.4166482642125776,1.0426316640909983,0.9437428940985911,0.0041643128848793875,0.0517878205962434,0.24255736418905668,0.3470876642478917,0.16214944106687587,0.5682682878995882,0.362816238478133,0.3674053736026672,0.23602911891687448,0.08231099365957255,20.081728738455773,3.269797715118518,0.48676217534534816,0.6496522494498187,6.886267333220821,5.681355638602334,0.37138981004062144,0.6849153022577684,0.4072350410637466,0.9699535507714115,1
317,0.5697805835724846,1.1642612035606543,0.3238574809983477,0.6282980423764303,0.5596036221410557,0.7744220992857186,0.1024547900252196,0.2610522740541141,0.24901942377598052,0.46916347946077386,0.4615169088181581,0.5194052185537618,0.25673138794677797,0.44932566294722287,0.3915498296808418,0.6564925642847407,0.5630050204800418,0.7848562775641368,0.12584818653795982,0.2762772451646626,0.18022633550743544,0.35346015137853604,0.5541793383337682,0.7677498376611258,1.0232439487781548,1.1453736900441067,0.1365077349769545,0.3242623983279213,0.3125489172971563,0.3412905470040873,0.17831985390033916,0.7108879032959388,0.5083920340899208,0.4091660144360379,0.39268032796951285,0.09943075671360861,26.36182257677561,2.6183207292743544,0.679892953101358,0.6700184160474144,-1.004875979373964,6.659060354453485,0.7596945847847211,0.9470280139674417,0.26181028361388414,0.9685318029650886,1
318,0.542932482260517,0.7834362062898136,0.35293294557780025,0.5491343000976935,0.6679965306006083,0.7620212092021532,0.12233409306893055,0.2801749538063189,0.30530683153826654,0.46141805528836,0.40286676349467815,0.5015066964414759,0.4859920061454638,0.5797415624869021,0.41496071300050685,0.6879858358709988,0.5686466739736442,0.6676437806547757,0.14818582121135326,0.29885790783420174,0.22225202984034467,0.36215490429580527,0.3149799936644704,0.44033851692852044,0.8111838003674607,0.9463307639824249,0.0216265018373036,0.11677696950884965,0.4575519513431323,0.16371008616320323,0.08825392802838317,0.670932589964521,0.12614039533705018,0.2249746578813989,0.384442656184382,0.09862525650111784,21.62197396988423,3.4931662527705982,0.5680578448128114,0.9158326051587085,19.15643756976862,7.554001090977534,0.642560491418619,1.0972544136328612,0.34162114648081876,0.8904839342791454,1
319,0.30994880672268904,0.49163963144073447,0.1625202058823529,0.31824572527845874,0.10088319327731093,0.2819158028898967,0.39657317226890754,0.466039645451485,1.1017721218487397,0.8586852998651839,0.5447466512605041,0.6291232743413983,0.892224344537815,0.7355776007853511,0.6104748865546219,0.6262548029390218,1.7988004957983192,1.1994972440504235,0.09016579411764707,0.22425251660275233,0.3927306596638656,0.4005058227126926,0.5598996722689076,0.5455132885998766,1.3752391176470589,0.933610934804122,0.7476674033613445,0.49968038039045337,0.1134453781512605,0.4327731092436975,0.5294117647058824,0.5546218487394958,0.6638655462184874,0.40336134453781514,0.6488318946578632,0.18847608860759493,13.56498483564643,5.295869163955248,1.801911314123274,3.217074251473576,3.332881823695598,6.064833303867809,1.9321126978286984,3.725618333911162,0.12236286919831224,0.011551715769548124,0
320,0.863897591187042,1.051086568479381,0.8431090462120151,0.9358485397358056,1.17063962675629,1.3997013579744766,0.23545476651262662,0.4234865252582497,0.09302476753956028,0.2452352384147085,0.5565799315221959,0.661389927193066,0.13381620085888998,0.301414235642524,0.22359194823320733,0.3835445822408617,0.4252370632497783,0.5343502628137994,0.1781367484946086,0.3281842852944844,0.15007505083321665,0.3032958701331135,0.4150654377071372,0.5455950766365841,0.9965185250431781,0.9850371649566048,0.038718120804742566,0.14444759884121844,0.4542781123092004,0.053867338841432105,0.3442094944685618,0.9243336600849554,0.06035569248004481,0.47150259067357514,0.4517046303538921,0.1146818740647132,19.49561241327884,4.38469948725407,0.8567388808415449,1.1692280519919926,13.742116500702128,7.102910339955126,0.7491351903577055,0.9171494657580542,0.18262226847034338,0.8837388801674516,1
321,0.40437211857160826,0.5462306662283464,0.1417925063078922,0.2893952343988468,0.23511322746133537,0.4335631641767667,0.032418862860974895,0.1486416930155618,0.057944562764575214,0.20980474887233963,0.165181066599606,0.3159400579220954,0.052327677731673586,0.2031307796421993,0.15010087317154952,0.35165513208032034,0.4482757320927114,0.4779159640892519,0.19881361947273563,0.3366929547491601,0.02041716040068737,0.11105868593728978,0.2610605629741397,0.3825990651512215,0.7691335495200972,0.8673914482426968,0.0725358603881135,0.20438238445993306,0.46129343224778907,0.5493105327130223,0.19665535018232114,0.8631962781340374,0.0,0.3838383838383838,0.2149633843084071,0.06924321238458499,20.94768257349736,2.6612656278300038,0.6801915030676298,0.7921273588288473,7.546226395798025,2.756035231215933,0.401701657651361,0.5693082497849162,0.41919424340041,0.968813366858626,1
322,0.5850522271046407,0.7352196369589653,0.5030040584668688,0.6402261900191248,0.5609065943298797,0.6648945230372885,0.12472777232901357,0.32905431226743576,0.11880568920944798,0.30976942901455146,0.4146784074357864,0.578302245413407,0.1672678035779725,0.3520472574184794,0.1647845285338308,0.3376987439007386,0.2716381230302829,0.4548968383921506,0.1549594992837392,0.33039650157394895,0.18279434283905785,0.3674728552692029,0.30588880830862514,0.4831513339734718,0.9378205133757537,0.9532185181287838,0.05363283336109538,0.19514684198656557,0.21487823566645567,0.020388446546956724,0.3280474397841223,0.8543158876636573,0.15004830595995602,0.478728720391778,0.3247115143704281,0.09494362484294092,18.523190925224654,3.043065042195225,0.7672464960127002,1.0922482322210987,16.382858087435583,5.055919959964266,0.5329048328734891,0.7347057011862007,0.2657184153472177,0.9646313510760218,1
323,0.8094661445968072,0.8067493958407566,0.7640613093020876,0.799544035584817,1.2159991660356118,1.090739972751834,0.3824118806283258,0.5216191695108365,0.1796553985878019,0.315958035635709,0.566761012996316,0.6602605661035321,0.19433845256856325,0.33223560568508753,0.26748858943921405,0.4033577098386335,0.5296804038579614,0.6123531216574226,0.3153172769647974,0.4330016625874677,0.2568994221756037,0.3778815970701109,0.3388856345681539,0.6041334016688833,1.7606161326749896,1.547541591463995,0.08672019269340975,0.23578747044275636,0.3542263610315186,0.08918338108882522,0.25399099467867375,0.8376483831354892,0.04891526811297585,0.42637126483831356,0.5477357869349746,0.14521760622729366,24.609673837831306,3.708038738592707,0.9345637523539714,1.106551964736319,14.062385941933972,5.652681347661962,1.0178706702993314,1.299081132090317,0.1141777109805529,0.8424266560467277,1
324,0.7347571666579565,0.8820047880885645,0.3936613177946172,0.5744285860384708,0.5972146805853149,0.7703717095764293,0.28084717841651424,0.38705423134172606,0.2756676252939639,0.42753799694732697,0.4210391646198066,0.5288696250381869,0.34011304139012283,0.45985838758157876,0.48240640862294226,0.5628098324547463,0.49974959498301547,0.5740669386143599,0.23941637219754378,0.3802230184083077,0.25146632176639666,0.39046538127740654,0.3690648250849229,0.49450433623207013,1.1779064649594984,1.1138210082129334,0.07436187525476876,0.21812773379636596,0.40747321661876146,0.7717272014632872,0.29918996603083353,0.804912464071074,0.18813692187091716,0.47143977005487325,0.4384051455448132,0.11809393378279502,18.80908606409488,3.196232005356394,0.6855788869220732,0.730300624323462,16.090729412369612,8.673995784889671,0.9524733098964804,2.0963032936119044,0.1109369642944605,0.9237677141096734,1
325,0.1974521261002679,0.42601812129628813,0.10740307439724456,0.2727608654096407,0.2558668818982013,0.3900413106279702,0.09120473092231152,0.24166620507272743,0.18225244592422501,0.3817070419326633,0.31937409739762723,0.42191857466328914,0.2213808711825488,0.4143904556654286,0.3229387913892078,0.5918174376344397,0.24234892732491392,0.4196624887566154,0.03733257990815155,0.146986149148312,0.0377582423268274,0.1637881219175974,0.19581792862610026,0.3327413848819852,0.9154400066972828,0.9490553021689276,0.004214831725985458,0.050618086555201565,0.23551473402219672,0.4014925373134328,0.14328358208955225,0.3184845005740528,0.005243015690776885,0.3632988901645618,0.22362753827292112,0.07852547768762677,16.581143054973044,4.396811058561267,0.9043285382683732,1.373588130666742,15.928266971087707,3.2377304851966944,0.3984012970028435,0.45072680271220306,0.3353597920012235,0.9960255482330832,1
326,0.6233020726758858,0.5639366796134234,0.8933257614817804,0.6177767774132321,0.37295175350762083,0.5610485997749802,0.17702533955788838,0.33434225098705866,0.1705418317351368,0.3357419584527804,0.555458760573332,0.7847294254649538,0.24816019703240133,0.3949953274122426,0.19386842919148076,0.39401828683954154,0.23418131775512263,0.38852455254563706,0.1672798381952155,0.3470119939977808,0.10103595568789744,0.27577731852515563,0.860323968910871,0.5886676374047896,2.3274808972443726,1.332536582040825,0.1143837128293126,0.24468216622173414,0.370142323609569,0.115776723528818,0.25345715150903403,0.9947511860300797,0.14535177147471484,0.2712223680226103,0.5028085597413084,0.1300934595843789,19.540214113162055,3.2959587820206306,0.7041690920133891,1.0705087742142378,11.311380129678598,4.47575122139241,0.5503951106083526,0.9959347213623295,0.31431141315210875,0.47534394560416865,0
327,0.5046173442814357,0.6915165874337212,0.19487516401847813,0.34615476010084284,0.6235131659982741,0.7015364683732844,0.2927954302248845,0.4259257341014535,0.1604564305802325,0.3165004205302663,0.8589073785471344,0.8792290663214417,0.26477787146555665,0.38840090292873597,0.2003798358799939,0.3751937815090184,0.40008788410579216,0.5510217965139163,0.2001814504289558,0.33877503363425404,0.23271406477486167,0.3823999879357661,0.31216314762170666,0.4182854505759615,2.913041053911366,2.197693644706198,0.13618210888877608,0.2882481875030622,0.3396619117721712,0.1122899639575613,0.45494695162190973,0.09787298847657241,0.1844763693588507,0.5125133255495202,0.5210494521948177,0.09968941189098242,17.346481839069074,3.61898698155417,0.6589550704474361,0.7825648199132321,2.4774274290002563,5.411033377392793,0.7257242079575694,0.7711709533794259,0.17833605866904514,0.9801243452293534,1
328,1.1492663666294858,1.3849042418334419,0.6802715055579062,0.8695076878388722,0.6095381474672102,0.7342816298745101,0.21515649536520637,0.4188961630590642,0.3064724237470672,0.4953116405524249,0.5918369135351359,0.6416360119161936,0.3720485613292818,0.5493492174168989,0.5235069156506019,0.6505776597759634,0.6970672934728258,0.7112869102981706,0.35242746086387944,0.43493433499401457,0.33893240924650947,0.4731093464850651,0.5307056877187584,0.6652835044453036,1.4881990418093003,1.426842725420947,0.07123652425093273,0.2109297773266819,0.27185660986961036,0.6772568175699065,0.30901188507250277,0.7689141890072695,0.44128620331551216,0.40424631716604487,0.5661904104745786,0.17539406167782137,25.70361714219901,3.2408901227133278,0.8029016772702188,1.2481520794216074,6.297951051103413,4.823912200755503,1.1050437468203298,1.5899208113923355,0.17849363751003094,0.8171548379021155,1
329,0.228581252969409,0.46384693142374817,0.13628001061715228,0.3228113315308317,0.14015108076792554,0.312293001165084,0.05176377020410142,0.17761321027161586,0.11841423066854122,0.2886767016642835,0.3955264439327096,0.5062639537178615,0.15783605914577978,0.3096050668598811,0.1636177876569545,0.31470649650755467,0.1321472413826538,0.37208149606566376,0.11484651820429534,0.27720647207586435,0.1825251915450623,0.3265015306781216,0.10849501168371552,0.2832502762003871,0.9168447498424394,0.8580107872152938,0.0030789689727056774,0.044321988709748704,0.3285984389392544,0.8947011198914044,0.2675619333882775,0.991467494061182,0.06404227468851505,0.25835070538614435,0.20357916554238897,0.07531257115152858,21.50415040596585,2.3956531813926003,0.7738321851560114,0.849644580732445,13.002221513304416,3.6975648612768723,0.3910806649542575,0.615296520828012,0.4144126738794436,0.97579275198188,1
330,0.6279117219677692,0.6920897050282395,0.2861934010178117,0.4175052059473095,0.39323934961832063,0.47000479902408154,0.05562923155216285,0.20669259363996517,0.18570533435114506,0.46520637653115726,0.802727402374894,0.5074639264542125,0.29736450008481763,0.5496190082101449,0.2923102503816794,0.6567779140306741,0.20750546310432572,0.41482387624379213,0.14030838982188296,0.2767774864346251,0.18711845394402038,0.3080210716128833,0.2813870064461408,0.40862394359097437,1.0543285553859203,1.13725193872638,0.024609891603053435,0.12737703388689234,0.19236641221374046,0.11348600508905853,0.19423240033927056,0.8676844783715013,0.02374893977947413,0.6741306191687871,0.345452782260996,0.09083185616122932,26.900259391493986,2.6516056191800255,1.1057030629639988,1.2801525235679052,15.465590230886573,3.9947228399359,0.45437114986500027,1.1076382237655877,0.3764825482887157,0.25491805639563353,0
331,0.23060001058726934,0.49641082537922876,0.24948740983535717,0.44068588534101155,0.431036844604814,0.5883808282032612,0.13391455559396742,0.2793652801681626,0.12113682693055615,0.29963751241491776,0.2067940368609827,0.3400905488195097,0.15685806896849747,0.327189112776657,0.15440173562075968,0.35704071864731,0.3684472651570805,0.5355055748999759,0.12827559046713624,0.2768491542558052,0.06281433148956397,0.20197944573960705,0.2519408643533123,0.40163063353047357,1.417511840369906,1.4107137383888284,0.02232119584287628,0.12095993455747087,0.3337366578799533,0.25258199732077263,0.12657188539821096,0.426213214640681,0.0028520807225271166,0.2941964478631001,0.2811100411915771,0.10182837842326214,21.16773111793796,3.2104072617220316,0.8071358975213859,0.995635810317709,3.317000019353819,5.024216136837672,0.5756628097728101,1.0376850180631612,0.33495710652239513,0.9081256856292117,1
332,0.49515356532723775,0.6896853354653842,0.27271540776387554,0.40003820509275206,0.4657827369666346,0.6551175766803305,0.41766747694096884,0.46871541556535695,0.5072518804138595,0.7256882694700427,0.30392751323387873,0.43688744901436816,0.6411450824510748,0.819369554089381,0.648430354307026,0.8658784327043065,0.28121739605389795,0.5075419284730458,0.16608007775906322,0.3173845213299982,0.3384290959656721,0.4461531855440437,0.3338499701636189,0.48563652922823525,1.142087338386269,1.088581857398127,0.04059163735162015,0.1578386336404319,0.45203721527109403,0.7867340391401989,0.2916666666666667,0.4344722489573308,0.6192252165543792,0.43294834777029195,0.4324521095060498,0.10659383439227707,14.702910536871256,3.4738879691976523,0.7568326014786785,1.411491145937851,6.13507374387747,3.5970130226710095,0.5864870775804248,0.881346261758306,0.33048543689320387,0.9714554420212496,1
333,0.5994272524332811,0.6600877094023498,0.4933789380080237,0.5371704169532946,0.47299376724228154,0.6347449185937871,0.1559562691086691,0.29456195716268274,0.2963882720041863,0.48170015147567596,0.5156703621140765,0.6475271395765536,0.4659556550497122,0.6034891741346905,0.5302014471306471,0.707975772113314,0.29863618859236,0.49083374514352346,0.1497092495377638,0.32100759562932063,0.21241878035932324,0.3793925694808946,0.2698055441130298,0.423184706039395,1.0607668025815455,1.0126951942800524,0.032406425466596896,0.13802305863700257,0.2549101691958835,0.16225361939647653,0.12670504099075527,0.9930577359148788,0.0017442874585731729,0.20491889063317634,0.3966939252672498,0.0849257835687373,23.19305936838936,2.1824910916148204,0.547015025416026,0.6521768680147205,4.249946096969015,5.023367544793099,0.4747586778042894,0.5990277063725886,0.3606824001661015,0.9910594546267322,1
334,0.36418507263706906,0.5869979771328651,0.16499287266251114,0.341795377813677,1.2213540214985372,0.8891436508705043,0.06981190688207609,0.21795259165559638,0.3889576768858924,0.5642365279208138,0.36468398867828516,0.43637514558310525,0.5320184447271339,0.641034310045345,0.6816874215748633,0.822522264097181,0.5231419935122759,0.5620878476117435,0.09010772929652715,0.2506369555347343,0.0759424723317644,0.21705481832874526,0.15163262269431368,0.30356425141841864,2.473798437348938,1.5234373187082562,0.022852868210151377,0.1171009350482777,0.220200992240173,0.1913242590001272,0.10800152652334309,0.9400839587838697,0.264088538353899,0.41814018572700673,0.5089405377814528,0.10883004284805527,11.743103145402024,2.4909189268457794,0.9597175068504459,1.1969214260369896,18.336448744400673,5.5834812332999375,0.8986943384144859,1.944348083199306,0.15000633472697328,0.2681292517006803,0
335,0.34537189114718886,0.5794819371536485,0.19589977998099722,0.36197152105216185,0.7285506408476887,1.026749000793184,0.07299769752550915,0.21741624747863858,0.4536710743173462,0.6403559455114965,0.3358419686867435,0.46466981143256253,0.5142540201181477,0.682690318160054,0.7801783679101085,0.8449436589102143,0.3916910177221466,0.48893851026337637,0.08432259135787169,0.23046652081584118,0.1740719541454951,0.3069523001603156,0.3065405065063825,0.4280420306544968,1.1179096603048706,1.0668835630874405,0.03873297087619283,0.15393379603241264,0.5164208699962821,0.7682488536373776,0.2633535754120709,0.3727847316891808,0.013673730739042426,0.31573511794109144,0.3957167243890492,0.08663545845185963,16.641587547399336,2.552363877776855,0.6646997833844325,0.8131903386420563,14.548629306718954,3.757471607419328,0.5305252200480105,0.6890283838422702,0.2878253016993679,0.9762669665087141,1
336,0.526042166166125,0.6060731713350407,0.30582540691981736,0.4605208516902357,0.3968578966964249,0.47354700944881567,0.19021559859299791,0.3714511608680347,0.24552730369852305,0.41932805122063255,0.39771317953675894,0.4990201635836815,0.2784489211749701,0.5300477860352832,0.31424328094787507,0.4733211148996102,0.4672728742337598,0.6072373735246278,0.23027426708355617,0.36086640062213093,0.27329106142263543,0.4130514773187045,0.2826471346114288,0.4580469102217746,1.2394612695931213,1.210568627513399,0.19401549672933724,0.34445048743604745,0.16427366602213353,0.12922203480478875,0.22845270909614515,0.8422676595219484,0.1321430040729008,0.3385444522154112,0.3815597041005237,0.1007631874140424,23.49039331871633,2.802221370278496,0.7367284358517396,0.8950374428396493,21.18674956092998,7.573557889150378,0.6656663953947011,1.1122637692492887,0.2570812928501469,0.8864617520085636,1
337,0.47871349100118543,0.5370349899844323,0.1127362946977045,0.28300259008507017,0.3449328930739663,0.46450199383985946,0.2352728679275784,0.4076367445707293,0.08919706247081222,0.24121182115306686,0.16418187744728238,0.29995983473211846,0.13340830432517872,0.2944739177216818,0.23547039440313253,0.3971647653722991,0.2093703034091317,0.3623339803563771,0.15376866206847004,0.29566794552741255,0.17990321618708913,0.32987213569784746,0.12507271250493948,0.27140208880985556,0.9838987815676976,0.9499245878089114,0.002668837787836333,0.03958880143549217,0.3954269497431476,0.8889966591227503,0.18189819305241225,0.447623666343356,1.7961705643567913e-05,0.32781908970075796,0.24632826420514317,0.07347114343192776,21.88374701658845,2.3588319674542118,0.7892024795498821,0.9689159803284451,0.6364316929868001,2.8899994611342827,0.5278698881160983,0.5721867154099499,0.2763972369247331,0.9924886141641579,1
338,0.42688581975175394,0.6741611402815872,0.5250515833783054,0.6121545673925486,0.6282892765785213,0.8388469093304941,0.1661148113194819,0.31818950775426735,0.10924710051268213,0.2640320182845606,0.35610197463572585,0.46105045520386595,0.23432273765515382,0.3620168681928143,0.33356882744198596,0.41618491192117235,0.3615640932271991,0.46886918985381354,0.40513123124662714,0.5077934922256708,0.33107785260388556,0.4428305528652412,0.45501173009983814,0.7929000490369249,1.4449202241635184,1.3186084323805312,0.06978174986508366,0.24255988646288332,0.34181057744198595,0.2674042093901781,0.3773610361575823,0.9243119266055045,0.0742039935240151,0.45223961144090663,0.4176477866056973,0.13363273603280618,23.245397848783668,2.995588537305885,0.8759889998550826,1.1327830575860112,5.696686346430438,6.167473302059182,0.5549542577129716,0.7363784658059743,0.2647970877713361,0.828288469414349,1
339,0.16772526231258986,0.3556143931575978,0.3513342601355515,0.5614292217371141,0.2589705255699322,0.4150615080391613,0.0671398752515917,0.2220186274784128,0.05968184029574863,0.1877607970242687,0.2869594939823372,0.4004293668531855,0.10542962234545082,0.24973805904155702,0.03794489377695626,0.156416007238964,0.12053154323269666,0.26521480507619505,0.042876689792565204,0.160585367532651,0.08099303618812898,0.23056120091860338,0.1390842621893613,0.2914351608925881,1.025159402957486,0.989193649213991,0.0005607006366810433,0.020993150250202375,0.12951324707332101,0.2742657629903471,0.02144177449168207,0.7303347710002054,0.00028753337440952967,0.21852536455124255,0.19602795776193413,0.0828957296253697,26.638465886097645,1.8853833353261757,0.4335034479409051,0.6669623427596196,11.593156749739142,2.831421879589259,0.46909775786511926,0.6991386963888512,0.35572895277207395,0.9404063031052062,1
340,0.5854154996218952,0.7917324049296717,0.2232869081496132,0.36190917623846774,0.317379,0.44978705837218835,0.1454696462102263,0.27717491184517656,0.10704728322959689,0.36209535592861414,0.41134496864638476,0.5207803746307333,0.15789150933628063,0.4366190311198953,0.34463838328194984,0.5879271907371476,0.34815284648944217,0.5144898526545391,0.12949617747658657,0.2660159861668511,0.15169949845849573,0.30708569498451505,0.20777839753359315,0.3746255825447282,0.6756495620964458,0.7942134676613949,0.03349957628991914,0.13947239640927517,0.41766040369961027,0.17101971962073179,0.1634576231749171,0.9956372520504916,0.030132045837938458,0.3945669245535455,0.2741963754871735,0.10524964355522315,22.101799380695585,2.6618536095574616,0.693997614069402,0.9276054708655896,11.306588144858061,4.966168169852058,0.5491359372850094,0.7997331574464632,0.32878224494538694,0.9569336299592139,1
341,0.7175724042697256,0.8265390725114827,0.5434155364639344,0.6273829490438699,0.5601295014537778,0.7478807574948751,0.15565874648504402,0.31326768880651024,0.40742659608874027,0.5672013376670252,0.9156158596805671,0.8404748639655694,0.37832466132950976,0.5466831220624913,0.5157902665790417,0.7618293269636605,0.48874826769426855,0.5660333317514145,0.29605122348349067,0.4128878907601495,0.33532982172302545,0.41628810443188813,0.32501338045166694,0.442671936768608,1.3892556863822838,1.349608648902696,0.06926618098538256,0.20981632408857717,0.3145736248854901,0.4807025929023778,0.14119568247898992,0.8125224041104074,0.005815111323535269,0.408332337595093,0.5069712952193185,0.11599812085898646,22.04543333311639,3.5230166021655847,0.8125726622827776,1.4112600657330157,7.3138274412459525,3.7856879601919324,0.7671947611054875,0.9332785675117693,0.20584772370486656,0.9742318873989831,1
343,0.49053481530805687,0.6391920128965396,0.4697909037914692,0.6010576644364893,0.7691326852132702,0.8646869380322552,0.10008555933649288,0.2614986723305139,0.13353354672985782,0.3459990051523902,0.621096977914692,0.6663240976815986,0.24774733327014214,0.43549198264478145,0.22283344184834122,0.47530906485157787,0.48583828995260664,0.7342354913463893,0.15386591744075828,0.29092604950106826,0.12650528469194314,0.3020032892093285,0.347827076492891,0.5045624139427578,1.8915780898104266,1.632333796245986,0.02926428137440758,0.1412638839671133,0.27165876777251186,0.129478672985782,0.21454976303317536,0.5243127962085308,0.033507109004739334,0.41985781990521326,0.43497387165538254,0.11924057228846321,19.218509757261533,4.128560531373494,0.905139642589628,1.2022114456565447,14.328026846466344,5.4573409053899935,0.638491397819065,0.9521943816095689,0.19448913088314151,0.8338186131780438,1
344,0.5424793403487673,0.8510116352203679,0.7186919717378232,0.6666898847694589,1.472862173782321,1.3979941867328864,0.22583498857486473,0.4627845500667705,0.5573731401082381,0.4856381088048825,0.4910865965123271,0.6809825572251181,0.7990375580276607,0.562946325474991,0.40650096632591703,0.41110667397939793,0.8905984449789538,0.6421084994927841,0.19112063860493084,0.34547427414486725,0.20789648286229706,0.3635165596574905,0.45034340950090196,0.5897783942530892,1.9034145093205053,1.2100529880567668,0.0575860234515935,0.18933336670384956,0.645219482862297,0.607937462417318,0.34034876728803365,0.7763078773301263,0.16957306073361395,0.1455201443174985,0.6367733031526501,0.20437731416537733,16.12868268546854,3.1789080005796406,1.0149381900290884,1.512687897209266,19.52873513357236,4.594008433214691,2.0243252765166457,3.2812675326074388,0.07807807807807808,0.05088941866862278,0
345,0.5060052714453583,0.7715983484694549,0.3151110321190756,0.5254476279137754,0.5677343754624189,0.6575106502438628,0.13157861700831264,0.298923296015384,0.4165633829481656,0.4757226333070349,0.44612607681594635,0.5584904767909097,0.49119565665665665,0.5065517197850794,0.6056184645079863,0.649793122645611,0.3512358498933716,0.47013787224655185,0.1412369311050181,0.3001768250282583,0.39673643465204333,0.5985999852996269,0.2771012369325847,0.40967684541128074,1.1100908619924272,1.046821761129366,0.04132605401053227,0.16594721604015536,0.4236410323366845,0.9496017756887322,0.3175349262305784,0.584062323192758,0.030334682508595553,0.3262392827610219,0.41411858896784987,0.10424384088987265,11.605625263811552,3.7653013361650274,0.784201339304928,0.948596492325504,14.529716735468753,5.731663126779094,0.747197685547442,0.8992154019550178,0.1975085910652921,0.973199540963417,1
346,0.7032903927206977,0.8497503039985417,0.5348469114876491,0.6435225009746592,0.8294295434395872,0.8854271641344335,0.45761423036542337,0.6052601095044248,0.30081458916853804,0.46906645488987536,0.5275098186298814,0.6012129837640747,0.35703345390650065,0.4962615682350215,0.31023063653066585,0.49672231151565477,0.5436162776400595,0.6361320775510735,0.16543341453527372,0.318272743341473,0.10536765924932193,0.25084985631765855,0.32063971273586284,0.457869266756953,1.2071853773221735,1.2185189001453105,0.022427293242730906,0.12010306701580817,0.5857272011432237,0.34984980606025257,0.30412085508472103,0.4660678351657966,0.01551517979526962,0.4406369389600163,0.45610280792674035,0.10501600752241518,11.568256059675466,4.529896823240773,0.9020649037846958,1.1192739395862978,15.4733202797871,7.888345509422555,0.954079897116037,1.260773246026726,0.1613349951530259,0.9684726465880984,1
347,0.4176822793143186,0.5144898970478541,0.45712611639297035,0.5314674987385574,0.9518428718668971,1.070181223880003,0.513595430207433,0.5414037592678016,0.06190381201382887,0.19422176283300874,0.767233385119562,0.7549541801937527,0.09180005927686545,0.27024866957990057,0.5096715601411698,0.5343843888603808,0.5867989581532699,0.6364132447136363,0.11105116774704696,0.24651979549609326,0.09984323681936041,0.22607065253116204,0.7160015576923077,0.7703103997140583,3.1039552439498705,2.1976594702123715,0.035621063526361275,0.17398272098539555,0.7335061941803515,0.3985883030826851,0.18431287813310285,0.9885479688850476,0.0025929127052722557,0.4923653125900317,0.6017233387300901,0.08631869739969747,15.576660855109813,2.3064914807679258,0.47909693421586597,0.5747264874197873,-14.887859402907539,7.593942750136474,0.37381992302546446,0.7716664049370046,0.4506911122251665,0.759610493423443,1
348,0.37968705872217245,0.5073282891302924,0.2621875500034461,0.3628946832564132,0.1717106151354332,0.3308976944671778,0.05775527383003653,0.20060311740082631,0.025588838927562203,0.12683304024594946,0.6031814890068232,0.9779172706739818,0.02919659011647943,0.14217355916456034,0.006670849748432009,0.08413925927368449,0.23761935336687573,0.4416855975924686,0.0461158561582466,0.17178390423276518,0.06404138707009442,0.1956272412858651,0.26976693342063546,0.3958402459869154,1.1120413755599974,1.497648544562062,0.11817875504859053,0.30359981747157117,0.299331449445172,0.7777930939416914,0.6759942104900407,0.838100489351437,0.1616238196981184,0.2148321731339169,0.24169585186534465,0.07370206956752924,15.668682117981868,2.220213216485475,0.6140811295127119,0.743072836268706,4.29600174895139,3.438896841482959,0.4274217416009197,0.7283688247005532,0.2846338948092128,0.6733537188040524,1
349,0.4284708659707223,0.5309139713302246,0.16163717986561074,0.31466768209583396,0.36088194192464607,0.5423692024117155,0.15843833009359254,0.2888795933241003,0.05089186285097192,0.17349575192223707,0.4875553554115671,0.5522775074796648,0.1863979515238781,0.3348302446910065,0.09224232541396687,0.24881354327984684,0.3054694558435325,0.4611667347595825,0.131781505399568,0.2956048281626949,0.2725693072954164,0.4048232724785237,0.26853352123830093,0.3724034646734902,0.5711599452843773,0.7315603190108102,0.009853469522438206,0.08221559707611545,0.16378689704823615,0.07379409647228222,0.1039116870650348,0.9851211903047756,0.014758819294456443,0.15598752099832014,0.24899164411704205,0.09554064003703004,20.261636144368182,2.5382226245416337,0.8182319888212212,0.9495819933307034,15.261558943145147,3.0260949463442497,0.5891944467632222,1.4893134298972803,0.38328560822992896,0.24848999881210196,0
350,0.8625246545706922,0.9106902708273394,0.4621196533148259,0.5988098783797632,0.5927343201136889,0.7006815288315255,0.12307280897613854,0.28629210225338275,0.2637371820345033,0.4064580837510437,0.39631576693766934,0.4980116564123147,0.3928807106219843,0.5070733785854042,0.34354058748099675,0.5047608903191885,0.4535820575715513,0.5647405175217904,0.08586141205631569,0.23378720902424827,0.20014990409147995,0.35873925442819726,0.5396187691850088,0.6035588392492509,1.3245286377156456,1.288828523944256,0.01377188921938,0.0884031955806912,0.23597065238945072,0.24780223411990218,0.22136294533677045,0.25454425275960074,0.002776125322228832,0.5640161279661577,0.43245988242070577,0.1664160388919317,15.348687786929938,5.944461680517169,1.7979352898895755,2.366581768864666,5.074485543995819,3.7422574812242066,0.7317616522886637,0.9518432298283728,0.12669354305729957,0.5719523719523719,0
351,0.41605378037898993,0.6539720278504322,0.28220331528838194,0.46357864250613984,0.29152120103946283,0.4472103372256233,0.07353494917670868,0.2306494637900297,0.2269680264465091,0.39742754894241744,0.2870848065955294,0.4299761449590464,0.281179626621286,0.4338202069346501,0.3190318865789715,0.5278803737374597,0.3882893690552847,0.4939492977042453,0.1319151659001012,0.28778536187295517,0.21248378727807926,0.3429451134954853,0.34097517523686877,0.6629898634061786,1.4825550321037624,1.2791159070899767,0.052006529252138715,0.18178956086006556,0.47787692024652745,0.2640051513200258,0.11530677950510533,0.914865237788612,0.05749241100174777,0.35369331248275226,0.34184304649657676,0.09305130107696453,10.235919267367477,3.3744553352919486,0.6851804866463007,0.9570773909337513,18.643217124649478,5.584641040135604,0.7289673991291521,1.0765575449249523,0.218139598415517,0.9480294499783456,1
352,0.30190080017849175,0.47868598210231167,0.3271759606871932,0.47148195753340805,0.23478052565818833,0.37795925789050555,0.0674882829986613,0.20537900151549132,0.2063794506916555,0.3773525753998999,0.26413357193217313,0.39443691057587643,0.25308609736724674,0.42004489925499355,0.3538984936635431,0.53319430221199,0.2383453479696564,0.38505111282654314,0.17713443565372602,0.3320968487820895,0.25511638688085675,0.4105684348649643,0.32069334725568943,0.4418429255071359,1.0115702927264614,1.0238756410771472,0.011173037081659974,0.0813724473648331,0.4301651048639,0.7425256581883088,0.24917447568049977,0.9895136099955377,0.0004908522980812137,0.4062918340026774,0.28734828791037165,0.09527911093119473,11.491521051208844,4.4072569331027385,0.9558150599505797,1.37393956354015,11.151834060178393,3.397014204732696,0.7882929634906325,1.0296696330335338,0.13032870514128556,0.986466736817491,1
353,0.3889748868421053,0.5441256828746976,0.1330936943062201,0.27864529246720454,0.5141669665550239,0.6777164846275036,0.24425508311004787,0.38491176952230705,0.10590486258373205,0.3027099205776052,0.37356648397129183,0.4617885256755354,0.2243882124401914,0.4099332106875414,0.18799335583732057,0.4657449907293602,0.33678843181818185,0.49929294364419335,0.10097592210526316,0.2380727320691901,0.11335778153110049,0.28553445901772706,0.4288902648325359,0.5618383207652834,1.2437083519138756,1.1239374432771376,0.03485287153110048,0.1418416534000375,0.3799521531100479,0.08186602870813398,0.10291866028708134,0.9180382775119618,0.00023923444976076556,0.365311004784689,0.3164940835269993,0.09023726560054138,19.648999959560644,3.4034795413296792,0.8853028412744043,1.2973875893906277,8.883804562643748,4.537400782218064,0.5566452031177639,0.9146865268146207,0.29069100640351714,0.8869572591587517,1
354,0.20229226808834733,0.39981893960257187,0.15815976331360948,0.3604977321472237,0.33858387837600323,0.5331162629396561,0.010706985939422344,0.07934837114052905,0.048043564590778604,0.1902997279759669,0.4481270388423458,0.5428587147752936,0.11107552381510341,0.30543568394654363,0.13547903796355965,0.33595903795197396,0.33745736293866074,0.551133288686492,0.0441481355674029,0.15782213082444657,0.07251377110551292,0.27134156980970636,0.3080769878727518,0.4615800102871596,0.843336070595817,0.9458378003705263,0.00408403315952897,0.048021071465680625,0.3092155369383092,0.030640342140722948,0.060519069658445133,0.9231940945573848,0.0016989864666940068,0.465815220575312,0.21872031586920315,0.07131979682111889,19.827897178728747,2.9206920438537383,0.6390228784638406,0.8844881875347442,5.2950544721009205,5.171119229563402,0.4610185321305405,0.4975155307852403,0.19755469755469757,0.987306907045726,1
355,0.44867545510608203,0.5924937057907876,0.2722295917397454,0.39647459376094685,0.7222260152192361,0.6912819565128449,0.10374543247524752,0.24773866893097313,0.09559156158415842,0.2444846648720697,0.562745082602546,0.665312251953437,0.1455237124752475,0.28920414751359647,0.17001320746817541,0.3299814788258518,0.21464372854314004,0.358511291045353,0.2865578304384724,0.38834057080230827,0.0771850569165488,0.21848709434701297,0.2630604755304102,0.4270404199119381,0.8542115051768034,0.831461513622713,0.03839443190947666,0.15048725223780066,0.19954738330975955,0.011089108910891089,0.26975954738330976,0.7936633663366337,0.18359264497878358,0.4241018387553041,0.3039145062275207,0.10294111373850208,14.723344487442114,2.8889983248133384,0.9157911195658719,1.010807977849023,18.04289306288912,6.033081351633733,0.6615850675780924,0.8013275586871994,0.16250961432809582,0.8905740539472383,1
356,0.6285545696750632,0.8493126770803378,0.5459967665574759,0.6032232078622317,0.626403699310968,0.6004125452482816,0.081068657893746,0.2249057213017554,0.17499239862193608,0.3296972123557647,0.5716441255318347,0.6110624381884019,0.20806155819119695,0.369690778282853,0.23286035551037315,0.40130614425151195,0.33536399337324446,0.48877102883212425,0.21945295496818407,0.3461322885023807,0.060488166271320455,0.2008580098985808,0.49920173417673863,0.5965551628944277,1.58916024063406,1.2630328798355068,0.03325124232840092,0.14209881467025387,0.3699687488233744,0.10704469294777665,0.10629165254715915,0.2533227907677247,0.03976053315260364,0.2861553522346474,0.41475003307461017,0.10754592751713231,20.72256181760484,3.0272808858304727,1.0776337752735157,1.3715209592010615,7.20844920286502,4.214489504338386,0.7264082441184642,0.7632037180281337,0.12534254288824656,0.9297442705422023,1
357,0.7470498467889909,1.0730826542716416,0.5816087776376146,0.8264103855498803,0.7297518604357798,0.80702931913469,0.3236825402522936,0.4372614551541697,0.15562746123853213,0.34910819592877984,0.3730398194954128,0.49230747739165026,0.18924783474770643,0.36534581114071635,0.3537923694954129,0.5637326724995949,0.4569022391055046,0.5582274918150898,0.2902795649082569,0.43022763883854487,0.15735506720183487,0.3254832835451752,0.45861489965596336,0.6194153159417013,1.2299123443807338,1.1636811140455798,0.06668079013761469,0.2453947031504682,0.5857798165137614,0.5630733944954128,0.4994266055045872,0.857454128440367,0.6456422018348624,0.40905963302752296,0.43668181539154655,0.11231002967247226,14.368505133144009,3.20080486231977,0.74622255498813,1.0196730235910836,14.919453873502446,7.662594505931532,0.7313892793892527,1.710524418350739,0.2181262951248773,0.7246726118743473,1
358,0.22878262875696798,0.513133341188821,0.31495860571231543,0.5586672280199768,0.4322132223435435,0.5280735280783164,0.06203636710533878,0.2019906366575207,0.2387945572668238,0.4856742186917854,0.24273119780472385,0.40641919724711056,0.33293812275156603,0.565797756016227,0.20383771036147347,0.471035298270308,0.4015956946152521,0.6863445463628409,0.04872384897419689,0.16809972679844487,0.08710196620883857,0.2914490327805293,0.3816766768001839,0.6083376120442664,0.7180011880926384,0.824758731584682,0.03430089115568071,0.17941410603297636,0.36836963392908456,0.05028446640997644,0.08465030745359461,0.7050169530486754,0.0004022757312798115,0.5288776507097294,0.2662637627106817,0.0767524316584565,15.436104238060228,4.815522398924195,0.5026237311731662,0.7616184849583296,13.740681846501205,5.519999137792509,0.3812682909131448,0.7074569447392031,0.47010181695449177,0.9081352676887198,1
359,0.8805645844127008,1.0998812289105644,0.7552250576197174,0.7547431908657118,1.2101789837169714,1.072712487184427,0.3034793835763452,0.4393647493730857,0.12793054722078306,0.2743256695915063,0.6788369935608023,0.7333846803282223,0.14772020594330548,0.2910477825951017,0.17199974635482201,0.35356511918108513,0.28358741862186365,0.43070988177474356,0.09043281174598476,0.22923059552825534,0.17618592783657758,0.31114307808408986,0.3364797496484346,0.4988940704552434,1.1061659517430242,1.1248277528777224,0.05459983221079121,0.231471052207029,0.4338686995781215,0.9315742728147436,0.1726001036192732,0.6953593368366516,0.05428909777218563,0.42887277033528237,0.45167051387229457,0.11767578030579391,14.108558610623943,3.5417259122065117,0.8005384332360714,0.9568827349467353,21.573102673692595,8.668966253027456,1.5204715969213147,1.6597481573986808,0.0661189358372457,0.8948794015219915,1
360,0.4049653522654755,0.5526050388546571,0.38002924521378434,0.5845114233128028,0.6853890574345883,0.7992081582574002,0.12695266919272497,0.3182395821324264,0.2247818857689853,0.37401775792904196,0.28461095046266754,0.41820042969957627,0.31875225175494576,0.46690676364289196,0.31069265244097,0.4702927851138733,0.3419991239629866,0.4690030302872753,0.17129723205169112,0.3339291669190503,0.18213102217613275,0.35797102077473475,0.2690955238513083,0.43122585832052646,1.3557024965698787,1.5274641234455637,0.057977383375877475,0.18992681109638182,0.3000159540523293,0.3686981493299298,0.15443522654754308,0.26308232291001915,0.0311104020421187,0.3612795149968092,0.36531263189442975,0.09866381845119379,12.137315974242568,2.6363994467088654,0.5218355155321815,0.75263212875945,18.213819115900456,6.279590888209446,0.7391717286710341,0.8004386558353912,0.1994718036352338,0.9657938550022703,1
361,0.1052784750492624,0.28153421697380926,0.18765161005485434,0.3979823412670325,0.26562883383927144,0.44314139518696294,0.013142235500878733,0.08890945438135289,0.006316297385098792,0.07061527464728128,0.20762325648399638,0.3475050452853415,0.016842464397933646,0.10714422985346517,0.054234863077168884,0.18321499429707305,0.10947603301911914,0.28363648028365807,0.1424690175214358,0.36961299028834754,0.05961104452255419,0.21346985651091538,0.10376674719071205,0.2533523167886743,0.8930977896895138,0.9474553355752287,0.015478967779730521,0.09463642087810008,0.24045374660488897,0.019119135112105234,0.09479682590403153,0.41231293603877084,0.0,0.27224796293337594,0.15575840253653786,0.07165185261199708,24.14321447600326,2.2090903951993477,0.6637207718115625,0.8731790059285314,7.365105675587875,3.47213120414824,0.6483687956248964,0.7713518012444393,0.2541092611309112,0.9757182416060921,1
362,0.5189796138882339,0.771562572568259,0.24498999717047867,0.3787196700214659,0.5818466114713511,0.652187942921232,0.08744941476066966,0.24157527393614547,0.05366319164112237,0.20876725091577483,0.1908505606578637,0.3376702758600888,0.1315117665644895,0.32017847923372006,0.2243081461329875,0.44828510032208396,0.2832982095614242,0.42474861228756666,0.09957638569912756,0.2492743861708622,0.01137369794859703,0.08176023989198263,0.23901963328224476,0.381255768871301,0.6923034585003537,0.7754693102718901,0.04399219340957321,0.1647552418803639,0.23691346380570621,0.02935628389530771,0.11270926668238623,0.32091487856637585,0.703489742985145,0.26839188870549396,0.24308306290632262,0.07734715910679546,15.213170306736014,2.391466455907438,0.5857474989352933,0.8159952085938219,6.652996217908957,4.508378596717338,0.35317262341846367,0.4267077434332232,0.45113347212583854,0.9702616224355355,1
363,0.5156240192661811,0.629064914901686,0.3166094728322111,0.4608361414913665,0.4975338374879758,0.5789679047102461,0.09269253522055791,0.2315156516800595,0.04840376688195685,0.19732372752619687,0.32227152073656723,0.47349712408441896,0.049634851642160235,0.1926350623599391,0.16087739969767761,0.3497431843527803,0.2937146609042188,0.4478008065317592,0.27035572310017864,0.3738819104660339,0.20569935935138106,0.334081295632227,0.41175260013741927,0.5233551054850869,1.058429487618524,1.0928583202986484,0.035109138188814074,0.1441020075460002,0.4299024323210114,0.08047272227566304,0.10218496633227979,0.9853236223718566,0.00038477394530713203,0.488085749622097,0.3056220266475589,0.08940139564879382,22.61800341374161,2.5881048057591967,0.5390369615969782,0.7251238957077276,10.81886900185438,5.343877192553013,0.48327641457173937,0.8092174804032939,0.35291054593290944,0.9902301660600134,1
364,0.34919291219446624,0.5378136239347746,0.4133139946237591,0.5613700331254918,0.4728076390238283,0.6355910206102623,0.03997963069065494,0.1694608144136198,0.12994277390987116,0.28761614875718167,0.38435541037998505,0.5343841355533311,0.17006247531729418,0.3383507267794876,0.36783536719725046,0.5208170837814206,0.3028336222614773,0.4543268376209819,0.2942359281503812,0.43724330608573503,0.34899441566022155,0.4885129839628502,0.2918140641308731,0.4428933118009871,1.5946953647395403,1.5438581902965223,0.0847238619842169,0.2273091873598788,0.333845356271961,0.8263666212246309,0.39467368138092584,0.7558610625756034,0.00587546322075229,0.523530654173307,0.37462767573313,0.11322190700707703,23.786350695950183,2.372415029509504,0.4931357606828265,0.49208709250628124,6.691560931334839,5.818794190850593,0.8070637476731194,0.8291036555767228,0.146168766359716,0.9872022751510844,1
365,0.40575316013989865,0.5710819577171571,0.35541823595505617,0.47123033759955124,0.5113897699383124,0.5803731215216318,0.17507790476977306,0.31569637060595945,0.05233815344789601,0.18879649397445755,0.4059808130920908,0.5056603741871935,0.10773162389843578,0.268491204314481,0.09496971034368804,0.2606280423395338,0.29673282044503196,0.43600980454987065,0.11241024895351398,0.2781810124349048,0.022410639788499668,0.12197506945344773,0.31982277522582064,0.4580601196612461,1.2964729437376075,1.073011739032847,0.012571593467724167,0.08581982408665524,0.4310696188587795,0.06614893148270544,0.18407138136153336,0.9946298744216788,0.24077439964749944,0.4776382463097599,0.29779145665738205,0.0904494938743474,17.6356003979287,3.472297232500509,1.0650759898788609,1.295290009305492,9.23670908769869,3.348258423826858,0.4788557259652904,0.7070880217910342,0.34158361625232725,0.8766141637609716,1
366,0.4876588153706427,0.7032560328337892,0.29022748962027506,0.492334945828644,0.36882764713260097,0.473360072860921,0.19595288789897067,0.419458024811555,0.2742630903468558,0.44218054588424316,0.498864908528674,0.572954198640782,0.3410669100423839,0.480146486508952,0.40137791553498836,0.5708849985372112,0.2743947121356284,0.3873632629426095,0.31906074699420467,0.43446925686103116,0.3091781219185192,0.4326623635429536,0.4006892399878903,0.4789371960558042,1.0836300403079318,0.9710669614815218,0.0013711005535853298,0.028766760182640547,0.3330161750713606,0.6867053023094888,0.33401089871118417,0.6533604359484474,0.010941960038058992,0.25707118761352826,0.3747545447409394,0.13339953210439487,10.14252594225108,2.329025219789423,0.7409778405187626,0.8789546609330348,26.718063926493485,5.104810320704105,1.0215654071162843,1.3531742135311344,0.1271453893043967,0.5873052148667292,0
367,0.6719924418433421,1.0656992798149152,0.2900239356822661,0.49274024890397644,0.5013664954847652,0.5683463181634042,0.08545368282911406,0.2275268791372784,0.2258310882907075,0.4612654210408659,0.40899772087835934,0.5096422671872743,0.27035000288022176,0.43262957173063504,0.3542140905212552,0.6021351156557452,0.4007590138380579,0.501589101494038,0.1989196546982264,0.3915802597566976,0.11424056406869221,0.2551758269782361,0.3382141962448838,0.4805012921894312,0.8993532133962794,0.9164718583402309,0.08382484375338371,0.23158350332006858,0.626524027113065,0.052926781731164864,0.3674123481386838,0.9283842605626178,0.022023951317755593,0.34517183879420493,0.3459672103149682,0.09789621358343233,20.652096649486857,2.3297679181958157,0.5695441813289597,0.6994090227106149,14.590557144569997,6.545046389187603,0.7103183186201681,0.7721688143106855,0.17904574520413183,0.9481525221262964,1
368,0.3419259951783992,0.5406531809373545,0.24660109430036037,0.45441540745123615,0.558582577221743,0.7148846811359993,0.11092421009490941,0.2557358634782438,0.2447088710856215,0.3991930939860512,0.2424962079378775,0.3874940639257843,0.37333706509161046,0.49866148653613507,0.3722540247424251,0.5257635272029126,0.4147586745165711,0.48045868993537716,0.09885346731462213,0.23620121341741881,0.237824727325788,0.3566742948873598,0.2906982859463026,0.4405863778332456,1.3775273696898949,1.3704930700349651,0.0778145747094351,0.219821592836872,0.33799421407907426,0.2708978328173375,0.11312998020606,0.40605491549510225,0.016469573161447496,0.3675328630157844,0.35630765322539715,0.09981984188554752,16.3928115333664,3.0417704150328864,0.9559574679400987,1.0743761956827478,17.260024087409384,5.196805972683759,0.6345944615472017,0.7241282505415887,0.21667721118562572,0.9713207856644934,1
369,0.524231585367519,0.6927193824025293,0.24272811594004987,0.3779241341158503,0.6279427704072923,0.8938622855954803,0.336051601140282,0.4465197773524152,0.1443698278310744,0.3045933423449152,0.20166253289406302,0.3471108402599834,0.10575272145027481,0.2540725821631369,0.25200553634222117,0.4361877466134538,0.24242133539312416,0.4221423715176395,0.1867215158922536,0.31741244382590206,0.2285403226588372,0.34875627702449585,0.20557412068553482,0.35693283302187684,0.5994953848622444,0.6644075594928504,0.00556169065583285,0.06236396076720776,0.4236113481956915,0.9785258270458502,0.3065105322453996,0.4300297019562323,0.011027278003482298,0.4140862380936124,0.2787899329657574,0.09023170854752963,6.495247375405556,2.7667548326281994,0.7089799468982022,0.9448487355299475,13.377225380072215,4.351273698796903,0.7828520014997243,0.8941867025147616,0.1208593254828702,0.9523946728134204,1
370,0.7310066277555852,1.3313063092328794,0.3239967551117029,0.6429865918892705,0.49731334170735314,0.6148277523852713,0.1567236280810771,0.3530754097801476,0.29990361807959764,0.4727453557991185,0.673316586210978,0.7080817516876892,0.29901658266015685,0.45769286305581475,0.4361202964935642,0.5955771808688297,0.3685494780292943,0.5080994996265247,0.2831028821127386,0.42594342920225553,0.19798150788578192,0.35303597681910515,0.7295568524929724,1.3953306535479235,1.1312251415594021,1.2384045646646638,0.157852263027075,0.34503372825398304,0.3809439266163634,0.7299304630862553,0.3266459535434236,0.8589140405385413,0.0002663115845539281,0.33525669477733394,0.44897611151480565,0.0952305544221713,21.5451292502756,2.992187494517851,0.584627023479043,0.7871328649386251,13.242867715192506,10.859367823198285,0.7693399438690905,0.8724328323702453,0.16593774118857732,0.9538267791811447,1
371,0.29498604776703496,0.5877728722116958,0.3024496502455495,0.4906658257951434,0.6571937967311233,0.7652367196277389,0.1135428324508901,0.2794926089936696,0.21127422103284224,0.4431486568603403,0.3533901913367096,0.44124206303738545,0.2914717982274402,0.46992706911727156,0.30175933003376304,0.6025478457761652,0.21811113455340697,0.3982497772462756,0.06943833693984039,0.2055774007855129,0.043960056131062,0.17126310291652685,0.2022638791436464,0.4256069716968776,0.8088373323357887,0.9214791452463986,0.05709098699355433,0.21983884606827847,0.5654158993247391,0.1820902394106814,0.37054941682013504,0.9713014119091468,0.006292203806015961,0.5349140577041129,0.280412113851618,0.07890165125437812,16.25691940004322,3.1614886879337902,0.7044604561643221,0.8018882994680563,16.525187580066866,6.656670249266909,0.48863093844435923,0.7212840731230005,0.311689293953031,0.9620314860847102,1
372,0.7175333444924683,0.8187435170535367,0.5608949247333828,0.7574188659259479,0.4949621689982353,0.565671813880865,0.4734531124012173,0.5597067039841235,0.29918266970154217,0.46650887150595577,0.3843383511674893,0.5228578624266036,0.3653349683128309,0.5223948126878897,0.3304459031226823,0.4563628382393378,0.5271211869517403,0.5758812688724403,0.23638158123833153,0.3481815756496483,0.2925201138589806,0.3952680544990887,0.2976920979003095,0.4512861243872722,1.1550511681286924,1.1796248435997365,0.09587693539807166,0.23843637290230849,0.28329198741720163,0.5807012608373188,0.18889542466944578,0.5370195135674279,0.054295286565560985,0.537684458198,0.44505632331471245,0.12243748476799414,9.416197294242789,4.536103008050418,1.1600371290213694,1.7060760039091198,16.09040795260574,7.003537042676516,0.887235507928895,1.0145309345700972,0.12809312429165093,0.9086885679055839,1
373,0.7674048873020716,0.8306803204464555,0.44437830506641524,0.5255158989945741,0.39183394844846237,0.5008778608364022,0.221418203793572,0.34884187466631095,0.2000217985912759,0.3967818999998442,0.31091545093036793,0.45578063849597655,0.25548052336319016,0.42146860320331864,0.39900039158647843,0.6091984811420474,0.47271711852139436,0.6397996758749862,0.18018099914034552,0.333479416070236,0.18093391009678045,0.38613099847907817,0.3396795546157899,0.5262138222997947,1.326392485205624,1.3382448861448468,0.06951318147028646,0.20961004763046917,0.46146806799589585,0.14888660880175258,0.15931338565208952,0.9454258062727046,0.0034663486869471174,0.4390338592939741,0.397133625580861,0.11509200616036763,14.96436889657614,4.794409952054217,0.7949760286878794,1.3249390333585462,13.93734980745387,6.658973763396373,0.8355849584851781,1.0416925538914468,0.1793495847265667,0.96818704821129,1
374,0.5469472532797292,0.743942236242933,0.4227468593948371,0.5953601611167596,0.4800415743757934,0.5632537666805738,0.14533474859818027,0.319157660821996,0.19472610460749046,0.3912713202810246,0.2777861100560728,0.4365618431588859,0.2866559563055438,0.456235111161178,0.39806142501586966,0.6289325758704432,0.4291292341567922,0.5806523690196639,0.22806666380131185,0.36766773107305206,0.07774932606855692,0.24446757530788868,0.29979299590033853,0.4231177615374942,1.2085992768197207,1.1475433482392925,0.04604820072471434,0.1652739562166208,0.4631823952602624,0.20455988150655946,0.11814959796868388,0.9510421074904782,0.0006612357173085061,0.5555966991112992,0.36012040922178223,0.09743088456030441,13.389175753727784,2.747696126061211,0.685749946808898,0.8040207043027267,15.740222848235675,4.071692488717766,0.5707243549112384,0.717596994514942,0.24994075361402954,0.9816296066198994,1
375,0.46671227642633234,0.6469730709713855,0.37971734764890286,0.5397409181409912,0.6736183926645767,0.7742457779167098,0.2851069849529781,0.43932887829746375,0.33957114915360503,0.48753393679134077,0.5460957534796237,0.6229004298620961,0.4080204300940439,0.5387539659742931,0.2785245640752351,0.46756662393139625,0.32001193442006265,0.4907947190903005,0.16497215297805642,0.31037955186955535,0.10334112438871472,0.28012181802249764,0.4657687840125392,0.5999560417810639,0.7408781606269592,0.8374965498096353,0.08588286570532913,0.23764323858418626,0.39517241379310347,0.2626959247648903,0.27322884012539184,0.9180564263322885,0.022758620689655173,0.38727272727272727,0.3755872800447828,0.09732263314762234,15.532127640711733,5.718508059659449,0.829253212202123,0.9260820802675105,13.010139449083903,9.245917844601253,0.7430584158546653,1.1490353813572278,0.22808255424237078,0.8937182514130356,1
376,0.3964053022140836,0.7414986214318898,0.3946184880972199,0.5368908046616823,0.5185188439487265,0.6098835691294602,0.10340781288496755,0.2751232736673444,0.21371766832029299,0.4069183625530152,0.20503776027967371,0.36618467575720376,0.2317639271516564,0.4319945534197046,0.2780159259863493,0.5305071447903171,0.4040281921425004,0.5293004200920394,0.24112140006658897,0.3886377370587662,0.13624979304145163,0.28292950460443084,0.3068055888130514,0.4303138451792267,1.02271063752289,1.1800196142492512,0.12122351782919927,0.28074766154230674,0.4160146495754953,0.14270018311969368,0.12881638088896288,0.8248043948726486,0.028500083236224404,0.42064258365240553,0.3266874898784751,0.09737152853432778,12.487277900920786,3.665213691309252,0.839696437740863,0.9512446044901105,10.178408466697302,5.577076936088632,0.6883982733518486,0.7942978359994827,0.22837530114517673,0.9818341349278565,1
377,0.49522316790751814,0.5853774623796658,0.42539894027668734,0.5320909796516161,0.7440150742345073,0.8476113403055219,0.215087958253242,0.38515113887088304,0.17755675117091263,0.39186165477031787,0.409137401169559,0.5194016040093229,0.24893025234859356,0.4454287984802403,0.2412206898502856,0.49604589046555,0.33164818564041476,0.4799670297273981,0.12016038059398436,0.2671548844382145,0.147254380079595,0.30474048251448466,0.28927877545550534,0.4447091244916998,1.3496450918861846,1.27462770599463,0.007133069605003114,0.06515796246076945,0.40041151149254134,0.15978558085388636,0.2795029374340093,0.9933670844952216,0.00018951187156509734,0.6142891951160083,0.37154929417657095,0.10288982482634054,13.549498976728731,2.642706818721057,0.6102616601534965,0.6251696377047414,13.430639548480329,5.234194242504165,0.643274488054322,0.643842813969829,0.17216635374604564,0.9594154893645497,1
378,0.9251248557729636,1.098395950906312,0.1590605907290939,0.31583791384427795,0.5033588894712323,0.5080832476746757,0.08138223821725289,0.22509295140031335,0.2604781770323783,0.4381601551929062,0.36536857698579084,0.48166943055852957,0.283228066697725,0.44947264046904284,0.4067995563708362,0.5725353279658111,0.3273759912648498,0.49396496633740994,0.21624662376737322,0.37264127632129457,0.1585308539871108,0.3091869621735039,0.22656250143644693,0.367450875506212,1.2181733942076247,1.208562447394816,0.01771725758987499,0.10469958415903571,0.2880270207314232,0.6372777389548878,0.13739420762481558,0.8977405078034009,0.2141470611072288,0.3624505008152807,0.3678148266807538,0.09730441972501234,11.64908723475983,2.883435703087735,0.9216178821613256,1.1273453297756986,9.082103692173428,4.199276810334843,0.4776473040126496,0.5514061641360223,0.24110519410357337,0.9868233618233618,1
379,0.219774752547731,0.46366437820154693,0.18670272771515325,0.3435533112951994,0.1757166398652302,0.3725074957337163,0.14324614279772055,0.29589765552341096,0.052107330393910405,0.19865665799911478,0.8461008773345535,0.727575304978376,0.061637975874547654,0.2314808817371854,0.06187609529553679,0.2417926985155574,0.2294227162763612,0.41083776138168004,0.05473145963146292,0.175671539606962,0.04174438388586165,0.15921234205699997,0.0834864939062435,0.21844971983500266,0.464539555634125,0.597134547305053,0.0005713672476186514,0.017382615436058114,0.5381223742772763,0.011896343746100413,0.09883116342914189,0.9888523771889688,0.005074664115469406,0.4644149577804584,0.18726132274328974,0.07843108837057286,16.907141832689057,3.4441841739284516,0.7884432612720322,1.075907153702256,18.645312555212826,3.6741005792796373,0.6136312064565299,0.7648091565847623,0.2008235930285762,0.7996563002383724,1
380,0.3739292775176515,0.5051661304563055,0.40096421731698256,0.5378616583359577,0.8747544940914158,0.7275327629760083,0.24635610613154962,0.43427398976362014,0.3196506949089558,0.4161841264907107,0.5635667735414345,0.9856209606776033,0.39029708390932744,0.5211628835187273,0.2644928963210702,0.3908341363082579,0.4767336344853214,0.6542930505063236,0.29838618610182094,0.39449130120075754,0.10110345908584169,0.2538445395396885,0.35126884422147897,0.5496938912147901,3.359227667409885,1.6489286848888653,0.24335334641397252,0.3289445642300939,0.4567075436640654,0.039316239316239315,0.057227796358231144,0.7908584169453735,0.002824228911185433,0.620066889632107,0.5902917629611933,0.18909651758372445,24.170689118531484,2.3063600314104176,0.6504855787521859,0.8347480371457797,13.601500756989132,7.225185602231985,1.6137631480073185,3.0575797236455267,0.14537216828478963,0.25065125136324856,0
381,0.21124423423819236,0.3661848614060558,0.31297569728542285,0.41850566648759085,0.43887084647732627,0.5038830410351927,0.014422120131806056,0.0943751192171344,0.18883165620586853,0.4296521777576322,0.26245439403734505,0.42145020435140007,0.229277620680998,0.4747658733465823,0.34623471008943985,0.6227545830144577,0.3813503765887337,0.4789258676501985,0.1030917784089126,0.23908082288090707,0.1237016892201475,0.29357732724282326,0.24292332869919975,0.42483768511327935,1.284527679397458,1.1939583021171811,0.025155797834614784,0.1227387010523254,0.531806056802134,0.1186568335163973,0.15399340969715988,0.9975835556252942,0.8461007374862702,0.3040954024792092,0.2975044235211046,0.09079427232479106,14.530791510047598,4.446933227216287,0.6004512015112845,0.7868699856869489,17.836464818818055,5.127177364405287,0.4005906131406194,0.5892856862592132,0.4090994488977956,0.9765001070958661,1
382,0.2059949125979752,0.44200128095796665,0.07505163867570215,0.250634965609413,0.13854687099934684,0.29281038197601544,0.042571196276943175,0.1902356048561577,0.04652117039516656,0.17648283796754777,0.2254301068337688,0.40763126156454876,0.07852597517962118,0.2252233939024101,0.04666621481058132,0.19747983829679594,0.1252916567602874,0.33141229431268465,0.02288046236120183,0.1357168765558957,0.07518974763226649,0.24231566377441346,0.0923284912638798,0.2837309287593358,0.9113294901616591,0.9042435735621377,0.007173522003592424,0.07292573787830023,0.32862508164598303,0.012736773350751143,0.018288700195950358,0.9844464402351404,0.008695297191378184,0.3087851077726976,0.14953581828228513,0.05787609793835476,18.42053427785929,3.6303099700323247,0.6112159600235245,1.227475795078377,16.024342977488676,3.5394758539059663,0.3601988375425896,0.5412419411710464,0.45741775041787275,0.9915345627089399,1
383,0.5857002046212122,0.8243972788151983,0.2837911051515152,0.4519685314310342,0.3389318698232323,0.5192925305573401,0.09525719737373738,0.258309425912249,0.352380137020202,0.5580791756566563,0.32580290565656567,0.45707415809147245,0.4579107077525253,0.643317460120848,0.7968037693939394,0.9521765630451012,0.4922167806313131,0.5959650546260206,0.0991129368939394,0.24459864513911653,0.21931049295454544,0.34300948933295095,0.3399999219696969,0.47459668923947246,1.3789328334595958,1.2229991534340516,0.07205734681818182,0.2094198476490141,0.4555050505050505,0.5104545454545455,0.12252525252525252,0.4617171717171717,0.0007828282828282829,0.3938888888888889,0.4170148721085858,0.09728893797282037,15.338463760515666,3.5758190384963813,0.552855982343423,0.8377837773487077,10.948770434133062,4.365704550808375,0.6119761528518762,0.8213255714914995,0.29888988006740014,0.9764003181250102,1
384,0.6450830281300437,0.8911229738303956,0.29174371404965027,0.45805178143423453,0.5071911413803705,0.5779556021234196,0.10372816436092537,0.27398977257314755,0.24392133106602107,0.39051191280532804,0.37254083268003996,0.43880425108966875,0.264836866651295,0.3939212291942433,0.5791682529782491,0.6939249141214101,0.40926719998462835,0.5137376038215618,0.15520458154638384,0.3253158293384637,0.4946825475751287,0.6257207361256751,0.4263512207747291,0.5484399673999967,1.2690141852278842,1.1354304668269901,0.053209592729229115,0.17973213693565915,0.36822688494350936,0.9513872876796556,0.37971716240104525,0.7726923372530935,0.0024594573822150486,0.5417339174544616,0.4154244756524699,0.09447416456762944,13.92838130651566,4.589781688257249,0.7485896961174144,0.799350084076328,7.907029960616977,6.071421906441936,0.6381281459584598,1.077639793817237,0.2712152070604209,0.8310677978574658,1
385,0.4027426280671828,0.6217776327251392,0.07828064617504264,0.22234898866939948,0.3180654450859467,0.3973356855847645,0.0702990791234746,0.2206481100264862,0.05189755005904737,0.1682747271304502,0.15489902256921664,0.2973734147848063,0.0512423334864191,0.17250826905696673,0.057418373113764604,0.1869152942238479,0.16461914079517126,0.3271357509294805,0.04334266270830599,0.15904794535865036,0.0077691218344049335,0.06602621258130019,0.12743580199448892,0.27832103066582936,0.36397137252329087,0.6928107970472849,0.06186713075711849,0.18485645933492753,0.5423172811966933,0.011481432882823776,0.19964571578533,0.9368193150505183,0.0,0.3113764597821808,0.13956073630663393,0.06361338808383403,27.132004463858504,1.914238155724903,0.43595657363655654,0.7028532697904837,14.07242679853151,2.3417941064493464,0.3010756970277509,0.46827700575702375,0.5031133250311333,0.9479004826714726,1
386,0.26727000343159685,0.47721880403255607,0.20610340371919733,0.34141391228968065,0.43650781502058955,0.5431323797356142,0.05361099898686189,0.1886608330418618,0.23446597865873584,0.42282565851717147,0.3017401931171972,0.4335075794765349,0.2303820587293287,0.4119525050103773,0.5525189598993399,0.7291734055683186,0.2692034756520034,0.4138627840901784,0.29255384005490553,0.4041657931133351,0.15914139195372248,0.3276075266124369,0.3226199338518857,0.4285636126442569,0.8194781896856004,0.9387554892291253,0.015574434407477612,0.0990926662506187,0.3748284201581803,0.3374730374534283,0.15043466893260998,0.9931368063272109,0.0810510490881757,0.4098307078894045,0.297226476940603,0.1023655049164484,8.332085640866998,2.339779499469563,0.8751477646098426,1.002352185470235,5.933162477364363,2.751540217041154,0.48674101664358366,0.6063086557699254,0.2610134302212418,0.9860723638501416,1
387,1.0256951424832623,1.0937992980369011,0.7053720522824103,0.7077774142767655,0.8364566502738893,0.9192124307626424,0.2224229828971394,0.39416990026926424,0.15816875106512474,0.31165267709475936,0.4984165654899574,0.5858933154371023,0.32834060261716375,0.4738850384458319,0.23971967029823493,0.3963311356839774,0.6114319032866707,0.6762088446809815,0.21676780572124163,0.3779905540401271,0.19709830967741934,0.3540352201480226,0.281482800669507,0.44278343168355766,1.3467587097991478,1.4278761803168591,0.10548521564211807,0.2503848266808593,0.4517954960438223,0.18295800365185635,0.33049300060864273,0.9640900791235545,0.019172245891661596,0.4011564211807669,0.48382979730023484,0.09646244224498492,25.124259393895862,3.470788252851542,0.563959197940593,0.9193364161434749,5.862952245407026,6.004702842122638,0.510479356091901,1.2839208921466732,0.4123294288129453,0.9134409791344097,1
388,0.514886260944206,0.745247339470432,0.30212660166624594,0.4768649957150122,0.36666161575359757,0.5064392634388142,0.21835591199192123,0.38845532009002237,0.3956265086594294,0.5007287144315344,0.5301639873264327,0.5612291097576051,0.46733401035092154,0.5493144518427514,0.6371433753092653,0.8052732097200463,0.5587845407220399,0.6445291038761359,0.1535928686190356,0.30757331283345524,0.15929602837667256,0.33565552177637986,0.379874977783388,0.494791234830079,0.970370000353446,0.9163043497885928,0.00983204069679374,0.0730021777082132,0.4378187326432719,0.48669527896995707,0.21322898258015652,0.8429689472355466,0.27912143398131783,0.5182529664226205,0.40457490918238537,0.11362706327726001,12.50796847371538,3.0809116683716575,0.6591577592984813,0.8120265381989372,11.931241551253214,6.17810215268806,0.6828646023074117,1.1417033360552897,0.2551348330305994,0.838834302519885,1
389,0.6447735560083983,0.6833595510003531,0.523117348832901,0.5597790172768616,0.5449536143633444,0.560959007343966,0.10720709324441151,0.2707321827552448,0.20055503266641964,0.3442972679238715,0.6430257331110287,0.5991389184020375,0.15319215666296157,0.3116402865274132,0.25248052784982095,0.4020096260764745,0.19567882907249598,0.3404506450353577,0.07930535426701248,0.22377186824509132,0.06221390224774608,0.20777967061434524,0.2919306112757812,0.42093538057004354,0.8820192040261826,0.813589799651086,0.006852109176238113,0.07296267312259452,0.3875509447943683,0.8270347042114363,0.11584537483018402,0.9452266271458565,6.175126590095097e-05,0.5873780412498456,0.32766464805748163,0.0910715734003229,19.890157260458903,2.593759358534249,0.627481601374989,0.687635242967795,16.309132295700216,4.691442826107677,0.46594143332714644,1.044369942478489,0.36936494288170985,0.568357986268956,0
390,0.8134873514787827,0.845742853555668,0.27886777527041673,0.4556994797361949,0.4777269381508283,0.6440988568943558,0.06785270048662413,0.20407007546053535,0.05597890769269558,0.1928353866749504,0.28552127704798164,0.43455213137141474,0.1270094187741106,0.2944884196248719,0.0560399416807443,0.19884316852131248,0.15542665956481178,0.32094193942545385,0.06515417465520285,0.19933744630689865,0.11254574365245457,0.2510956815369515,0.11586461702932352,0.25588833926527865,0.633273702428078,0.7093924617524165,0.013436480875419177,0.08608441474296792,0.31224628728473813,0.005118378255717203,0.1014598724187489,0.9829303345856131,0.4347091601321197,0.45114848339678776,0.23272754919910527,0.08101589508680931,14.493387110155505,2.380623706140258,0.7720155190287246,0.8374173319307392,17.927700780792364,2.7603461766498367,0.44230036412579254,0.505783734614294,0.2558796097905271,0.974580088281781,1
391,0.7442565804364103,1.0146419597812335,0.45230758524975934,0.568505289845049,0.4104617666060541,0.5294999653157535,0.14071995443362928,0.2933363437306289,0.21668349085463687,0.4403275714092106,0.3323563988661889,0.476779791915773,0.29343201262167073,0.4803908269692359,0.1523053162370307,0.38158701823584734,0.37374263103005667,0.5123266003649073,0.16734145823082683,0.30727148755746614,0.10064220018183763,0.2615372669079477,0.26749641378757083,0.43286234118806094,1.0236588564552358,1.205662909137522,0.0808296990052412,0.23757745602832023,0.4702107177238207,0.39325061503904163,0.16729061931757408,0.9018076799657717,0.007808321745641245,0.42293293400363674,0.339731025999725,0.0889210227805836,13.474498875882952,3.5433843445162205,0.8096821697056654,1.0959552711825697,15.676968621818604,3.6559517286199656,0.5534769305370771,0.9697322244457808,0.2626642617881989,0.9394756187209018,1
392,0.10810868905644347,0.27636966783913575,0.049489827165082566,0.1702920633981023,0.18921949243349437,0.398274314762017,0.021823536770562313,0.11824575987378334,0.1558398917856953,0.3190721693425459,0.159440452291191,0.30898115212484606,0.18664311001964637,0.36772061124103267,0.21835618021557904,0.42821389299057644,0.2568778098550417,0.43069389994819657,0.08286183295279563,0.23183676231364864,0.06078785865236552,0.19710985429254643,0.12037190283013859,0.2859369643974694,0.7192890679658047,0.9060097091057524,0.0701039823713694,0.19638839658142937,0.40890989221048163,0.04056708968300324,0.12955981521796847,0.9189720172038444,0.0037699782297031807,0.4313704667339245,0.17137240245465785,0.06164402977075495,8.961365714166124,3.5147509449597423,0.7574805804311945,0.9122790380150024,18.030802016577187,2.7001278973683487,0.40535987382816235,0.7664539352818396,0.4316868786758965,0.9703116262518429,1
393,0.5647851303034199,0.8050016570354891,0.4849070734764721,0.6122004267227689,0.4924967554641295,0.5741655192589826,0.2554854802648496,0.42768994681334566,0.2350966813448187,0.3540437526980516,0.3511164274235022,0.4865633739002648,0.3688438680894831,0.42789056823853117,0.35602724672152225,0.48421954680450535,0.6383174456158395,0.6785108512474305,0.16383301112111084,0.2930898676785303,0.2543379489586012,0.41707799887575836,0.34758051529956285,0.4943293718333276,1.55679950314991,1.248972938944746,0.04585537123939316,0.17253096815320854,0.26169966572383646,0.5538698894317305,0.27192080226279247,0.6822447930059141,0.011249678580611983,0.5291848804319876,0.4368201756051868,0.11352691367497818,19.81772110411892,7.148916259827276,0.7277273249991209,1.0218568988258712,16.13900737554452,6.897210232071308,0.8033220939844415,1.3365920973919287,0.22214035734020998,0.8487092678798138,1
395,0.7709411163637836,0.7119337142555074,0.12481243348039019,0.2882701620784743,0.3748490225846926,0.4741537934359474,0.2958349041971911,0.3968519713915289,0.16880973392156073,0.3363921350340391,0.24534566661270088,0.35817360462579256,0.20366317671105355,0.36644372926797664,0.11734963799732868,0.28214629459537727,0.18258787975067794,0.33904094235084214,0.10069893584814021,0.2579936754125377,0.10774746986683935,0.2619400510698505,0.18346633719188896,0.33990403902966526,0.9345256420447646,1.0790892837619115,0.006652752337394261,0.0601788407915543,0.2614643623264662,0.3893228639656777,0.1158780912292063,0.5824665074675194,0.5012344679645444,0.46116485206621605,0.27266319349345763,0.09036093989603451,5.873765944412754,2.6235456293716135,0.894883746829035,1.1243016578774985,7.696559301979073,3.0035699605553074,0.7878160748771308,0.9450457490097034,0.1920445810914681,0.9589549441487368,1
396,0.5820609402173912,0.7909730996255828,0.2787267720955096,0.43660564735928314,0.3137834354953671,0.4372122975341771,0.04401050743941554,0.16298810152894355,0.10310098039914471,0.37449157633175334,0.33184309190128297,0.48543270054170307,0.16867104343371347,0.3908787887761726,0.13645419912687098,0.3599463723760772,0.34580398320563077,0.6489421887467361,0.10510833397184605,0.2771194515196407,0.05286834417320029,0.20672810676338302,0.35270399492159654,0.493508591621496,0.7546403300516751,0.7483670173709736,0.0802356846935139,0.2591139074412718,0.21213471133285816,0.894556307911618,0.1225944404846757,0.9920705630791162,0.0126960085531005,0.5467302209550963,0.26071511722329704,0.07631068580274807,25.41442941019949,3.0121150065751876,0.5024848272624572,0.6953745867617522,14.577843410660925,6.386137959659632,0.4341239271078875,0.6870855872245657,0.29985899356658147,0.9658167115135466,1
397,1.272668071826074,1.5594080262678554,0.6889385097202642,0.9096762805660686,0.6953761016917711,0.7510727213953834,0.21686407178897382,0.3524349487218217,0.5452074673517846,0.6730148033275493,0.6116798232915337,0.9794188781399893,0.5423040916005045,0.7096125833695865,0.44134407256807895,0.5866683166621433,0.933469520924538,0.972057522482831,0.6052808068932255,0.5767548091076549,0.4843437840765749,0.7157827353943186,0.8466915136899904,1.2412842751851214,1.91185704845292,1.5853673123343177,0.3359874812272761,0.5065173958226895,0.33609111820138016,0.39259479112562146,0.4299176374564072,0.8343845069377458,0.1925873710766491,0.4651628700749425,0.7237151689359651,0.1365709192350706,19.057177803307873,4.167415950191295,0.8183049312182036,1.0798845675287398,2.42853409560714,8.448459919267984,0.87471053759967,1.0102517103639275,0.11442080378250591,0.9551149807102813,1
399,0.6848363303644112,0.8459520625885175,0.3392232224297275,0.511625506985219,0.4925305718048174,0.7712004867160547,0.2730281113824642,0.3965616299793715,0.13353535066800748,0.2964859939111969,0.3108961665948379,0.4441487383166343,0.23143264971507924,0.3960472580893421,0.16837669075324427,0.3433464009623585,0.4390056311353732,0.5528275656750821,0.1458719798400613,0.3210013889883297,0.11675288220083321,0.27733772503756277,0.3834688650098166,0.5236565672559577,0.9838007104343245,1.1312308864502816,0.07652783268687449,0.20574502380459128,0.3340516209356893,0.11641047742182636,0.24771345113250012,0.5107024852751042,0.030120193458794235,0.4367667480725949,0.3413776425014195,0.12368100571579076,16.939056414253184,3.0290076121353198,0.9018765098053007,1.267497793708285,16.355927421974215,4.9570678071699605,0.9277124800827016,0.9680156644450292,0.08649058751007635,0.9545454545454545,1
400,0.49935413344729346,0.620102639421464,0.5119255827920228,0.5700291971103758,0.5104672637037038,0.7690041175951282,0.19957377925925926,0.34814563254971487,0.17934369230769232,0.3362727083428146,0.21788829629629627,0.4237940148423923,0.254190774017094,0.3897746511017716,0.5357320788603989,0.6242152751142089,0.3946332657549857,0.49333810063433786,0.266081585982906,0.40240741183163076,0.10524585971509973,0.25945253006545704,0.35613487760683765,0.5119636788640565,0.8339656613105412,0.8730834445260434,0.030018815954415957,0.14747948878319395,0.35703703703703704,0.09481481481481481,0.3005128205128205,0.6381766381766382,0.010028490028490029,0.33925925925925926,0.34961111907203907,0.09880021596274707,16.12591841416501,3.554506362101115,1.0530789891969705,1.201768706107129,15.715196244647519,5.819205205261042,0.8688585205495633,1.7666190807321673,0.21170010086293847,0.3157676250118607,0
401,0.7174797566665457,0.8225989873172351,0.4255295211334035,0.5294618360826518,0.5573911786090049,0.6858999151891711,0.2756465212059645,0.4303650105813299,0.1557838694626855,0.34346788164430575,0.42011300721982364,0.5080558542890254,0.14879100787287305,0.32297993795817875,0.3518239372346987,0.5122879528438536,0.5066476134673294,0.5751647288066167,0.23606874338787504,0.36885525237737926,0.38778904284729526,0.46386608086724385,0.2342729159017524,0.3900119344664817,1.2427415497587346,1.2302225991939186,0.008446229510575772,0.07040770525992736,0.3891811486412945,0.7784711388455539,0.20988281391720784,0.9822951057577187,0.007727750970503936,0.24906577658455176,0.4048946353056116,0.10827657539884104,20.53754705387645,2.310513602363683,0.7064213488134383,0.9782693891943146,11.776834981137842,4.8035186865323825,0.6358907270968658,0.8208313330996134,0.23520886924386797,0.984372212509366,1
402,0.5628920731380102,0.6947269742786581,0.296487757173151,0.44137029598859656,0.3529604550569092,0.4844561694086309,0.181254946899208,0.38347688548060777,0.37100990344917123,0.5614665595628162,0.3855646241398711,0.4997157051118219,0.40267502748085,0.5798719941876954,0.7739225009304539,0.8786764709607472,0.43393696118059455,0.5202909812137682,0.29883138741506904,0.43145758475673945,0.17439732492318344,0.35350549151056293,0.2781160974596443,0.402271222315648,1.04264893517116,1.1295882221227622,0.041431779720431036,0.16355166305367339,0.4257151512528671,0.4577400787640109,0.3173497208638075,0.5924178820270913,0.006707924005712554,0.4628467563941663,0.3997235552955505,0.09742501741353513,18.330555761120277,3.196829582595039,0.7599593932505492,1.000768144461428,11.490736444727602,5.054977693119461,0.6700510905410871,0.8912122374495494,0.27706763734868367,0.9381841940344281,1
403,0.37342110389868194,0.5747332242971132,0.24847425524059077,0.39194988467175507,0.23260176691281562,0.3973409495558674,0.0594910734476735,0.19863525641343263,0.18877855530411308,0.3593515891934932,0.271067183103065,0.40075549941599053,0.27087141619024935,0.42835533481710963,0.29598517361441956,0.4271582295962505,0.3064369169842782,0.40419833176365594,0.11532342774336986,0.26499288259385906,0.2321388110211212,0.3355242855324004,0.2428624858265841,0.38107209074589304,1.35278340356519,1.3972977505154183,0.10800081479275844,0.2554933012349664,0.259091630935366,0.9186914403684294,0.2191916785771002,0.7364618072097824,0.004843576306177545,0.3943941559472765,0.3070168848317793,0.09026996526552813,16.149584938168534,3.1748882296141194,0.7601928742969526,1.1135092069847194,13.872570329064164,3.940155701955094,0.7396366794232166,0.8297995241588263,0.1952128703158721,0.9810134734781152,1
404,0.8755336922585181,0.9742203798138643,0.6798161490123377,0.7403605852052353,0.6476650948347504,0.7123840520786984,0.21514074518954165,0.377334872479745,0.3499211061497155,0.5073608905247415,0.4664983156683501,0.5405677322467208,0.43762645844786807,0.5524815446922083,0.35338628987406506,0.5396810758420991,0.5341738075177396,0.6342208497748708,0.21010912743719234,0.34479276534877323,0.19436456405420954,0.37798028302872644,0.5676767744038868,0.6557572971259314,1.2807752167103497,1.177011361854189,0.11674860330499266,0.2767509748278075,0.33296042958511796,0.3549191331586013,0.11084830275522597,0.7600843827910247,0.0978073259604935,0.41187751710030046,0.49495971034739406,0.12350466870248178,15.308571756804062,4.467815986574844,0.6518942337662266,0.8534632513375197,12.140008086030736,5.554555569492498,0.5570023646520357,0.7155341662011198,0.20943333028835906,0.9529284591194968,1
405,0.5273590728974832,0.7114072074903603,0.32116375511561285,0.4437935140127305,0.5417076035911603,0.6647952971567093,0.2002302085123798,0.4432831852744963,0.16657896659504806,0.3280018233151397,0.32557364241866177,0.4428595012838157,0.2213911082463679,0.3687367155073767,0.3116386299109883,0.471769979741369,0.4270891835993452,0.5213331201752717,0.2373186852363413,0.37241263344466724,0.16760769743707798,0.3318796611803319,0.22005688702169024,0.3510550831826245,1.092838691886638,0.9760314295268178,0.03575509965213833,0.1637938030020314,0.4782842234499693,0.13556374053611622,0.1771792510742787,0.7819725803151217,0.0016369961121342337,0.429353386535707,0.34259351658006665,0.09879601986918313,16.755202561049888,3.0665565880491834,0.771054792202257,0.9452258694880569,1.7784325579275009,4.075688893066765,0.6612965986502588,0.997696201499785,0.24282444092269767,0.8392524819382823,1
406,0.48343107648640576,0.7056457510406685,0.5501721530923215,0.6111786106217829,0.3099962513295489,0.5018557549959538,0.2639164947116821,0.368671055788571,0.19161937077980282,0.38355882157043275,0.3959655989841649,0.5585505932584169,0.2144861943232746,0.4336647767406417,0.18694925640872426,0.39999672267824166,0.3703456466686585,0.5209765848181089,0.2276846838960263,0.3608059266556905,0.3715758227666567,0.4404725185621148,0.3474019358231252,0.4582709965229438,0.8426706674634,0.9466614698063035,0.052828834956677624,0.18140614241445582,0.37579922318494174,0.14490588586794145,0.17245294293397073,0.9138930385419779,0.01446071108455333,0.3643262623244697,0.3435031419778906,0.11387958916833137,22.582481102990382,2.784563134141334,0.865741184317455,1.1473747623509183,15.325352953866112,6.530728301804926,0.957369372178144,1.3961924745431584,0.1584458856428869,0.7750123137544637,1
407,0.7373935659841043,0.8855351120730576,0.4966928328181918,0.6236456771698528,0.7450637660061816,0.8833835598313409,0.10541841069654488,0.2642902669385154,0.12610913260293632,0.2868576469005066,0.49121719011480297,0.5457830082748599,0.2841932172701181,0.4335559213163346,0.21426173711226404,0.40641620792406125,0.5195640141847886,0.6230933728142211,0.07511040893034551,0.21376054131164107,0.18275510392979358,0.3773148572621532,0.33415458477756926,0.4972767673976687,1.023713532536704,1.0823034516078214,0.031721700187658686,0.13993914495086782,0.5739320013246495,0.6619660006623248,0.11830776023843691,0.6839882989292416,0.0002759686499613644,0.3814162711116017,0.383383514082286,0.09820711038656389,21.62698040504289,3.199420171775954,0.8190090006871251,1.2008372650394374,10.6139636519435,6.056050057016358,0.7228991232681368,0.812551023954584,0.16987974804351977,0.9721357285429142,1
408,0.2754076787642183,0.7040577746676717,0.17824772175631387,0.5092416093803974,0.27736803928089454,0.534001362627469,0.09970828576248313,0.34965554568759366,0.399937054029304,0.5034162790377872,0.4131039005687296,0.5127886988799687,0.42435023896279156,0.5111917780200916,0.5033483134278003,0.6025604920376672,0.5850023680836708,0.6274767132153476,0.13619237112010796,0.30589002749347166,0.050581129940235205,0.18839305004834264,0.21071972628687105,0.34082887567742104,0.8810555638133796,1.0717694481243174,0.05465362348178137,0.18205634147368355,0.4290052053209948,0.28817235396182767,0.17486022749180644,0.8990264121843069,0.0006265664160401002,0.4399942163100058,0.3206911439484701,0.0736023937367881,12.794077399993402,3.4539727829100246,0.7175686834348611,0.991458955195811,12.584233346048741,4.323625133823148,0.5264392209483553,0.720190804106997,0.33339678309698295,0.9743446477627229,1
409,0.30874210281009734,0.5004805371697222,0.1582207995169082,0.35031223995353145,0.17460299567939036,0.3976002886470541,0.051752811253997416,0.17965728605088066,0.18670193012179356,0.37193411052255176,0.2505831071307069,0.39156610315711027,0.17718245839286928,0.3811443416278341,0.2701780357896169,0.4725633047234315,0.28250820419133155,0.46959548861012,0.1290104345784854,0.27735110409768055,0.09263934098795672,0.24327194894049914,0.15650054375042524,0.3073713673347296,1.116975887596108,1.0513448149589935,0.013720718105735864,0.09165871505157101,0.2129346125059536,0.10070082329727155,0.11784717969653671,0.9922773355106485,0.005783493229910866,0.4375042525685514,0.24066566927895877,0.083263665775622,22.70397633328721,3.192024169966573,0.810904855557592,1.051120832510671,7.861986440208455,5.7121092304795225,0.5577157941495111,0.7668560413219004,0.24172666734273063,0.9530789264113988,1
410,0.45327428572925765,0.6802906472642709,0.2646542640349345,0.4657368016432619,0.7785740613449782,0.7685731849519039,0.14401386864628818,0.3008803628861002,0.20816346791266377,0.37755773596499825,0.31059671427074237,0.4425067501779261,0.2851779893799127,0.42757910687462636,0.4868107395283843,0.5634981189294831,0.5687167822183405,0.6118834373544074,0.19522043339737993,0.3342823596975033,0.4152449131179039,0.4988027681093618,0.36601024426200873,0.4908064552302521,1.3036440369606985,1.1322338075594818,0.03100753292576419,0.13922664682593316,0.45746724890829693,0.43975545851528386,0.12607860262008733,0.9538515283842794,0.209117903930131,0.5225502183406113,0.4150792381235184,0.12110954695110997,13.666555684757716,2.6880079104515526,0.6555824353692493,0.6419147654106392,-2.260416586551041,7.058325178538807,0.644351241689919,0.817795289683147,0.19077984528538575,0.8974471325884427,1
411,0.4229453562715199,0.5267103073091012,0.2931723213969503,0.416709141343009,0.3984189581160846,0.5095464930363988,0.09174699198229218,0.2644311963307551,0.08294768022626658,0.2467442560283409,0.37615288632562716,0.5201930249380692,0.10797336047712738,0.27759288200180465,0.20862462370880472,0.36662945915242584,0.3166824411460895,0.4304743286229439,0.23768792848007875,0.3901330193138473,0.050174074372848,0.17880124311484444,0.24181532825873092,0.3795184226586775,1.0778713190359075,1.0472629374262379,0.021647904672897195,0.11215025996432544,0.3711510083620266,0.34028529267092966,0.17975897688145598,0.9489916379734382,0.00041810132808657157,0.36062469257255286,0.2805615124622304,0.10006119698327202,11.423253517602008,2.7168822284218717,0.8541376288190389,1.1439103750549495,9.235553775830095,2.6526361355071515,0.6460439360774256,0.6450698404409455,0.18266823737299367,0.9813458016003085,1
412,0.2659177404678655,0.5065449183588557,0.16126496224608727,0.3696361847007783,0.2162639131701632,0.5272659687583623,0.03339984902597403,0.1625640007909917,0.23071517216117216,0.38432768295348546,0.5534323002830502,0.6111935392852748,0.18877125541125542,0.33486417305284855,0.3935351616716617,0.5761399676050203,0.5859071292457542,0.6110874174617306,0.24006517282717282,0.368663842315198,0.13485537674825174,0.30381515736187586,0.32964055132367626,0.47622044729452734,0.5985278497335996,0.7262861762207294,0.06194561084748586,0.18568376245385396,0.17886280386280387,0.50495337995338,0.07446719946719947,0.6373626373626373,0.0012071262071262072,0.31868131868131866,0.2853030032259407,0.0830555123512586,21.452756968203726,2.2492458652071377,0.7166733585490592,0.9872651196035687,17.97653876654257,2.8835469356397088,0.39016612866475525,0.5983570140263168,0.38915006032366767,0.9348217874414927,1
413,0.32724687563664495,0.5222967062694918,0.128898214750822,0.26643747154224334,0.08662757417316742,0.2356456097244873,0.11004017671330024,0.2774029080228233,0.04307152291921862,0.16660801453427454,0.08838149803365354,0.23199218523841716,0.07788609909096769,0.24521842413508588,0.06619764438140675,0.20336994653040724,0.08878343459480369,0.25737616252967,0.05292808942041132,0.1973619265067685,0.14029718367610083,0.3044298958163827,0.1976934238927213,0.3682975695693491,1.2634157111727162,1.0317969883500004,0.007260832505963511,0.06524917884986034,0.33363419508735737,0.016826768100058023,0.20933531042485978,0.2831538907871833,0.000709174134485204,0.5035781058603571,0.19133773435442128,0.07445599508611955,15.004698614703162,3.860229082512565,0.9854840138001095,1.5512526294714561,17.70151408042555,4.09244380431817,0.5676808120917897,0.938783253426369,0.32904884318766064,0.5197730667201677,0
414,0.40810970641995653,0.6702896143507194,0.1824705183159787,0.364599445802756,0.23140407127874746,0.4242313265036936,0.11214060877219269,0.2719061108543861,0.3947027415536744,0.5878126149318904,0.32215814971158885,0.4459798404100746,0.4726609225410144,0.6364513177486518,0.5860393348190877,0.7867165890956737,0.46430798183384525,0.5679990791448027,0.14726346703872953,0.29189567272071004,0.0989450423627238,0.2397484325163849,0.20937043078133194,0.3585387262364489,0.887395617724174,0.9467597892098242,0.02951923552326017,0.1346767101632819,0.4259495093265413,0.8090119110045696,0.15237096411716233,0.3720877968387145,0.013296876170499662,0.4917222263839988,0.32474913061973604,0.0828475637391039,16.920692699973042,3.3837499345243796,0.8256448963837516,1.0825650636286852,9.702824746136022,2.516127583929297,0.4333807321766462,0.6316401456137839,0.3499495157249168,0.9050295724411938,1
415,0.6723576413179085,0.9141359078568564,0.45860613292503116,0.5815230064997787,0.9317275335715096,0.9322211346246791,0.1819325829080186,0.36842380112618944,0.4598169112509924,0.5831384687126475,0.7978897766814109,0.8618905958969907,0.42800147794034255,0.5429349000818811,0.5900697553589657,0.7110063956466585,0.7285571748327094,0.8969627822375359,0.3831953654871271,0.49683339901510143,0.4350892378359986,0.526625030720627,0.5355450175796757,0.7183664094527141,2.709406363955994,1.9889450059905502,0.08064120675966882,0.2234209264956696,0.4651241919020075,0.5982193489849155,0.5179199274129522,0.9096064421004877,0.015311330384484519,0.47170239310423046,0.6709168698860967,0.15014247142938159,19.942105666722146,3.4522205355722764,0.6996469169081938,0.9461233564754898,16.302807773203195,8.290565977349868,1.1966554983679734,1.6013432900472335,0.10109547906356003,0.7628114815921672,1
416,0.32294985208349936,0.6276230413271813,0.27877194984463394,0.5092803181947724,0.3276685850131464,0.5137916647167113,0.0512368839933073,0.19020405157017908,0.13196353202932037,0.31691638138240397,0.15314646326985898,0.3113653008310362,0.2113753024858577,0.39888836179399184,0.2780436919767349,0.4800296909261486,0.36132220217512545,0.494103974833467,0.1936989454226755,0.3302352143695543,0.022344154569357025,0.12113935430892525,0.19563952637240065,0.3439972030852605,0.7940268264680105,0.8851373759712865,0.014481120388813641,0.09235562244008882,0.3921599872520118,0.173332802167158,0.06895864871324994,0.8753485778025656,0.003744721536132579,0.43709664568560275,0.238333502578053,0.0703827278879043,21.933753913346386,2.1651061681564787,0.5119800766567525,0.636901116059886,14.064538756173897,3.3465149299030896,0.4183387897773374,0.5710229337054796,0.41150741580182115,0.9675482157292988,1
417,0.3717846524258652,0.5258766513066712,0.34594988298297497,0.4899507952026483,0.4548359048037727,0.5318283960128974,0.07461355563104469,0.24090868684023184,0.17903581280473188,0.38140032566855114,0.4859097936615778,0.5636051370950376,0.2808168751099033,0.46430874449577436,0.39659427108144835,0.5663404642044749,0.31251248145631844,0.45490337313198215,0.1293361129805771,0.2693952088699531,0.12936418351850373,0.28055197973912466,0.21254507641275674,0.34857334454680267,0.7856602507393494,0.7904177244357258,0.02506488246343218,0.11986051675437505,0.3750699384541603,0.5807689233474542,0.25165854048437375,0.4235073135640636,0.3866597394293022,0.4448485332907042,0.29885883829087545,0.08587251071671224,13.048373813777511,2.4953692778555174,0.7070970603576807,0.8175709281003901,19.872985394237702,5.546054425669346,0.5844240185056799,0.8565193852065299,0.21572658856389168,0.9600100288328944,1
418,0.35512799054853805,0.5113945505365802,0.36672738715661163,0.5314999903981741,0.6669908289903719,0.934179972390857,0.33280593136648706,0.4754643189223353,0.22525360427524072,0.3929510612370986,0.5938731410652769,0.7222721722723697,0.211211281953891,0.37964015574311993,0.2617907850896564,0.4047204354447942,0.5144030801165975,0.806149616697968,0.4755749282748874,0.5143132200161822,0.183331230368342,0.3418858953408785,0.4131469102552778,0.5536725897562443,1.2528130170479639,1.3122738069998798,0.1575528536348379,0.3103887901416059,0.3163148131790478,0.07561169507993994,0.35897888879074286,0.645172687925095,0.145128522215352,0.46329829520360394,0.4293287835817129,0.1328355365787481,10.123235049347421,4.285387734127291,1.0833473586618498,1.4699084471985477,17.47692223337173,7.974614567738963,1.2425993717061539,1.9979074924132731,0.11919332406119611,0.408843329253366,0
419,0.3809871336473009,0.5679917778663932,0.36958732748931455,0.5281020706847581,0.2307072899715055,0.37239133963558047,0.188087382855786,0.3289966623479185,0.17814007677695107,0.3704855732857965,0.26412002572423615,0.40025551299987405,0.2876321881035302,0.46460530935620936,0.22857052228114613,0.4505606765433613,0.2766805902327054,0.4135114788337766,0.07821935230330854,0.23689298629739455,0.29214770187589045,0.4188292375039889,0.20613196576697798,0.3524825128261414,1.5573647712521768,1.3651509225033303,0.0016460094981795158,0.030805200509990676,0.3350878581605192,0.7131945543770777,0.09517967389583663,0.9817555801804654,0.007361089124584455,0.4449501345575431,0.3242873098413578,0.09516645273620587,16.917810164157775,3.364806964255844,0.764141762064108,1.0212782492353323,22.80026693440092,3.927706614642264,0.5227956286254506,0.7974014698120038,0.26618027771240294,0.9349124033003543,1
420,0.228581252969409,0.46384693142374817,0.13628001061715228,0.3228113315308317,0.14015108076792554,0.312293001165084,0.05176377020410142,0.17761321027161586,0.11841423066854122,0.2886767016642835,0.3955264439327096,0.5062639537178615,0.15783605914577978,0.3096050668598811,0.1636177876569545,0.31470649650755467,0.1321472413826538,0.37208149606566376,0.11484651820429534,0.27720647207586435,0.1825251915450623,0.3265015306781216,0.10849501168371552,0.2832502762003871,0.9168447498424394,0.8580107872152938,0.0030789689727056774,0.044321988709748704,0.3285984389392544,0.8947011198914044,0.2675619333882775,0.991467494061182,0.06404227468851505,0.25835070538614435,0.20357916554238897,0.07531257115152858,21.50415040596585,2.3956531813926003,0.7738321851560114,0.849644580732445,13.002221513304416,3.6975648612768723,0.3910806649542575,0.615296520828012,0.4144126738794436,0.97579275198188,1
421,0.2079960382768855,0.4367786582363877,0.18649307528805867,0.3384523129247312,0.19888225209497204,0.3485956855776483,0.026284383990921787,0.1332259812990099,0.1375455554731145,0.3202799127005356,0.1532236771560754,0.3639709560740323,0.15436799799231843,0.3459491179775691,0.1915671943086592,0.39872458552659956,0.17947231053596369,0.35853252011074666,0.03688303068261173,0.15785229110069687,0.08663732733938546,0.23053036015267658,0.08029230267981843,0.33676939292693,0.9934920975034914,1.051186987841223,0.037949916419343574,0.16481518880771362,0.30909567039106145,0.1728788407821229,0.03059532122905028,0.3548795391061452,8.729050279329609e-05,0.3329696229050279,0.1907919399815443,0.0647265556220655,17.404345258980435,2.423353825957082,0.7307219584959945,0.8716191961053033,14.267974032632052,2.644231804363947,0.5091978377309471,0.8254629946579317,0.3155578791443384,0.9135802469135802,1
422,1.4612384576979374,1.9850420880963975,0.5806580562341982,0.7677988834338058,0.8870784657351963,0.7727465909087192,0.35367903060545575,0.5568173438417159,0.0902725520425815,0.2501449733605614,0.44635569697937455,0.5584264327211007,0.14298579771124417,0.3011832967333029,0.36674550408516304,0.5140615511861996,0.2053495893013972,0.3415205137803754,0.14046497902860944,0.29579569405750117,0.12763806759813706,0.2844427367168605,0.27899576811709914,0.4151492667277943,1.0511470262674651,1.0201740279017448,0.03589842118429807,0.14720894640087753,0.33884231536926146,0.8868396540252828,0.24236859614105122,0.3022222222222222,0.02163672654690619,0.5613838988689288,0.4406076723277255,0.08369282998692104,11.253850257523293,3.490603419101908,0.7582030507851308,0.8633072692126557,11.463079466996232,5.436261117393445,0.5669227388524282,0.6795709425655577,0.25917321144473343,0.9721771273008816,1
423,0.3306483850790151,0.5097838110155816,0.178457548768835,0.32884873810067583,0.24618477401690558,0.39617701651095194,0.1391130478500551,0.31247835137497887,0.2767695137816979,0.4089071238303595,0.29440579588386623,0.39667926866910946,0.4045945680264609,0.47581205129931714,0.3250205491363469,0.4831787493347376,0.409194435538405,0.5111998329526404,0.26080526185226016,0.3844548939023009,0.29687676857772877,0.4127893793675329,0.25556229533259833,0.41574004978097806,1.2237206800073501,1.1464631288690224,0.011792834987137082,0.08085491906294359,0.32296949650863654,0.4731348768834987,0.14178610804851158,0.722454979786843,0.0004410143329658214,0.3590959206174201,0.3323676042027616,0.08510637056016129,15.171679564048208,3.337225849722397,0.6687934929663953,0.8277771078539,6.835986752334361,5.46502521716533,0.6316357758773485,1.0139649000532072,0.2968348388044356,0.9112613517192137,1
424,0.6236737022133632,0.725454259698278,0.5031601808479714,0.6012779803152829,0.7371636434948714,0.7942377996897647,0.29119231838378806,0.41851107484132105,0.2635257728914912,0.4376953615323836,0.7058308331049375,0.7427840282352343,0.30771705909223035,0.4715024448755194,0.3609023827083592,0.5046024581688683,0.32540102533117393,0.4697586645451102,0.28106504177567376,0.4045422845763875,0.33178183422615337,0.44793444331071963,0.5856996652547652,0.6738110136806529,1.0998015153440472,1.089003624557002,0.04738543598687761,0.16751978136900605,0.26660022424317925,0.7857647107678253,0.31323450022839583,0.8548648311947178,0.5214484448320252,0.4069598438603048,0.46173574361826447,0.16489896551079733,11.868772957789393,3.3734162083573036,1.5098118186014566,1.6057899367369017,0.6625345189087576,5.653056017114337,1.5230084701272493,1.7860071364302945,0.04904970760233918,0.823928567694447,1
425,0.3817214848648811,0.6468903498469379,0.16513056737908438,0.31444275291324875,0.25114780376950135,0.3692307976496063,0.022289810502900773,0.11707884158197636,0.0416567519764331,0.1773781420742163,0.22998747846213966,0.3530184979773516,0.04722974737728079,0.1809778136303397,0.08665026287311751,0.25938244214764344,0.19130936032705081,0.3379071325092927,0.09205102353683832,0.23065220509034567,0.024049332221120028,0.12059980147968727,0.23608447542609795,0.3590557348633038,0.7087122685844831,0.6947122041534496,0.012050872335948537,0.08442102294175001,0.24757266961252894,0.10115129106922777,0.028707127183094358,0.9924850452400277,0.002134247151832146,0.313584032224126,0.17786223140263407,0.07410822328245915,12.858930415853129,2.736174091706909,0.832147507525412,1.076131540711498,9.56576400167583,2.5073585611635276,0.32380638368888776,0.49048468402916456,0.4163194340357924,0.96204248931994,1
426,0.5867743619639633,0.8439452846930205,0.2389954871267168,0.397905367924104,0.4320510242345332,0.5494721473020485,0.09952718438405646,0.23589076694080796,0.1447439234323155,0.35225515021871906,0.2623275069931538,0.42318337080352264,0.20375290007980176,0.42001903040207234,0.13644723722121885,0.3507451715442788,0.2859371210466631,0.5249327064358323,0.060094027258599685,0.20861441328062233,0.059246881137385014,0.24530809724552885,0.22851268780713174,0.4307500642128261,0.9036743431895502,0.999888352290375,0.07069646679826956,0.21650534953109743,0.48334663362593977,0.08530387668528708,0.06669746734428157,0.9583770842958546,0.003486076693687261,0.5032550716115755,0.26519865376238283,0.08148984821728592,22.406539101581505,3.4264086830800213,0.5170711226818676,0.7695345350575686,19.330230313118232,5.64833510367412,0.5879681040123741,1.1220416665777917,0.2706383689839572,0.9295959124390496,1
427,0.552367675281514,0.7123607067107797,0.22858710439474508,0.380616032350721,0.3796156228495465,0.5396870599483632,0.34588132225523927,0.5146269845540667,0.1926120669768533,0.3647893873793867,0.31088190483265565,0.435323367769112,0.27850915451986236,0.4411943417303938,0.22309094377541447,0.4018323261555027,0.3611337074601189,0.49636097654571715,0.15816385161870505,0.3195152575084374,0.32726662863622147,0.42828479131877917,0.2215700003909916,0.3735503027927125,0.9444724837738505,1.056414252041945,0.009129447020644355,0.08064681516255359,0.456717234907726,0.16953393806693776,0.10275258054426024,0.05153268689396309,0.16820456678135753,0.28182671254300906,0.3238058509847402,0.11506960334310849,10.19647858916019,3.707570031742373,0.931735288804376,1.1839996354063294,17.198427608695805,4.525247462293091,0.6041459484893102,0.7286683903118667,0.1623226915712555,0.978307970737427,1
428,0.47797268804446585,0.749347909241377,0.36046667617978734,0.5744650912952313,0.46454528117150345,0.6023369190938691,0.1946186052054941,0.35409443195103446,0.343908177435733,0.5057338039757048,0.48399548206937093,0.6785529385683813,0.4179639361872695,0.5626621914090935,0.4769892690396023,0.6811092792444747,0.7661024560953449,0.8307641590713934,0.17013096408529743,0.3052536895519397,0.26400189343167124,0.3980098812323301,0.3047995644807867,0.44447587410993755,0.9276906576345466,0.9457991861107649,0.062171594944150504,0.19525810698660606,0.24675324675324675,0.5611672278338945,0.1282667949334616,0.4409171075837742,0.07391374058040724,0.43803110469777135,0.4082398032860731,0.09897639149805298,21.505097708931746,2.9436835950936757,0.6372458759462709,0.8643859662871395,17.66073461788569,6.228515657073539,0.7028812529039316,0.9844430877454731,0.19877675840978593,0.9246777425411401,1
429,0.597262372157691,1.0105647257864558,0.4400338054206265,0.7474679399464643,1.1378752103836678,1.3529259350227145,0.3190635222104893,0.5827824044090746,0.20412582833509327,0.3966098129442753,0.45012623382611755,0.5309273060884763,0.2345351491728265,0.424220301547436,0.3224383329461457,0.5340187690032843,0.5788552449137627,0.6603758812235999,0.22753837831749382,0.3790514624240336,0.1561558362900387,0.36483930701363354,0.37274185561422035,0.554263004474676,0.9192574178458288,1.0539108649268814,0.1453433504751848,0.2859258899540811,0.4940161914818726,0.3099964801126364,0.33625483984512494,0.9167194649771208,0.002675114396339317,0.4257303766279479,0.4360966098506562,0.10380712246622047,17.372227598504622,4.955922686979006,1.1126710626121834,1.6542166004391823,6.508881460896168,3.586858895548378,0.5201573608085098,0.5643831006864785,0.2749762800014056,0.9901134860405207,1
430,0.7571711156584964,1.0435933990029047,0.5404782303800315,0.7361632448627466,0.6473998778577318,0.7670751136154579,0.06389674413462258,0.20767795687514357,0.36822959684431456,0.5074472671807377,0.33587727509182225,0.4915809855251617,0.4338147520425755,0.554872036789582,0.470934110636384,0.6718680753206112,0.7029060098193538,0.7809754951183301,0.27520185016115734,0.385692137841597,0.14177412015591034,0.2904346816854489,0.3536837580016491,0.5149280995796952,1.6071992367138894,1.5433715101361634,0.0554236908777453,0.18104192041423853,0.33895510081703023,0.33460760062963796,0.18874147365264973,0.9340379281912901,0.0007870474477175624,0.4845963570946706,0.482427883455406,0.10323589307800629,20.529856598016018,4.049238087808158,0.7082880194128934,1.0790571229438097,10.346444132764915,5.188835584086617,0.5979644103374219,0.908409152341897,0.346384872080089,0.9857198748043818,1
431,0.6216969333996024,0.8743993875648138,0.4010166729622266,0.5433300520601277,0.830004602385686,0.7450160152257496,0.12233489551579413,0.2821800599208661,0.20316859421250277,0.33308262463782623,0.2902890498122377,0.406023410892745,0.1835340123702231,0.3115805600663712,0.09051671758338854,0.2214961113561192,0.4190309761431412,0.5075957175174652,0.11292205478241661,0.2595830687245071,0.19194029401369558,0.38382877251709524,0.6626102461895295,0.7906627703621907,1.131971441904131,1.137196971729126,0.0013254469847581178,0.028564617605536483,0.5688093660260658,0.9869670863706649,0.08195272807598851,0.981334216920698,0.2324939253368677,0.3650320300419704,0.37588299558995236,0.1473361593078853,8.685915031277583,2.609782537499931,1.2986752465296985,1.3692869108824848,18.735688116391806,8.55384540343137,1.2054121173162249,2.0269398601589828,0.09408127208480566,0.3619649066709301,0
432,0.44979581066140173,0.641863054104778,0.5578384558736427,0.5206803174387863,1.2677963646594275,0.8104798054089066,0.2694306469891412,0.3870671498447809,0.1914308783810464,0.31052699754219,0.8355932728529121,0.7225432962036274,0.38083483553800596,0.4117842543391648,0.12482586199407701,0.2674354343067426,0.6141809285291214,0.5411461217101875,0.1723655502467917,0.3029351890622793,0.21968422388943729,0.39743199431456366,0.3921773200394867,0.5974115908680221,2.160627273840079,1.286764605730435,0.005891162290227048,0.06030907522449078,0.15597235932872655,0.46831194471865745,0.3119447186574531,0.32458045409674235,0.06377097729516289,0.2284304047384008,0.5458908989846284,0.14724684997743173,10.418501506095454,2.5300802112347305,0.6856440358822401,0.8691240254974817,27.574626374809295,4.406230819469277,0.9688510933979247,2.030987292777694,0.17990562327959103,0.18090625259683987,0
433,0.18755357204831577,0.3679305213138094,0.19412440264545763,0.3426716710337371,0.14366964567029603,0.29263619414518144,0.05532988018883974,0.19640189365483118,0.11785794687818989,0.2677745941427122,0.20967010802994218,0.3575772475500326,0.21150313371895202,0.3638924545738662,0.1302281477968697,0.2843766958204513,0.28280251122830896,0.41454331589322985,0.0304524034960871,0.13559760188502226,0.024490468484178293,0.11987145832007758,0.16872588818475673,0.33044399840231464,0.784903453087785,0.9334359494443784,0.010809902135079957,0.07864595166956181,0.38499489622320515,0.029261653623681525,0.12329874106839062,0.98549676760803,0.0012759441987070432,0.36270840421912215,0.18229439025664707,0.07294439432302205,20.46099199611302,2.4817822102873026,0.7374885911958549,0.8831056712352181,14.756188008643887,4.449560316209881,0.4363665309376177,0.569986753340307,0.30623994581322495,0.9805030139264187,1
434,0.9785840769874476,0.8901599596880881,0.4778406280334728,0.663674889563546,1.177075189121339,1.0817831281732802,0.2656544539748954,0.4366473571744867,0.1631309422594142,0.3394935730291758,1.177830292468619,1.1593757630928225,0.2732663456066946,0.4372248751966543,0.2789519309623431,0.46874336647035303,0.390053070711297,0.5380740657067518,0.34044512301255225,0.4389650968133235,0.362537629707113,0.44270070291122016,0.5289334447698745,0.6336929458603326,1.7990989861924687,2.0527275557205056,0.2632382506276151,0.41635790175687226,0.5514644351464435,0.2569037656903766,0.40836820083682007,0.9255230125523013,0.6317991631799164,0.6564853556485356,0.6054743117453675,0.2625691894396938,21.673653607690376,3.5634478812317303,1.250970692437684,1.786444527224447,3.645742687905604,5.91801316046997,3.7616808465934017,6.57497186568424,0.030658591975775928,0.06461768989233191,0
435,0.5327329916069663,0.6889602944163435,0.29564243409969726,0.462299132473326,0.4584300275171608,0.7083117773775237,0.13936564212703456,0.29347844380179455,0.11437815557087619,0.2834780631982858,0.28094307943406976,0.41670783319838184,0.23420290060249993,0.42823267760442446,0.24757728925991426,0.4003957753479756,0.26448903582026917,0.4435537114253241,0.13840544863763074,0.30196977324459895,0.11329167198225473,0.3037396249566085,0.22320557267468,0.43698489756246356,0.8725334744162345,1.0813040325524916,0.09363944498066604,0.23221236854913122,0.4312520607895447,0.12616528281526332,0.19297982674380265,0.8381643236114026,0.015257336410779053,0.48259944246275593,0.2863455120521396,0.08833124755909559,14.372494166150371,4.627316437649313,0.7141575932901728,1.0454563954616007,17.730828581965735,5.886448944820347,0.6242041854031154,0.9386651157495299,0.25301698886936147,0.9530520393811533,1
436,0.2029283425239648,0.40823931105116096,0.16609875674473762,0.31336405885788327,0.6177367184010277,0.6536339188238915,0.03586875694238561,0.1503556489033673,0.07646980235201106,0.2378125798593325,0.31271653839312186,0.4662325308007172,0.16385318440557364,0.35049486041081807,0.11934762110880522,0.317993593609294,0.14914283782982507,0.31183228656127415,0.024830296175511413,0.12509049981504036,0.050116043482557576,0.18127259833088205,0.16762680857792273,0.31810989876720963,0.7420824905128965,0.8262598007411872,0.0037458551240241132,0.04823050674051992,0.2825872121751161,0.05346378100602826,0.07876272358928747,0.6207629212372764,0.0011364759363573476,0.17506670619626447,0.20232600375531176,0.07278795734475042,13.12076651354144,1.7944490788481948,0.5578195660420385,0.6462977041320498,1.9758258137372142,3.4152142316926413,0.3748982550157905,0.5207129445004587,0.39558867067995657,0.9816026231202857,1
437,0.29774314770696836,0.39404103910475846,0.17616764264443122,0.31424277467718736,0.2623436667659322,0.7336450676726083,0.06012359708159619,0.202324565015473,0.01746264115544967,0.11145643581214398,0.2180027173913043,0.3547465507518224,0.032333093508040506,0.1549733765728786,0.051355398153662885,0.18595766965712576,0.18611869386539606,0.30237709516538375,0.13904647885646218,0.2733204410957742,0.0707807516378797,0.20350768726930796,0.10302010780226324,0.24328927002056067,0.689038128945801,0.7729866637344309,0.004324059261465158,0.0492361751354267,0.19714115544967242,0.5431804645622395,0.0958904109589041,0.9994044073853484,0.0,0.3496128648004765,0.16484715176976095,0.09841363036724968,23.240780294419718,1.5776555248971025,0.7144710743571233,0.9106879374693228,20.61962352451241,2.7117922718269147,0.8497090808621052,1.321433056361789,0.2249031873696753,0.13175344293169067,0
438,0.6733081331608799,0.8379223384072353,0.509914052400503,0.6634025676992508,0.3923975851864157,0.5572495363369516,0.1474144708925647,0.29880149918040205,0.10727505871324487,0.29803078158725027,0.42872577043928134,0.5334009960710452,0.19007579751762108,0.3689625562489105,0.2248125756698388,0.42753771333639656,0.4435253153997675,0.5477283364153491,0.17303928540237798,0.3322005619582755,0.27110549730640526,0.458541694671782,0.42234196155397863,0.5139396788526419,1.4457467591190638,1.3817261181614497,0.035979645038802,0.14671727884599117,0.3314189429717351,0.21674537817120346,0.1858936326743717,0.9605097657640553,0.00045091012649215654,0.520326553860028,0.3904044219857675,0.10884119237706476,16.12811217095714,3.7319351093472743,0.825052266545434,1.0703575153911602,10.093610846462393,6.268059991542034,0.6852099012935601,0.7258543629062064,0.15783363737591508,0.9833259519980109,1
439,0.8909043879170817,1.07623547585405,0.3075735935321215,0.4508695069815351,0.9132285527888445,0.8320530811387931,0.17948230275771915,0.3374170057172345,0.4597570827938247,0.5543707491063757,0.5351566775709662,0.5836751006377399,0.41747378199701196,0.5155675647505523,0.6347768396103088,0.7019377211309705,0.4706369460595119,0.5654589910018971,0.2886551616035857,0.39377340434494856,0.3127174952689243,0.44430534946481226,0.3235416478461155,0.44492395795059764,1.4292567209287848,1.3151945870507966,0.030827053224601598,0.1350138546393945,0.3648219621513944,0.8520605079681275,0.25706548804780877,0.4289093625498008,0.0687562250996016,0.3237051792828685,0.5138563031356715,0.12405294605338633,12.57932018429141,3.9959538540575,1.4507722818236584,1.6035921653725755,11.970618337473141,4.736576482218332,1.1341592241357221,1.2473457585617833,0.08741748933933056,0.8701209966875103,1
440,0.7519813494356536,1.1128964443499707,0.40715990786844525,0.5999230642768252,0.663362607522817,0.6827353457547801,0.2524183050710158,0.4202745534223373,0.28758284209105145,0.4375543544915359,0.34723515307555214,0.4559484652322498,0.2877752385375601,0.4348570105281115,0.4202050130420695,0.5765521778739032,0.6660399427283037,0.7777333618060709,0.191889077658368,0.3306757941484725,0.15966953839714856,0.34715866713564264,0.3065769660312146,0.4323826248182168,1.3629914116757573,1.3185446115874175,0.06035861232921099,0.18879427929260323,0.226278554841497,0.678403629097586,0.23319112167197711,0.9013609115947507,0.0019171572068909651,0.5060754981908516,0.4403747118188691,0.11039181179912896,20.677240368529265,3.855401373305281,0.8484360959083382,1.0974138595629435,9.060133428689449,4.191591359896364,0.6882630173196665,0.8929512399057266,0.2172786287942935,0.903392573736231,1
441,0.7063718107767244,0.9613784814859538,0.25633265347481954,0.46428237186945587,0.8340080038705749,0.9923474295367173,0.18839027663738367,0.33344809850668644,0.27593197721144647,0.43560935875103907,0.5582550023049491,0.6240021747319188,0.27986302731147256,0.4113434915729634,0.3907390237453249,0.5647252347625218,0.3938878476124206,0.5100884278872347,0.1997576366008524,0.3479681109467976,0.21377133426111158,0.3624042091753207,0.5024272679394625,0.6396290682381088,1.7357021771766545,1.6774316460173715,0.019783718970166127,0.11626218023211157,0.3921457771592589,0.5217448029920849,0.3985387492389319,0.1913977559363312,0.03709663390449683,0.5620596677394103,0.4682301255638116,0.10916401357245373,15.213654725649116,3.3022339961864664,1.1055803469519923,1.241783558341975,8.260768616667209,4.338483851899523,0.6459039721681762,0.8770461041860269,0.1635989566111907,0.8857394507166306,1
442,1.1447475584805975,1.0444842967157386,0.7037500477318274,0.7099129503388492,0.3253166041173256,0.5100001082341544,0.09539187256330843,0.2823192615113418,0.10144149398797596,0.27336199408816125,0.4231242635270541,0.5381729586230429,0.1576245122973219,0.3342171215914406,0.2753087706321734,0.4096191984320834,0.2429611149571871,0.4521846163315612,0.1193707883038805,0.2742112495915021,0.17126731344507196,0.3221799059022402,0.36904725095645835,0.5003964740300478,2.1545913862269996,1.5316590702849024,0.059973761887411194,0.18114428222698994,0.14428857715430862,0.7592457642557843,0.10812534159227546,0.9952632537802878,0.5463654581891055,0.4819639278557114,0.4531369099367566,0.15484263313551713,22.25433358104856,2.610851692855253,0.8189975244998134,0.9648432310409206,4.972402014491062,4.656513151849071,1.2416589196882257,1.6630482923636725,0.08200867052023121,0.3873880195541834,0
443,0.288745604011288,0.4590382860570118,0.20783730528119332,0.3500023569882162,0.33389077464220923,0.439740880954082,0.1839620324027414,0.35643685114446033,0.2581001529933481,0.44977309885839,0.28461252222334205,0.40169671375999744,0.3504726952731304,0.5590331254035957,0.4015485697943963,0.5779435564017633,0.5759300578512396,0.6965280520085454,0.1340411148457972,0.2926124559675834,0.1319536543035678,0.2773995574046885,0.23832935260028218,0.3916877328140403,0.8443532769602903,0.9168193841732065,0.07322695338641404,0.21192117633815924,0.5635960491836324,0.11655916145938319,0.19824632130618827,0.947742390647047,0.027565007055029227,0.33360209635154203,0.3076431476120886,0.09488702143613077,15.12949722519447,2.1921135139228736,0.5815192525365522,0.7042907701243075,11.552841036977057,6.579180813435305,0.4457309187132746,0.6931330293340705,0.3247412320369812,0.9450253485424588,1
444,0.5852647200244916,0.911406604831517,0.24343915094239169,0.4196099319705003,0.22931811766585025,0.3838052611970564,0.1128294405547865,0.2653396910078162,0.15125254693323395,0.3757045568070525,0.32756380635715043,0.4307243486931063,0.14525127334682142,0.37267635715934416,0.24855883420296027,0.48240178816283497,0.40093796949206684,0.5164675186007804,0.06388477941646258,0.19658370135281916,0.08030412253753594,0.23596798197633906,0.2625384575657545,0.38902840484251205,0.942529363752529,0.9732207835327497,0.048123978915983384,0.17264652083060045,0.19377595570226813,0.7756096262378873,0.09871153231817698,0.4039505909913747,0.042407624321158556,0.33894153977212227,0.2744140401220013,0.0912687303672687,15.39487408554775,2.8579722040240436,0.9692053563273563,0.9955494609253503,8.04629098380546,3.7182184847825854,0.7598804521600726,0.8929120209942245,0.15129912521216868,0.9678256225042602,1
445,0.307535916803087,0.39917856566966536,0.1482979624649205,0.2959901938698823,0.16055335184752104,0.30231577159084677,0.06864757080215154,0.2111274861580223,0.25502325713283447,0.4702255266662145,0.20023565715622074,0.33086679239444045,0.31491262792329283,0.5053810364766641,0.30740255963517304,0.5936814030508752,0.24770473275257254,0.3765903510510774,0.038458325011693176,0.15191590187086165,0.129287609974275,0.29082600771896217,0.16263182243919552,0.31299227918655687,0.5817024753274088,0.7418487357307667,3.149888914873714e-05,0.004119375540186712,0.21380963517305893,0.13248362956033677,0.08003975678203928,0.9327642656688494,0.08582787652011226,0.19322965388213284,0.20874466915424963,0.09014869952639888,19.049448031981665,2.397180789650148,0.7281403193184319,0.9013721420902091,20.682881930928072,2.376991196931471,0.5160664777918283,0.6681058585881138,0.35011107213843096,0.8034758102395491,1
446,0.9754760300973738,1.0744289739084762,0.3976808618692829,0.5130722105057669,0.623271099734435,0.6344771236584456,0.23821658959132488,0.45847925792724303,0.20940321968132194,0.3481200392383894,0.3460523047359103,0.4698055396059166,0.3284838576645028,0.4401571607420634,0.33394097255827676,0.46385619638634185,0.5046057390085571,0.5710626227951584,0.2731249198878725,0.40822223653035283,0.2981623337636471,0.4393951798252781,0.3944098952862201,0.505515553357987,1.3215116050088522,1.3264086432339122,0.11873288805694895,0.2578237676553849,0.384294777220419,0.45448509884921806,0.3485541457657126,0.9067940395396872,0.004241664207730894,0.5250073768073178,0.4545051654960376,0.12081900039256602,21.76729001806335,4.334874696949357,0.8596111325837581,1.2277498266610587,11.946803382543848,4.755354064116487,0.9815685934759104,0.996233735006101,0.12808496291301416,0.9618205085405886,1
447,0.8485261029356337,0.9775193316123232,0.4926375039574522,0.6153140366342106,0.3831859049792705,0.5430653174867488,0.09592660659994136,0.24364325319415897,0.2798528123874534,0.4994331632878099,0.2655764967544704,0.4185370170383056,0.3488048927928305,0.5804459869944932,0.44984251015536664,0.7054031259375926,0.25606989258344154,0.41587104177023315,0.13005790146153526,0.2931569471740683,0.07746458846685371,0.22430695269367512,0.22894230152016415,0.3698203322840223,0.6977001847648563,0.8166159097955465,0.0086276957996566,0.07019096605841277,0.3345617488169521,0.2488378910339629,0.20691821265547133,0.9449306922400436,0.015117886008626827,0.31936010720716945,0.32594395679706617,0.0960028995339404,18.23788601417975,2.3057899531589388,0.7100590589593242,0.9874059704422913,15.400714436577806,5.183703938064281,0.5686664305356006,0.728464166475772,0.267528988237264,0.9705946092374372,1
448,1.1451517463141117,1.5032451717701607,0.5400826429100017,0.7991533404617432,0.6023902797574998,0.7439854974906243,0.16693486056241816,0.33537942073948596,0.3051947681732794,0.4705313804913282,0.402275909147834,0.5073600523361987,0.4031221764957022,0.5465054982878051,0.433565322394262,0.5873354008279164,0.638443886093243,0.7126637244808501,0.28841872676040303,0.4063975427382348,0.30829954576763247,0.4440294580918229,0.4423544677520351,0.52491590605314,1.710585480531679,1.673176043163014,0.14191760514031992,0.2905707939865206,0.35301986679569647,0.21082142653839586,0.09651619513861218,0.9375249046507657,0.021119143849262823,0.4403711504525531,0.5377669584143158,0.12047111346068612,15.818688957773471,3.504599867379261,0.6773631768685627,0.8805715895595145,3.490142798874314,5.546872913012429,0.8793276378823955,0.9057321605828756,0.16553670752967872,0.9838783548593937,1
449,0.5274035945168386,0.7509028664196085,0.35561401157556266,0.544991380716617,0.5881273912675579,0.7759290293222467,0.09154395803012355,0.2334898231913505,0.3512598243696057,0.5476490781677763,0.5073982823151125,0.6175377300678079,0.35669777478422743,0.5384942119929006,0.3685844817735658,0.5938321873341909,0.5191923707564731,0.5882758848590759,0.24964562139109836,0.40869837222399324,0.47360186752411576,0.6542317596518269,0.35484092587578275,0.48469158959855657,1.2626763563716363,1.1836053572271386,0.04145987449653072,0.1549124384629431,0.3362667117955661,0.5601286173633441,0.33934675918091045,0.5690641394482993,0.033406667794889155,0.3592486038246742,0.4320033096463023,0.14201750574445865,16.8358248470128,3.05367734824563,0.8372837449610383,0.9851635524053007,13.933137861763242,6.460042805091558,1.1053253398697491,1.1175356400918826,0.09687858154115823,0.9589982628211354,1
450,0.7407375953497093,0.9320854759211419,0.588105830911307,0.6149872070100747,1.395227931792612,1.1068871988032947,0.19656422084192762,0.34262317086715555,0.2760055416276017,0.4204080237195482,0.486451243296456,0.5603874049581586,0.24297245415338456,0.4075868110192992,0.2627521310706919,0.43396477606233697,0.6443406271329457,0.6784820551650532,0.386649257359835,0.4508522938936097,0.2649191839958747,0.41943520992451955,0.49885078183011444,0.6084574337966122,2.5896412155447215,1.5735730820624898,0.05643124662478905,0.1862167099285829,0.13430526907931745,0.073176448528033,0.3062535158447403,0.8911963247702982,0.00042190136883555224,0.3309113069566848,0.616403518680855,0.13070650272574455,16.884947191867262,3.0364461234313116,0.836769999295189,1.0169708103548198,11.514260803616468,6.990654001187989,0.9541857402182118,1.746542002467423,0.18561857562408224,0.5656454760908964,0
451,0.5098017591476949,0.6352291495669756,0.2902870013317268,0.4077203813135028,0.34568535312955795,0.5079090811487545,0.11833790896696048,0.26374722803549155,0.14802606122772527,0.33052096604032927,0.3106291803538589,0.4204718586393396,0.14918450364639482,0.3421872180087583,0.20461975616716344,0.38389037032513657,0.2724087435474665,0.4581053070366618,0.1530863491026698,0.3046641991193938,0.13181726710634792,0.3401275519924672,0.2024371928150168,0.34654790415495706,0.9100258016995371,0.8960249196669015,0.058731643255754966,0.1905887370722704,0.43030629716532437,0.6557486207115226,0.2339400088781787,0.7945018707590843,0.13491660853573467,0.34371234700995623,0.271791322964134,0.10087829521786203,10.263251925087717,2.771626131300715,0.9236011732238221,1.1980978720924245,9.258675014357083,5.746487128356741,0.7542173868335855,0.8891662341975104,0.15989134796431767,0.9006376096183691,1
452,0.3674104636523782,0.5364444667491147,0.259186355412018,0.43389128104949276,0.3138360143668037,0.49698050208035005,0.06298945703660207,0.2021273799790502,0.46009986275200626,0.6071293113649416,0.3411280957525934,0.454314663962668,0.5310182903112155,0.656316558816003,0.7491887020551967,0.8584689942753174,0.6174037819534156,0.6535338623515565,0.1729189736934821,0.3120369301264061,0.3245816980230965,0.4680871413876508,0.2817285054609513,0.4267285205771684,1.0500100243491877,0.9907561813471487,0.03218597741240947,0.1361407775443175,0.5095713446858485,0.2715599921706792,0.16880015658641612,0.6521824231747896,0.0007437854766099041,0.3947935016637307,0.3974061573022397,0.08700508893058476,19.392519232701485,3.606794454982574,0.4921487154961026,0.7391202417963079,7.723903765361335,5.149631016845476,0.3697860100645958,0.6989545807892487,0.4842924873761708,0.967682675364601,1
453,0.31691426094036235,0.5778708620739487,0.20715197598208834,0.4202966529188908,0.2289742491349481,0.5585828536919756,0.02342018237329534,0.12095833607498165,0.776758991858335,0.8257150550514414,0.27499089476898025,0.4310599483253003,0.8615541237533074,0.8820988354952946,1.1616674054549156,1.0535181736190573,0.8048853753307551,0.57638034559277,0.12232057520863017,0.2818747748430778,0.15226429493181357,0.3162651807493709,0.2262402045593324,0.41804378548340754,0.9729072682678608,1.1877276261418563,0.030388123956849176,0.14969994858254707,0.16079788316710766,0.5047832281701607,0.11154081009566456,0.8827600244249949,0.5927132098514146,0.2527986973336047,0.4400312804658195,0.09161392633201489,23.73901665266709,3.0042719542679275,0.6602610144475637,0.8516333168945324,16.326720365663665,4.586565923858795,0.9416584534087342,1.9918211414011453,0.21127573600153934,0.16477768090671316,0
454,0.3402186063123654,0.6528437323661412,0.22765788219262384,0.4562958294860466,0.15652227495714097,0.3409668395941535,0.0512387852213284,0.1883375664069501,0.16613585529034242,0.3068062113116404,0.19396381414567673,0.3397808060640867,0.167406972306475,0.31543169180213454,0.3081494823069146,0.40563980014236467,0.3285590759154248,0.4128994570615732,0.04738002413292892,0.17899453237372603,0.05188593779946372,0.18830605089437305,0.1608395893006286,0.3088052945823488,0.8704396163347841,1.0336991573283274,0.01159168592026023,0.08339863473732634,0.31122247131742053,0.9497120752560552,0.08857532199217548,0.9758231131038727,0.0018462349993406304,0.37940129236449954,0.22014211443831125,0.07739490354254064,17.820945815128766,3.03533018736854,0.6115881116471982,0.9136427464365757,6.20056394535637,3.0556291261960706,0.4253471901452118,0.569340516673515,0.4188041305796136,0.9779629169084528,1
455,0.6946998517196186,0.9492614313421859,0.3318307842906856,0.4689121580556067,0.45761222483843267,0.6733229111846998,0.18821258100962626,0.40512557163713825,0.3347904531567768,0.5080239537311482,0.2859033747457857,0.40846095417231665,0.4209886774980793,0.5653063470473904,0.3559675398382067,0.5289691991534327,0.5024126755095585,0.5924144071426485,0.12278601391964568,0.2795060177832691,0.1466135767614227,0.3383791327750535,0.34074737357075063,0.45790934776377357,0.9339879753242645,1.0088506081731512,0.05951400578478782,0.18950919755663267,0.19193745198174175,0.3673340263027071,0.15496904234645456,0.9448185474759344,0.44461517602928546,0.31463822479323905,0.36971907914054586,0.09295914766725637,11.011300449368834,3.8753604086453337,0.8509752286684353,1.1035824702797212,11.22154506124967,3.437961134781164,0.6499910979379773,0.6901544580021237,0.24267370587445752,0.9896050819599308,1
456,0.3997249914887988,0.6123439359265628,0.5116376843799613,0.6314780987323994,0.6170036730904921,0.7143076417896722,0.10333687616863646,0.27011567061483965,0.354491898527077,0.5271720055215299,0.3302218864879167,0.4571429577265088,0.3253577965249603,0.5128614677026164,0.5267131394425825,0.6772774320934766,0.22945527544540484,0.3717332326703251,0.1730314470365144,0.322823894117559,0.1843719785235491,0.3425660179906247,0.40570259653378027,0.5387601372329516,1.5360866783383313,1.2721560300246764,0.01692434230022932,0.10076979713688324,0.4426265655318398,0.6520991356500264,0.2603633797847945,0.8507232316105133,0.04282060328100194,0.4249426706650203,0.40814716173487386,0.10948990366041897,15.238483675149793,3.2956010952200723,0.8301139135273465,0.9935355836455929,8.605088680142867,4.744938327884982,0.9856960441388833,1.0595552821474417,0.11770351627257657,0.8624001006859228,1
457,0.4346633485092385,0.6533809309498733,0.303666719799832,0.5088375598651798,0.34921952512597987,0.6730382419845158,0.232501914368701,0.3715482153294504,0.3117492932880738,0.5238985534197426,0.38417037255039194,0.5670093573048374,0.4589904237821948,0.6595647459058709,0.34597402715565506,0.6260250599302928,0.5063614626259798,0.6234220153338964,0.13337259231522955,0.28999005126949506,0.0761317769106943,0.22561038329523608,0.28627652880039195,0.42746010366967446,0.7892384813129899,0.8799978517599133,0.04589980931550952,0.16402407361066523,0.30487122060470323,0.26739221724524076,0.13115901455767076,0.9962206047032475,0.7891587346024636,0.4228723404255319,0.3327297339900616,0.0933469306086739,21.348377551192733,4.375842938650628,0.7289355618302088,0.9731457838285826,13.227646909821246,3.4799244368165625,0.41459243293080467,0.38130559943459824,0.2944673707770861,0.9902208675372058,1
458,0.5123069355424751,0.6240038028562902,0.2233089895356442,0.3606253339069706,0.2951591645955962,0.4477646465719943,0.11886926073686505,0.27415487386093096,0.1935157766877407,0.3320576795874732,0.4323482775961049,0.49946352019101176,0.23497309221713536,0.3541182852254664,0.2825312249836494,0.40567675724029284,0.3245067099774726,0.4485575038641719,0.12532566717535062,0.2797365826128876,0.060221676404331084,0.1975188587891913,0.22546707862800666,0.3819628479881771,2.012266785044692,1.4360766489034718,0.004280117869340891,0.04850552821681205,0.2562313785335368,0.5847685487973258,0.11496257539423008,0.09432454036770584,0.01780393866724802,0.45381876317128117,0.360362911213886,0.14060174451308138,12.97245674382589,3.4588520628041395,1.4846097407331822,1.832060727446988,-1.2983037751419377,4.383242433017301,0.8465967424607669,1.1362633534685949,0.12793223284100783,0.48416040803911936,0
459,0.5023487612161789,0.6808578809687759,0.29306874651435666,0.4585647709278756,0.7858463030438984,0.8034992448900408,0.0346557885146328,0.14728193915201213,0.042806703789342905,0.1617860617586116,0.24101693021811155,0.3904372524097262,0.1513879084759801,0.317519050030434,0.14940295054527883,0.2937351443926522,0.5069775172901713,0.6007434365896446,0.09898376197542794,0.24815884910112077,0.03291626898122584,0.1588905516448111,0.15679555684014354,0.3235303915860847,1.04411890167725,1.1495326398446861,0.09081756760767531,0.23600713827877487,0.40495582551076753,0.009214522363335174,0.06011871893981226,0.7845803423522916,0.0,0.5439329099944782,0.2950816904778339,0.07839367839270307,23.638474384987788,3.0745628206463236,0.4433709303980218,0.5364065188504875,16.90539702747218,5.354425772260117,0.38831062436048297,0.4299839960838807,0.3822749043795872,0.9915453157402977,1
461,0.36985256403056693,0.6018162552578726,0.1989704210058646,0.3800670788402072,0.2992882807179669,0.44117712609526616,0.08065373044250933,0.22838577048320371,0.06712011359516616,0.21505853148622806,0.2990091805580238,0.40902324507370885,0.11606362772347611,0.2905969474845545,0.06574383166874,0.2105737259005772,0.2960256348676026,0.45506479922884957,0.11912434181624311,0.26709433251893366,0.038339709116758484,0.15698843557851572,0.28613046461702507,0.4357533911013032,1.3247082971387951,1.368145905480096,0.02569726738937267,0.127476362049812,0.2838457437355607,0.06763817309401102,0.2157810556246668,0.9961613648480541,0.11800248800426515,0.45239026124044784,0.25619481890629364,0.11309172783312514,19.9049755250967,3.170879895072365,0.6380290680891123,0.8271750823590156,6.334031125558764,4.118251475306701,0.41047746094986437,0.6633218369060427,0.393861351208326,0.9602549299282302,1
462,0.793416551689984,0.8682585250850609,0.4457411977219265,0.5803944921238724,0.2960323378729726,0.5381922279648249,0.4303333555775659,0.4783843509021971,0.251212186083942,0.43469190475283503,0.7031636310511329,0.6449390175644577,0.4083996524699765,0.5365185965294484,0.4101028456109942,0.6018865374758898,0.4131225328711155,0.5094019311371156,0.12501598588584872,0.27675734956683745,0.0568296680698279,0.18935078190922044,0.24799549374767862,0.44255303950472924,2.383463654079485,1.5408920882824941,0.08042814634146342,0.234306932767209,0.30630184474433575,0.47010028475919274,0.192769592670546,0.18323635012999875,0.019066485081094466,0.42144360529899716,0.5032326599338509,0.11967145911165358,11.286305600966845,3.3904969585859592,1.4254636786850956,1.5344354238707705,11.868429752143548,10.880394990361488,1.1703005417363341,2.140643234306724,0.11594039286520659,0.2969858156028369,0
463,0.28222113891138484,0.518631350167671,0.17051718464686075,0.3384777775201744,0.3718776182600912,0.5251628941995153,0.030588545074804994,0.13898896915844627,0.26653438378585737,0.47816578029081674,0.2963821963684412,0.4256380785464,0.30870848373897103,0.5119850062201329,0.4587363479391331,0.6731432255033103,0.3255456270832445,0.434724160579821,0.15486848135203102,0.3165855201843968,0.2159014963130301,0.3830384808540895,0.3416659587400367,0.4824980708476666,1.0053007738800561,0.9593309574454496,0.017288823963172925,0.12340648553553242,0.3877925067132688,0.5620391287668898,0.11708793316567921,0.8720003409914326,0.004603384339968458,0.2704914539022207,0.30329550428979396,0.08182173938314456,13.570495369663542,2.4437195313788633,0.6107750495006293,0.7474352524786302,10.088227801592485,4.964887499544612,0.5209640874551893,0.7749952906022994,0.37177302547499363,0.9373510656708867,1
464,0.2421218550764951,0.419447402036691,0.42557598744784425,0.49996246587138876,0.21370892600834493,0.36417355042138116,0.19340934162030599,0.3647679156417239,0.14824505100834492,0.3457501203193787,0.32855530479833106,0.4795141005634755,0.24896706338664812,0.4481850146982405,0.27441070984005567,0.5001434203201472,0.40950050886648126,0.539455861317119,0.07184503675243394,0.2053668409637143,0.2139643505215577,0.36487682086297085,0.2240698304589708,0.35904845093591964,0.952366926077886,0.9412502525010376,0.028747449617524335,0.1255198967645062,0.3260083449235049,0.40535465924895686,0.2800069541029207,0.9149165507649514,0.8624826147426982,0.355528511821975,0.28396345296294456,0.09629810843313646,15.507768774507536,3.0606700786677616,0.5693227278318123,0.857836957912562,12.91863735459333,6.638291791459032,0.8874449522743724,0.8396458724355657,0.1061139896373057,0.9822282670293552,1
465,1.2483668536844479,1.3931409146522744,0.7968891081994656,0.9267968402614485,0.6105097515693911,0.7383664132763792,0.15747686585326592,0.31931602798607733,0.45719188005022054,0.5866297988217459,0.5658410748478898,0.6926558172011613,0.5565073166790071,0.6447049077942356,0.7538551571322795,0.867344687896308,0.5716427258474712,0.623870360037829,0.2108117667965103,0.36199200513884583,0.2994955154041786,0.4400844851680799,0.3633914098767021,0.4807271190133021,1.129458842545794,1.0550619533247076,0.035012698483726616,0.1525594119615461,0.4302868364291923,0.717026687699192,0.14126130766506775,0.9550268808550365,0.04268744165083862,0.29852235778900943,0.5540322119264536,0.12046756663861218,21.104317356180356,3.147789497822708,0.7824204235204851,0.9427435896650671,3.7564876735858688,6.42143728552447,0.9589915984887734,1.2586909735204004,0.14132027815023854,0.9091629661462064,1
466,0.5693619374534433,0.6955518663953476,0.3068631483136832,0.4600944937247966,0.5142500886953841,0.6604832252477146,0.14487298286712388,0.302360162963444,0.17348682939046006,0.33373175953154677,0.4521007974108038,0.5329469255120136,0.25325446086666153,0.3969945424689171,0.38123191790603894,0.5609083119981464,0.5840760009503995,0.6727087808811023,0.3157595569340628,0.4257278470592697,0.2498401901569443,0.4468050916936925,0.29551063889959156,0.43895148766008224,1.2419105723202588,1.254622999979348,0.15592083933112427,0.31770885366577983,0.4369268706172459,0.0724615345097737,0.38699237111813206,0.7027304718604711,0.006858287739847422,0.5559579769335491,0.40274571153542715,0.10687139436350959,6.647296281938982,3.16800340668783,0.6788960481446802,0.8730952281226617,18.34739588632934,8.425442668491069,1.0039301938776295,1.4330319287171125,0.18391587966118197,0.8589271655637595,1
467,0.5880880710900473,0.6613049817508972,0.3014673916415338,0.4044577927743262,0.2875864623007324,0.4756575284562385,0.1535440960792762,0.31009458296044334,0.07968302154243861,0.2245227398058385,0.3865773709607928,0.5031351991687084,0.07290057690650581,0.21476081831947497,0.11890842955622574,0.2848641786907929,0.302585546316243,0.3945752254852016,0.044841950452391206,0.1636829558847658,0.11477342352434296,0.29264059904097706,0.4355430512710039,0.5254975419135487,1.5612378616975442,1.02147866092891,0.010869149073675139,0.07672146032792229,0.14691943127962084,0.03231365790607497,0.13442481688927185,0.6884963377854373,0.38388625592417064,0.41232227488151657,0.31847188588662523,0.14851056228448276,18.405792116129156,3.8841404181972816,1.118576379973659,1.7622210145205375,4.510469232300712,5.4537896987687144,1.6408017473737164,3.518250433956011,0.13726333907056798,0.07726496863292766,0
468,0.44810615037426815,0.5899542598383081,0.26783833895353143,0.42798394494769193,0.24426004706143922,0.3765886394410379,0.36472815693322463,0.4530951513207674,0.08724403809382643,0.2364266458777152,0.33319181171718665,0.463603386709045,0.1434903477729193,0.30530993459521305,0.23221354331875788,0.41573558611098743,0.29538249492329355,0.44059648015938724,0.24326265752612466,0.4050648549418734,0.1699534092862966,0.35694378749977135,0.23468406925813384,0.41626614110783944,1.2552523195360556,1.225814056985006,0.06263962384199215,0.1880517238325594,0.3508856444082117,0.38201289557548357,0.12065515452456829,0.8878677832950419,0.0036685688875713334,0.4082857778107167,0.31301764347121785,0.10100085077423965,18.76000542358476,2.6917111260573745,0.454425586384577,0.5228995501127546,-2.8462793307338723,7.587845587918294,0.7575213293026559,0.8519111980654694,0.22286968094672854,0.9764835242790763,1
469,0.5665895156142167,0.8665053781984938,0.20135421713250518,0.44411265062748473,0.636687793305728,0.756656781085139,0.12567804727398205,0.281108120423233,0.13474761801242235,0.3435274896051271,0.46240017857142857,0.5446917784947876,0.19777398412698416,0.4222228040018466,0.1994473052967564,0.47166869871280337,0.34703224447895104,0.48079635377198604,0.16696122869220154,0.3069151019616637,0.09510087129054519,0.2314580658754329,0.25171882850241545,0.37866423059633925,0.7300909721359559,0.9106679622251598,0.03978663207384403,0.15229880042945065,0.39320220841959974,0.06513112491373362,0.17952035886818496,0.7579365079365079,8.62663906142167e-05,0.31815044858523117,0.29681210260770974,0.09620739628652772,13.555047543989508,2.679498218476812,1.3204868549153306,1.3897390055390446,7.732413429468398,3.7694045602550696,0.8954665006473186,1.7742755126457892,0.25829138288421677,0.3807804964643924,0
470,0.6684765720056364,0.9012632086546306,0.7777404626115547,0.7554914037051303,0.4068547623297322,0.5428338938406785,0.4017648896195397,0.60266397552909,0.19187860962893377,0.3265699696203193,0.5861824327853452,0.7628283593791356,0.253095317472992,0.3688751646120468,0.21324479755753875,0.36319905104026984,0.32342810540159694,0.4367869824231572,0.3194667303898544,0.4066499717258589,0.24399345796148425,0.37689789837668425,0.42211133466416156,0.49868992299505066,0.8562599706904649,0.9371044586619448,0.034189366040394555,0.14841318715642604,0.3615312353217473,0.19008924377642086,0.22414279004227336,0.7261625176139033,0.19267261625176138,0.342555190230155,0.40704905779708783,0.1278400476939801,17.253915365953656,2.7585317274529695,0.7439485245227695,0.9149334706107817,21.806575161177967,4.865209189366678,0.9709443344288241,1.2798941608173504,0.11426560300328484,0.7432837903844812,1
471,0.37166026627063203,0.5551599524189964,0.20151670259803736,0.36971289792689305,0.23939212264541113,0.3782692210424951,0.0390075268263338,0.15453287534202165,0.08634345783359025,0.22510653008612433,0.2628722511185472,0.39797138148399114,0.09362959093130804,0.22678292120615323,0.18151755359627025,0.31467300847043533,0.2823903901191864,0.40411199775945206,0.11057407628679927,0.2505716260191,0.014550165544986275,0.09728039037381289,0.09942021239237508,0.2426256934426753,1.0725734487348197,1.0121044816385554,0.038597849381509196,0.14519165951194107,0.28379140504568184,0.20780539158551717,0.08046020227845246,0.5744632853329323,0.00018799112681881414,0.23397375643869608,0.2210032581628433,0.08343781905979418,27.124671067735104,1.972251805286454,0.6330160118247838,0.8376531415957942,9.546620708261077,3.576865785331697,0.423970557210149,0.5314369281641643,0.34295256679675773,0.8918246154533075,1
472,0.296619078341189,0.5391351406860041,0.16788689702752016,0.3574507069550964,0.46444286156302267,0.5760081220246664,0.1009469370533678,0.2616698783198271,0.26686059506613957,0.42364556801830083,0.3075749098753231,0.450810917961565,0.24400316348639198,0.41643401142963016,0.3696330248213472,0.5387607286180125,0.48284278861943136,0.5589777936383488,0.3533304191120572,0.4636256307231788,0.08585715436369165,0.23379298634464166,0.2821363016953018,0.4192712704992339,0.8595638780979169,1.0357763781995402,0.10824844461760683,0.2691801250059836,0.405694085449293,0.48570776949977196,0.11612437281435305,0.9207085297247986,0.0062718564695149765,0.5137220617302721,0.3135676038385934,0.08904453792581007,17.81506562494164,2.156226583943816,0.6010522998667297,0.6053754278114432,5.267970768414252,4.656154510492026,0.5539379076012781,0.6885894972357597,0.2761543943883867,0.9797234115852157,1
473,0.38241429613899613,0.584672339141565,0.2858293200772201,0.4686704314419891,0.19774033166023167,0.3982579643552875,0.059930268082368086,0.20701222208927036,0.12510282490347494,0.2773103695828756,0.3603922117117117,0.4492125070261158,0.16304415830115832,0.3195091857584911,0.24151717606177606,0.41416167350297284,0.2627508871943372,0.4128038727950145,0.047493437065637065,0.1851116873202101,0.09936154536679537,0.25922571571780634,0.1801599323680824,0.3752939662350913,0.49435338159588155,0.7249067401542175,0.04367360836550836,0.17633258456989304,0.2485842985842986,0.7940797940797941,0.09034749034749034,0.8458815958815958,0.07606177606177607,0.30263835263835265,0.21026881277808418,0.07173863021613819,11.040611187503938,3.3220178754180507,0.46736770105327946,0.5910266818826752,19.3435701140591,3.7633622446710824,0.4073817953182372,0.797572290665635,0.3980502627081091,0.9820000000000001,1
474,0.43481219882652494,0.6996246573624488,0.15796346200966824,0.35661400833450113,0.40721657116498766,0.48640954728075364,0.11096608468947194,0.3002252673332069,0.22344856526071072,0.42971093553842576,0.36072712860253153,0.48960334318649623,0.32452980593379827,0.5232091338415806,0.28076523495331934,0.4998851341407985,0.49720919893723015,0.5940075322948252,0.049637460349090376,0.17317541562779226,0.14221833038119489,0.29866715854268305,0.4264951263884276,0.5065915334065646,0.8127852424443707,0.8902600657649137,0.04782429329495553,0.17045767651705793,0.2598988892579062,0.2322594929702203,0.10181187497693642,0.4737813203439241,0.002324809033543673,0.4192774641130669,0.30547133594544873,0.10218931482028194,16.755036182647853,3.2093682446393696,0.7102074290282859,0.9728341429637896,7.333010417797561,4.527434832015644,0.640820457407967,0.7572317568842821,0.22867380891440273,0.9800277957491673,1
475,0.21885560081128946,0.43800216526762137,0.3975955242529852,0.45685523217122365,0.18743236085242526,0.3553736922929712,0.10056688824772896,0.2570733139370901,0.14560799720047993,0.31358418679816996,0.22516796743415415,0.3624537859136912,0.21258198823058905,0.3630214111841656,0.29710354962006513,0.43623234344518347,0.36533989664628924,0.4780572470104832,0.06747692395589328,0.21081151525446964,0.07441648557390161,0.2171644963071541,0.2636960030851854,0.4224615913618208,0.7057415170542192,0.8926351411411046,0.09333949865737302,0.23343132337881192,0.3568531108952751,0.22687539278980745,0.05719019596640576,0.9528652231046106,0.0014854596354910586,0.4103296577729532,0.23963730011589848,0.07908723704229721,13.92990712593684,2.5061970557637343,0.4793792198470913,0.4805004485433281,16.919162368360382,2.891813111317539,0.3586539464923649,0.41802585085552785,0.3770949720670391,0.9950426671207735,1
476,0.48698107351225206,0.9243936675735451,0.28187545833077443,0.5616051165774739,0.2694357389915863,0.4202601265645768,0.10090026899220046,0.3228406080909864,0.23933869133452065,0.40916321252889504,0.4088060688448074,0.593616499071611,0.3380888175397654,0.4996697917831169,0.47369316194804395,0.6551785142392822,0.3653105527236996,0.47563731287003486,0.2817628101087023,0.39675680814854863,0.3493673902229319,0.42007613903424956,0.26866019173371003,0.3714062249263564,1.3917138347356137,1.5467060148424148,0.02918884560584659,0.13610246299129378,0.4471534729472456,0.5851501566050482,0.17539765399496407,0.35226923785543207,0.18577657679788737,0.352576306577412,0.3775087789017468,0.08803063284170073,15.136374680308473,3.9551813268250826,0.6111937925736572,0.8975051919932038,6.971917678502709,5.985497162557138,0.617587778495348,1.0568088155641577,0.2896239751201583,0.9426955014143626,1
477,0.603328021272513,0.8956660215944284,0.38051838073960365,0.5916340286467697,0.5110555997149044,0.5550243677153901,0.22497865835138028,0.3726416044633459,0.3389833807396036,0.4983669942538759,0.34126233586446997,0.43492256883437747,0.49381016557471424,0.6021444833896985,0.4002126404232572,0.5632212674540374,0.550581929192138,0.5789391423274693,0.19528776578305326,0.3281143051885651,0.26297515274541516,0.37137501967294084,0.2922385279749993,0.4161533282590419,1.1086639405685461,1.0894087188594075,0.07235409709695989,0.20908378766993702,0.4185970010142822,0.2929356616135311,0.05803338907316538,0.7683050522218262,0.0003015433537103539,0.4841963869623619,0.4125893282886827,0.09846301027625262,20.242923834950727,2.723110909747065,0.7677199159851743,0.7993501090150521,12.501974340846742,4.6331522080040335,0.7900777290184262,1.0007661693045846,0.218543225214033,0.986717013470448,1
478,0.7045437701277955,0.8964048235393887,0.4084304906948882,0.6025220018593717,0.3156821305511182,0.45764317676737937,0.11045706685303515,0.25611499436429996,0.15809685331469647,0.31430099296995384,0.35198923222843453,0.4524715742693721,0.17572490311501598,0.3322642874211098,0.28419080255591056,0.4359246106213453,0.37816861413738023,0.5471475778334072,0.15258522376198083,0.30929620132129604,0.1503860268769968,0.29962627454108653,0.22299689900159744,0.3655755645719902,1.0767695252396166,1.165029942794873,0.12823886853035144,0.2859888306581249,0.29940095846645365,0.07240415335463259,0.07000798722044728,0.7592252396166134,0.00115814696485623,0.3729632587859425,0.3298757433563441,0.10115411610744382,13.380067742228603,2.481692745880426,0.9344612145041042,0.9391571624020603,-2.098780708424871,4.780371298252359,0.7053586248218133,0.8740056446272381,0.21132820209196762,0.8985414367263621,1
479,0.6521311895609717,0.6737485429945603,0.3286610719572209,0.5074044479963163,0.33789279862052934,0.4724703202074147,0.06481083368853412,0.20109442045419026,0.07900183016235905,0.24289929438624402,0.32436938059441234,0.4429240406860557,0.2721583416902391,0.38742902864108175,0.1396402639593909,0.3317951915319459,0.32150144631301586,0.4153424126336629,0.0588928082303251,0.1877916863906589,0.05471306273491689,0.1775688934761332,0.15931193672259464,0.3077654400080117,0.7187365571744099,0.7640143083506761,0.04901255132328438,0.18051116493688138,0.3194482117255008,0.0466927577788972,0.18580230170108886,0.8694927732785678,0.007711086139419537,0.28779013445964274,0.2543452909094432,0.09295578711761385,15.612983957992215,3.7882481034338613,0.6860985502894492,1.1300885351920589,22.70658190959587,6.046319595653839,0.44262358568282406,0.5627791593379123,0.25464619646773634,0.949397678591044,1
480,0.4038954184900453,0.7895851266376123,0.21555062139430972,0.4671858310467717,0.3884818839608384,0.5081093505126474,0.14084707431500096,0.2964281388306407,0.708950630724752,0.7718216725861573,0.47139585642946313,0.49625629075540356,0.7551376845390629,0.8150381812892793,0.78261637663447,0.9288233541382815,0.5213650166239568,0.5500450895635337,0.4700153696037847,0.498256906973276,0.11745574663249884,0.256942611908927,0.24837982403574482,0.3936340980238726,2.3801705522044814,1.898952197132747,0.012745483803140811,0.08761776540269346,0.2343123726920297,0.5991195216505684,0.2795847296142979,0.9366581247125304,0.05039752940403443,0.35547670674814374,0.5440719670993964,0.11183445021872596,14.74913792721109,2.4800086598400357,0.7419283100904356,1.0699234389368002,8.687473970689027,4.27345128776483,0.6609659681496683,1.1407202827871175,0.2554186900390856,0.6288409703504043,1
481,0.9160979646285844,1.411463077336124,0.5699502953784327,0.7877289073553214,0.9041813808885912,0.7808151276782894,0.15991287248429176,0.344859787884468,0.35396909393040543,0.5678122656516819,0.6424585553216599,0.6687279024972265,0.3832590990973751,0.55888361452273,0.3791177751411348,0.6401863642251814,0.6531686831882116,0.8314604133003111,0.2737716240551143,0.38051734512944385,0.28941307083851625,0.49908062806453163,0.7641233589449176,1.1454991681479318,1.5302328011673527,1.3088467790268958,0.19956870133639526,0.401978223894936,0.3349918668070041,0.29509137881542435,0.323350237616815,0.938251522980257,0.005996236404809747,0.5638375912990783,0.572801805457213,0.09916614709929647,14.894369115799444,3.5059333540437456,0.5907415812330322,0.7743967020398393,5.937558372461341,10.643673333705683,0.6818014862896276,1.058551053912256,0.2164098111569351,0.954017497238064,1
482,0.7926650692877645,0.9381654855304079,0.5708762491155465,0.6553658781961788,0.7275841321340364,0.754032258540676,0.14533016070355784,0.3235702365385856,0.11741353471063345,0.2774161901625692,0.44265281970495957,0.5666487562309171,0.2391938338562179,0.4034869773734828,0.15546262162071958,0.3221128420556059,0.38000978676323344,0.5339834640740666,0.12650014491689474,0.27069166504822484,0.08520758637607637,0.2299460676322178,0.3499943864561778,0.4793413252466555,1.664438778018824,1.434861690615215,0.007497725051732194,0.06538562242804058,0.4006741873039183,0.012749482678058874,0.2561577998798478,0.8955343435017689,0.02025899472665376,0.4889526733862893,0.4146304877654553,0.09742115072689733,14.669201820491928,3.1967231832688916,0.8419167211417877,1.1457966402185522,11.90404325002791,4.321712651905929,0.5304385512937316,0.5654621209013816,0.2662424202039048,0.9812670374005016,1
483,0.4596390645558237,0.7204821187646951,0.20833681762033224,0.385255745945167,0.3306134008945052,0.4293391983117296,0.13135964257655355,0.3020382408383169,0.13664950293435563,0.2977479626968003,0.3746537895783047,0.48754358656440905,0.16433887891050214,0.322234753681216,0.34010461268872166,0.5060571508737217,0.26477750269771405,0.37874812097068067,0.11439767736286618,0.2515061974995746,0.15848753282218753,0.30060006540293843,0.16760394526480193,0.3159809520800406,0.8796092027071798,0.8762309217623537,0.025897883359363903,0.12265249497007513,0.4537838989067159,0.5746367551706186,0.061763453073974156,0.6012116049032136,0.0007099247479767144,0.45435183870509727,0.2683192467123723,0.07572911914340481,16.009318674703728,4.209341901323671,0.5859607538984841,0.8165273554123641,21.560408270435993,6.484363958283974,0.5802920185257979,0.6864185507941344,0.2509130518357147,0.9574676445515328,1
484,0.27736306250639386,0.43815685386158476,0.20820017844842284,0.34204361114853454,0.3496298471270248,0.4432535718687382,0.13931144071611254,0.3162248773227495,0.1304141558056266,0.3243657507069761,0.2772452766922421,0.39499429611676834,0.16831562138107417,0.3561543038695464,0.21214347955669224,0.43725702530949484,0.2653926740323956,0.41229171467677045,0.031806208218243814,0.15133721472190495,0.1616394568456948,0.3155352470339469,0.23440542826939473,0.39480574928088885,0.865147993657289,0.7986800638658785,0.0193114073657289,0.10660863950946302,0.46083546462063085,0.7163171355498721,0.09994884910485934,0.7796760443307758,0.0003751065643648764,0.41718670076726344,0.23859473075873827,0.07621626443722354,17.774848033137776,2.92005830362158,0.5515639482054946,0.6524646373940779,17.272866592776836,5.493245487126959,0.42655611394824333,0.8722226503326282,0.35306122448979593,0.9836480935797839,1
485,0.9044259732122459,0.8722942827243491,0.5548804464244916,0.6702808597529821,0.34770060983550377,0.49415019348882416,0.16023221675805346,0.30270927211126025,0.6698936471898562,0.811727337818509,0.5915890152501713,0.6521008328228558,0.6239480630568883,0.687794004427798,0.5336540677404615,0.6515492385746817,0.6665056930546037,0.5993009450585562,0.24108207128169978,0.38684308493650404,0.15463158213388167,0.3656015313883458,0.18575699954306604,0.3221639475206061,1.871719603095728,1.76348211899702,0.00787561983093443,0.06809882377687854,0.4769248343614348,0.0573452136166324,0.5988690884167238,0.89284898332191,0.0688256796892849,0.23737719899474527,0.5367068291719702,0.09694349413295905,17.08446886872167,2.158288116663021,0.5732424717073453,0.5773306841775256,3.016163445715204,6.854217368592033,0.471693937990849,0.8184663739872143,0.3708830009603977,0.9754083250377908,1
486,0.5393657577021321,0.6628653989781551,0.48216503503101704,0.5632325539925808,0.6319120817390398,0.7309450482293683,0.1287707601522181,0.2870097609503229,0.12862707673460877,0.2883436839140933,0.4716955210863785,0.5744543860026218,0.2328975927122973,0.3904817805756624,0.2411287753218996,0.39952961982662677,0.46081823275817124,0.5547027291012157,0.3530899049158109,0.4495476336352829,0.1406546997341396,0.32049904273365726,0.3823462466246155,0.4790889039099218,1.3251281420007297,1.3630959913717153,0.09560012057550957,0.2468262434404442,0.40155345879163845,0.23645936506281603,0.10087056247719335,0.703904498774957,0.08997549913986343,0.39154459677839754,0.40101428193489774,0.10191165136214009,17.51381159942154,2.746236442292874,0.7126070038314777,0.765472712370777,4.242375200666109,4.903009100459144,0.6420120871203179,0.776147880273738,0.25789526284229464,0.9640647388302721,1
487,0.6661018192008618,0.8850169728127766,0.36462756168579796,0.524036932717748,0.19482514016898372,0.3275820376341444,0.1143896353384724,0.27255787110311785,0.0033995075571414146,0.04374944409411794,0.20811010263574242,0.3564968872304735,0.022176697041101423,0.11198361317481945,0.060205681489211293,0.1900182156697941,0.2887938819133538,0.40391893409245383,0.09038633446662403,0.23035532812078005,0.09566953707880298,0.24447634480797134,0.3158406305921163,0.44451776252532554,0.8696824198337092,1.0175235972466272,0.017044263473255463,0.09957640059541105,0.3082101861514121,0.49695357996431816,0.0785336789308917,0.7037735213922645,0.0003029588985760932,0.25108560271989766,0.23651808660536958,0.09478808111155997,16.702125513449158,3.1293711496353396,0.7827204674638797,0.9420031940345159,9.424732554784201,2.4043456655710007,0.57642326272822,0.6729184552177329,0.2382537920828709,0.9679257570823836,1
488,0.6118850357142857,1.0042146629493756,0.18997247023809527,0.41922399344197087,0.42383951190476193,0.6476078006356215,0.08325318154761904,0.25144392503630003,0.2775968035714286,0.4813468957531621,0.3203063005952381,0.5462103015367588,0.3368881398809524,0.5716494698586276,0.4444299970238095,0.6572929242727981,0.4543393035714286,0.5654054317232844,0.5761079821428571,0.41381389156301823,0.1335179107142857,0.29373522596293755,0.12901635416666665,0.42471956271141587,2.0387423988095237,1.1399980240545722,0.008856375000000001,0.07237887899447103,0.44642857142857145,0.39285714285714285,0.7172619047619048,0.8601190476190477,0.0,0.17261904761904762,0.43062512606292513,0.12859818379530918,13.47058621484411,2.8655118899473395,1.071370955312944,1.5750222588761893,15.957317257300664,5.822800321885455,1.7266760577409817,3.8997905425296073,0.2388888888888889,0.013283613946539104,0
489,0.39017607172307983,0.64843635038465,0.228105749688369,0.50229300074881,0.12694477974877744,0.27922564172175707,0.03480583886278646,0.156739003207268,0.4345290045066641,0.5736264742817478,0.1708555453543005,0.3468870657385887,0.5418405162527568,0.635102315540619,0.7932518998465816,0.8579154169750228,0.17991837692971524,0.31807855334517865,0.13029577150254099,0.2795916783760941,0.26108976138651835,0.3777320584751459,0.12416041020232044,0.2774225814891491,1.0348224521526512,0.9371561794831688,0.012173287611468022,0.08490032969041952,0.2799405503883402,0.7946111803624508,0.2341068175280468,0.9830760379710423,0.0035957426407133954,0.3252948508965385,0.31878353326918074,0.06941394712635018,21.34481116003428,2.5462593663919972,0.6586392124400295,0.6360134702332869,16.74888219048731,3.5075292216463243,0.32058697376716255,0.44768806882800155,0.48540530194276965,0.9879065953991454,1
490,0.2792683606796825,0.536331395167482,0.161487037781781,0.36223654029418195,0.3954135825015824,0.7454836714555799,0.11989001660256099,0.31077078447708817,0.06525891289741467,0.21998128825695826,0.19283120366132722,0.38242708205065123,0.12097491615950146,0.31144333925884904,0.11810717615268515,0.3026794247500512,0.29266373791323824,0.4637677963492411,0.21104744452018112,0.4288277429073296,0.1287340588149374,0.39513809010817513,0.20269079366084036,0.3662149227316291,0.6668577161010759,0.7954451335898675,0.0630638929353912,0.18410168742262445,0.4035736890793125,0.0018501387604070306,0.1257607478455621,0.9849067627440479,0.0005355664832757194,0.5136082574614149,0.21559206074158568,0.07687257153290765,20.204546617972255,3.768000374485945,0.6329359043554312,0.8662847528869068,12.233643524846553,2.7349070903237176,0.26973251457202985,0.30182674952742355,0.5423118122504625,0.9903085824493733,1
491,0.5491043279010582,0.8190422078935067,0.19406361088538643,0.40980105097954433,0.4892657606375854,0.6682995265796277,0.1775570912175738,0.3938705876695801,0.2176029792829397,0.5110367003059542,0.24840472237353214,0.42653202342132535,0.23071437893467875,0.5333444855125169,0.28744383792472206,0.6609071354740519,0.45053512198062245,0.750517544315393,0.19026959507969818,0.35149956362555757,0.29115509161941333,0.4516015490922206,0.28273340058936464,0.47074536765821673,1.049812830870206,0.9491539881580201,0.007133298432825825,0.06372434494194651,0.3410724650622851,0.07987676921016207,0.22083314729651293,0.9257043354020628,0.707951957851498,0.3116488815466357,0.3332711462664005,0.09635630138034852,13.569171018256592,4.110232478918089,0.7294972823744376,1.0297470912236186,3.7134727215050063,8.369634232020545,0.9328011960567393,1.6529968127180679,0.22130630441182655,0.8815419706879387,1
492,0.5084276040318025,0.7126898688452737,0.21871151466307512,0.3748635811113121,0.34295621827345,0.45399349494428104,0.13585535864795587,0.29782624750169356,0.1485207343702481,0.2991000542353721,0.2908340006082461,0.40513451018703145,0.16622941000130337,0.3178119452415176,0.1240115714471912,0.27686415146845894,0.5167572830951036,0.5686370859775927,0.0848768177868532,0.24006152955887347,0.3647994964591389,0.4703978370752289,0.25096998070991006,0.3812215576597758,0.8833238359907895,0.9675744808909977,0.008233784246426552,0.07240296828590669,0.3979667202502498,0.9559021592735804,0.18104010079506452,0.9901377242907416,0.0031715688404222965,0.416040318025807,0.2888934007379639,0.10610968842792591,11.703695663028405,2.0841849301185844,0.8967049119326617,0.8803372042704098,3.3029536835794433,4.224825066839938,0.683791911989469,0.9362049791162915,0.1839254766031196,0.8423622526636225,1
