participant_id,voiced_ratio,n_frames_total,n_frames_voiced,voiced_seg_dur_mean,voiced_seg_dur_std,voiced_seg_dur_median,voiced_seg_dur_iqr,voiced_seg_dur_p10,voiced_seg_dur_p90,voiced_seg_per_min,f0_mean,f0_std,f0_median,f0_iqr,f0_p10,f0_p90,naq_mean,naq_std,naq_median,naq_iqr,naq_p10,naq_p90,qoq_mean,qoq_std,qoq_median,qoq_iqr,qoq_p10,qoq_p90,h1h2_mean,h1h2_std,h1h2_median,h1h2_iqr,h1h2_p10,h1h2_p90,psp_mean,psp_std,psp_median,psp_iqr,psp_p10,psp_p90,mdq_mean,mdq_std,mdq_median,mdq_iqr,mdq_p10,mdq_p90,peakslope_mean,peakslope_std,peakslope_median,peakslope_iqr,peakslope_p10,peakslope_p90,rd_mean,rd_std,rd_median,rd_iqr,rd_p10,rd_p90,mcep0_mean,mcep0_std,mcep0_median,mcep0_iqr,mcep0_p10,mcep0_p90,formant_f1_mean,formant_f1_std,formant_f1_median,formant_f1_iqr,formant_f1_p10,formant_f1_p90,formant_f2_mean,formant_f2_std,formant_f2_median,formant_f2_iqr,formant_f2_p10,formant_f2_p90,formant_f3_mean,formant_f3_std,formant_f3_median,formant_f3_iqr,formant_f3_p10,formant_f3_p90,quality_sufficient
300,0.4296001603676119,64851,27860,0.13874501992031874,0.2375353165712945,0.05,0.11000000000000001,0.02,0.35299999999999954,185.7797104131008,153.5949928212491,49.54353406672961,122.5,60.0,119.5,231.0,0.10620450056742642,0.06017822698361575,0.10668,0.09048,0.0234206,0.18470200000000003,0.34225520274243365,0.17202668528612777,0.35458999999999996,0.2372375,0.0967752,0.56581,2.3744611247290166,7.147331847119894,2.5937,7.1636225,-6.141349999999999,10.447,0.29594650478083273,0.19836206479569857,0.25780499999999995,0.22434250000000003,0.0882865,0.548942,0.1222757436913137,0.026588671469826637,0.123245,0.03384000000000001,0.0880987,0.15518100000000004,-0.34505642139267767,0.07031655339059711,-0.34186,0.09204000000000001,-0.44059099999999995,-0.25796,1.443602553481694,0.6275900253080717,1.4388,0.9354475,0.522336,2.3647,-8.353624910265614,1.2454794107738607,-8.6802,1.0703250000000004,-9.44511,-6.435899999999985,543.7945044766913,308.4522994354924,470.9,415.595,226.67000000000002,929.0060000000002,1550.6412526408315,449.796735294014,1586.2,651.75,916.5,2091.1,2456.1860425308805,450.97716161878225,2475.5,574.4499999999998,1875.6,3031.0,1
301,0.3928922550340458,82389,32370,0.16398176291793315,0.1976071437322927,0.09,0.19,0.02,0.4070000000000004,143.7570549466555,115.8322829780661,31.796341792470784,103.5,29.0,89.5,169.5,0.10205510994659871,0.05118416372670333,0.10976,0.06588700000000001,0.021050700000000002,0.16205100000000003,0.3625355759396355,0.18063350078509122,0.38155,0.22812749999999998,0.0867214,0.5987480000000002,-0.2551891609825147,5.740283375880757,0.15902,4.460025,-5.4738299999999995,4.775570000000004,0.2172950601996231,0.1755723154025138,0.17109,0.12491250000000004,0.0857706,0.40704100000000004,0.09138001709607663,0.02628719658354846,0.08798500000000001,0.027565250000000013,0.061651899999999996,0.12621100000000002,-0.3959399593141798,0.06543992540444109,-0.396875,0.08955749999999996,-0.4825,-0.31604899999999997,1.2961013978992895,0.45382786580519585,1.2258,0.614285,0.775857,1.9523300000000006,-8.528566694470188,0.7391828415416822,-8.5038,1.0749499999999994,-9.52531,-7.5682399999999985,551.428361973336,251.42499848854598,520.875,371.18749999999994,253.45100000000002,854.1750000000002,1589.1316227931713,430.00718845309865,1660.8,563.6000000000001,960.091,2108.8,2512.9171055635156,422.65809646514873,2509.6,472.9749999999999,1920.8,3022.3,1
302,0.2344126833511248,75879,17787,0.14472742066720912,0.16938464632317557,0.08,0.17,0.02,0.37,97.18103823192187,125.67554955866645,37.32893072870656,109.5,35.5,95.5,194.0,0.06382897100735481,0.06890333382523922,0.032453,0.0957815,0.0018431600000000002,0.1811,0.23536473454795637,0.21980779293773675,0.15151,0.294635,0.0132996,0.619894,2.3269573731652327,6.491738053348218,2.2965,5.693099999999999,-4.25106,9.41002,0.47579699336969133,0.39266336038495275,0.3512,0.448675,0.08688900000000002,1.03284,0.11415323243885984,0.026137912692985495,0.11375,0.030999000000000027,0.0815824,0.146588,-0.4084652246022376,0.051289074266909505,-0.41679,0.06802999999999998,-0.46631,-0.33972,1.6791263158486536,0.4805011840794961,1.6973,0.6547999999999998,1.0395200000000002,2.33094,-9.178665930173723,0.507095270058615,-9.2425,0.7104499999999998,-9.77054,-8.472719999999999,532.1493206297531,279.7181317407037,468.26,350.175,246.78,895.4,1561.2320176351966,445.8460216274884,1619.0,685.3,944.88,2106.0,2452.1770502563563,425.3736096586443,2442.2,503.4500000000003,1906.6,3000.3,1
303,0.5073227171695643,98529,49986,0.17909709781440344,0.21484008258324513,0.1,0.225,0.02,0.45,169.96011326614502,199.18730244468452,43.504284467072786,189.0,39.0,160.5,256.0,0.11940711130443124,0.052926932096055264,0.12201,0.0578535,0.04116,0.18360500000000002,0.4236270201539631,0.16340878859753166,0.45751,0.17294500000000002,0.16846,0.59337,5.859107426669948,6.42641008299207,6.28055,8.413475,-1.11735,13.354,0.2674035013587805,0.1567683788551093,0.23714,0.1448725,0.13378,0.44972500000000004,0.11247765799223781,0.02786024598927432,0.11232500000000001,0.037711499999999995,0.076923,0.14897,-0.35989155141439605,0.06468847486358863,-0.36480500000000005,0.08411999999999997,-0.44015499999999996,-0.273505,1.5061936430200458,0.4415579401765315,1.4786,0.589675,0.959715,2.1173,-8.52557398271516,0.7465957187248743,-8.4918,1.1404999999999994,-9.5694,-7.5619499999999995,500.2850919363029,229.26746529345127,460.7,287.65,258.34,808.995,1635.6178795929557,442.5261195692098,1744.6,576.9749999999999,976.145,2126.8,2560.7604443158043,468.40762733548127,2560.25,614.875,1906.9,3163.55,1
304,0.4095760787282362,79260,32463,0.14898118402937127,0.20426446946831164,0.06,0.15,0.02,0.39,164.95079485238455,218.01708098450544,48.12775231968089,205.0,54.5,172.5,283.5,0.11723743785948516,0.05734568357266188,0.12225,0.07257350000000001,0.03041400000000001,0.187588,0.38644396373907525,0.16816122011273535,0.41856,0.20301000000000002,0.11916,0.5735439999999999,5.060366334203278,6.285884854700191,5.3273,8.17633,-1.5809999999999997,12.269,0.2682867707707236,0.17785823011063706,0.23279,0.15493999999999997,0.11622,0.46567199999999986,0.11614225642300466,0.029521573377296637,0.11773,0.040334499999999995,0.0766516,0.152898,-0.35486494686258196,0.060764769447512974,-0.36237,0.08082499999999998,-0.42741,-0.268772,1.4703305972953826,0.4601389575688833,1.4417,0.6172499999999999,0.8915940000000001,2.1202,-8.801770680466994,0.737569780068635,-8.8846,1.0792000000000002,-9.71348,-7.771680000000001,510.9981500201974,230.28861352035577,474.455,309.1475,259.85,809.59,1631.0135960261557,466.53060629255236,1754.9,652.8000000000002,902.542,2157.3,2538.4230591532228,454.6400706824007,2527.9,590.3749999999995,1946.8,3132.4300000000003,1
305,0.38221830985915495,170400,65130,0.1407911802853437,0.17641595912947308,0.07,0.15,0.02,0.36,162.88732394366198,126.22418240442192,39.949955396338055,114.0,32.5,94.0,192.0,0.07968320924571504,0.05268529515686831,0.073764,0.079302,0.011865500000000003,0.15141099999999996,0.24900296503225858,0.2245238577518851,0.23816,0.19665250000000004,0.05511640000000001,0.44047,1.099579621108859,8.319965113607587,1.27525,8.0825,-9.39283,10.456099999999998,0.29834527610937966,0.24421752139071612,0.21907,0.26406,0.08553770000000001,0.626752,0.11201113843282665,0.027762231621131946,0.11254,0.0367845,0.0761089,0.14697,-0.4559786417933364,0.05405049031154164,-0.46177,0.07613000000000003,-0.5211210000000001,-0.383477,1.520512276370336,0.5953622223193599,1.5122,0.92215,0.697643,2.3991,-7.336366869338246,0.5891489977188603,-7.355,0.7716000000000003,-8.0705,-6.58039,477.4764452701116,164.12073117128884,445.45,251.01500000000004,297.0,692.6610000000001,1479.7952675866118,450.61633895959005,1434.1,639.9000000000001,935.36,2116.5,2490.3386874339403,480.86519555520414,2443.9,573.5999999999999,1937.3,3185.8,1
306,0.42150590264424476,85809,36169,0.12493609671848016,0.13485969575769993,0.08,0.15,0.02,0.3,202.42631891759603,182.720091791313,49.68216370932421,166.0,57.0,138.5,263.5,0.1010420458843114,0.06552203441212899,0.091684,0.096774,0.0178452,0.196422,0.29494252144785316,0.1665700853657311,0.29142,0.25059,0.067773,0.51844,2.098255703250435,8.476378559031497,0.71775,11.308300000000001,-8.09522,13.156200000000002,0.3051715932919378,0.2091006014108628,0.26866,0.22627,0.09183080000000003,0.556366,0.1132785151118361,0.030855211681962313,0.11475,0.04270499999999999,0.07151439999999999,0.15216,-0.45114276701042333,0.054032363251164915,-0.45599,0.07293,-0.5168119999999999,-0.37964,1.4556129649700018,0.5435956501905852,1.4515,0.8010000000000002,0.719136,2.2229200000000002,-7.5195640133816255,0.5484989468151221,-7.5771,0.6802000000000001,-8.15784,-6.8273,483.118481507265,191.5821005249537,431.73,251.53000000000003,286.562,775.4,1542.241898777861,508.09372526750576,1552.0,879.5999999999999,889.6700000000001,2210.3,2553.542044196923,504.28867408814904,2545.4,701.8999999999996,1937.72,3207.6,1
307,0.5581575569709152,123879,69144,0.18855740387237524,0.26018635088620395,0.07,0.22,0.02,0.51,177.60879567965515,209.09417303019785,46.44586238123976,198.0,52.0,167.0,272.0,0.12112295662976108,0.0613008571949554,0.120665,0.08959875,0.0396732,0.20271700000000006,0.35967908326446263,0.16101719923295166,0.36976,0.228595,0.14062,0.56273,3.984095668672727,8.018105922838815,4.09695,10.445487499999999,-6.24615,13.852700000000004,0.3254713225340015,0.18650560597527113,0.29427,0.21104250000000002,0.138433,0.5541720000000002,0.12030819399340506,0.027954049866116118,0.12172,0.037812499999999985,0.0830736,0.15514,-0.3833202855200741,0.07621642486438623,-0.38595,0.10830250000000002,-0.4816,-0.28167299999999995,1.4729283326102047,0.552908239835242,1.4691,0.81575,0.72202,2.2667700000000006,-6.8035938302672685,0.7238280667138259,-6.81395,1.0458249999999998,-7.73657,-5.85943,511.27340132367914,172.02980430921545,497.0,205.09499999999997,312.48,744.92,1596.0652595639456,493.0133684943896,1674.7,831.1999999999998,914.575,2191.7,2579.6515098669856,516.5743940257557,2567.4,819.8000000000002,1932.55,3256.05,1
308,0.2702166897187644,86760,23444,0.10929603729603729,0.13953208020454794,0.04,0.13,0.02,0.29,148.34024896265558,200.15993431155093,45.72122309462539,186.5,51.0,160.0,268.0,0.11206322226268896,0.0759504015740214,0.11278,0.13202599999999998,0.00430243,0.21382400000000001,0.3165538244711099,0.18828364981105833,0.341165,0.3123175,0.0196692,0.5490240000000001,6.291953731576864,8.473555521293633,7.1389499999999995,12.418,-3.7737499999999997,16.4887,0.3374816509649804,0.2756910251138922,0.28658,0.2312875,0.05429820000000002,0.6056020000000001,0.12377760822129329,0.02928660978141446,0.12607,0.0394625,0.0845132,0.15945,-0.46776994966729235,0.0481041001780386,-0.47626500000000005,0.062042500000000056,-0.521507,-0.40258499999999997,1.4775615185121993,0.5508204826460434,1.4743,0.815525,0.7295,2.2631,-7.619177192458625,0.509803731748044,-7.68265,0.6664500000000002,-8.2086,-6.93409,494.33780968121295,199.82036217693928,444.75,276.93000000000006,282.464,787.4620000000001,1446.4300352798757,508.7742594022379,1357.5,844.05,859.5880000000001,2158.5,2495.7667868795756,522.9072689878992,2461.6,712.9499999999998,1874.94,3214.6600000000003,1
309,0.2474178603306839,70581,17463,0.15291593695271452,0.18873389083539405,0.08,0.16,0.02,0.41900000000000087,97.07995069494625,143.56585351886847,38.40080749378046,126.0,47.0,114.5,210.0,0.06294261609135819,0.03420190161443103,0.067917,0.03894200000000001,0.008020860000000001,0.09799020000000003,0.2147611779888049,0.10944098227289559,0.2322,0.11243,0.0371588,0.32325600000000004,-1.2339692622434424,5.603460176324731,-2.4651,3.92909,-5.76396,6.023840000000009,0.16389241448571265,0.20791994114023749,0.08052,0.138483,0.0405834,0.39346600000000004,0.08375956791673825,0.034636039726334396,0.07105,0.05156200000000001,0.0507404,0.13610400000000003,-0.35097197285689746,0.06818976703572609,-0.35248,0.08653,-0.438778,-0.26213,0.9366978938326749,0.5884463143432012,0.60675,0.8951100000000002,0.44554,1.8579800000000002,-8.910909173681498,1.6705751701230593,-8.3203,3.208549999999999,-11.454,-7.08152,739.2393995465175,338.9800589094182,728.49,466.31,305.92,1181.1,1671.4239564940126,413.3811054124784,1641.3,554.5,1169.3400000000001,2205.5,2567.9977410897754,436.04896767651627,2574.0,563.8999999999996,2019.3400000000001,3129.36,1
310,0.21962622353205744,84489,18556,0.14328957528957528,0.15616095648874545,0.08,0.16,0.02,0.36,91.96463444945496,90.7516975641302,23.661044361806468,84.0,20.5,70.5,121.0,0.05816104182711037,0.032895654540421704,0.0621415,0.03833924999999999,0.004826550000000001,0.0935665,0.2372448124904182,0.11653208024141609,0.269165,0.13155499999999998,0.024157,0.348325,-0.9836571098427462,5.090220843919272,-1.17875,2.3125587499999996,-3.59735,2.9917,0.13006752698887153,0.18513344867838424,0.067829,0.07139475,0.027386,0.3098,0.0744452992274445,0.032232541239762054,0.0642575,0.03352775,0.0452625,0.124585,-0.38253428055615435,0.05342947937900321,-0.38163,0.07029999999999997,-0.45157,-0.31772500000000004,0.8663000700582022,0.46196351194756313,0.678315,0.4369574999999999,0.487565,1.5718,-9.036305539987065,1.1527746796209262,-8.745,1.4057499999999994,-11.064,-7.8352,737.2302712983245,343.72225641296717,696.02,430.72,344.0,1211.4,1648.5269268841396,411.11125843908917,1607.6,495.8000000000002,1165.94,2203.0,2548.2449324492336,442.99670858603093,2545.5,554.4499999999998,1968.0,3122.9600000000005,1
311,0.2619493132724889,78561,20579,0.1224211778703153,0.14174078318160602,0.07,0.13,0.02,0.3,128.38431282697522,205.22226541620097,45.132544140014765,193.0,44.25,166.0,273.0,0.0749470737587113,0.057850728215777567,0.069226,0.088119,0.004970580000000001,0.155082,0.25467859150434907,0.15234977910437728,0.26268,0.23778999999999995,0.02958980000000001,0.441812,5.839483619714564,6.739075031598603,5.4782,8.6599,-0.5602219999999998,14.125200000000001,0.3088549055563438,0.33021345898206267,0.2017,0.23041,0.0757218,0.6891600000000004,0.11650904328393023,0.03652411015574644,0.11816,0.05591750000000001,0.065909,0.16416,-0.3371121066621313,0.06505890139311211,-0.3389,0.07548500000000002,-0.418202,-0.256738,1.3709204626075127,0.49313925747277476,1.3049,0.7085000000000001,0.794842,2.0971,-9.95301822245979,1.2037599656831968,-10.179,2.1256000000000004,-11.356,-8.2104,703.9169472090655,293.2162816926613,694.74,380.51250000000005,325.68,1068.8,1594.4406839826838,399.0645228151488,1563.0,459.79999999999995,1099.99,2122.9,2549.7714252610135,470.8844947482903,2585.9,633.8250000000003,1897.3,3120.2,1
312,0.26248433524474996,78999,20736,0.13057934508816121,0.16330741475644195,0.09,0.13,0.02,0.29,120.60912163445106,118.68253279320987,40.00839310417078,105.5,50.0,79.0,187.0,0.06496196202991031,0.03600056988893374,0.0712875,0.0476875,0.00648555,0.10392000000000001,0.2398212462763021,0.12236674663295947,0.27503500000000003,0.17168750000000002,0.026448,0.361325,-0.5860921134154128,5.678389152915874,-0.18454500000000001,2.9234999999999998,-4.323650000000001,4.5076,0.156223271704755,0.18498632402203422,0.091585,0.10473275000000001,0.026936500000000002,0.38095500000000004,0.08055506908616898,0.03227181920992181,0.0710595,0.0405525,0.048995,0.1287,-0.4206259288194444,0.06308929268212578,-0.42865,0.08809,-0.49539,-0.338495,0.9785563160686728,0.5000287618383761,0.78059,0.6363875000000001,0.52129,1.74655,-9.089469410686728,1.3944864309559053,-8.7934,2.2374250000000018,-11.261,-7.4685500000000005,710.5159327042059,356.2175419193578,661.19,481.35,289.0,1217.8800000000003,1638.413189142016,418.1895641116319,1606.5,490.0999999999999,1125.4,2198.5,2574.6583649199583,438.350945727689,2570.6,538.0,2023.6200000000001,3139.5800000000004,1
313,0.2974091614597843,75381,22419,0.18635910224438904,0.23469768472474145,0.09,0.2,0.02,0.51,95.75357185497673,115.34125072483161,32.02223311516053,102.5,23.0,91.5,175.0,0.08877327255280343,0.03901307340421634,0.093355,0.037373500000000004,0.0288454,0.13037200000000002,0.31310895818136847,0.12893671985005464,0.33355,0.10247,0.10896600000000001,0.44491600000000003,1.4330222908961596,4.765045368167277,1.0543,3.2242565000000005,-1.8537599999999996,6.3382,0.15203368789464738,0.1365055204263114,0.10788,0.09048450000000001,0.0609376,0.30861,0.10509983300229714,0.032959281415583214,0.1009,0.054300000000000015,0.0668214,0.151082,-0.3970396815647442,0.05652260831386736,-0.39416,0.07652000000000003,-0.472694,-0.33102,1.0625409665908383,0.4350535982610728,0.91018,0.4715900000000002,0.6726219999999999,1.7241600000000001,-9.777684365939605,1.044321031480058,-9.5493,1.7242499999999996,-11.3722,-8.55048,676.1434399376288,294.670706814492,648.13,340.95500000000004,327.866,1062.6,1605.22682576224,393.14943619539366,1556.0,507.29999999999995,1156.0,2147.1,2524.9761857215517,430.04597720514425,2517.8500000000004,521.8000000000002,1988.6,3086.4399999999996,1
314,0.48200373696426607,154671,74552,0.1897480274879104,0.20630581603411455,0.12,0.22,0.02,0.46,152.4138332331206,167.0605416353686,40.76602411861815,156.0,43.0,129.0,224.0,0.0994412533519805,0.04830462719491113,0.0985875,0.04930050000000001,0.0314424,0.16017800000000015,0.4108068261835041,0.16391033489341658,0.44837,0.17394500000000002,0.13346700000000003,0.5787,4.108996377190981,5.944031875550181,3.9480500000000003,6.8749275,-1.5311899999999998,11.07,0.23359299561049732,0.16509673483168927,0.19921,0.1602625,0.0922265,0.4157,0.09580434371753944,0.030219504186889106,0.09195,0.0410225,0.0601823,0.13781900000000008,-0.35481547407983693,0.0762074915522571,-0.35808,0.09644999999999998,-0.451299,-0.25816199999999984,1.3988477599527847,0.452273776837386,1.3306,0.6366,0.871683,2.0623,-9.075863874879278,1.2187520053998753,-8.9429,1.6849999999999987,-10.938,-7.586019999999999,614.1347762213783,281.14405441928784,575.74,355.22499999999997,289.53400000000005,961.0,1535.271419587342,436.43231527226914,1562.1,579.6499999999999,938.9320000000001,2078.1200000000013,2512.8844956295006,511.91627919577127,2561.6,735.5,1794.6,3125.0,1
315,0.32396272260326636,97539,31599,0.17458011049723757,0.19887102748077337,0.09,0.21,0.02,0.46,111.34007935287424,118.78423367828096,27.19243794610058,110.5,15.5,99.5,157.5,0.05322075216783348,0.0348843687756797,0.04948,0.04134100000000001,0.00999214,0.0960502,0.24325788145094784,0.1322999822685103,0.23916,0.17007499999999998,0.05462580000000002,0.417174,2.579810529311806,6.301882274438874,2.178,5.49765,-3.3420399999999995,9.9808,0.25203997075338774,0.2027736497050524,0.20093,0.18994999999999998,0.08395180000000001,0.479362,0.09860940108864207,0.03803338697349064,0.10059,0.0557285,0.0445886,0.147182,-0.4505596256527105,0.05187375583682858,-0.45208,0.0645,-0.513842,-0.387748,1.726807264153929,0.8317908884129501,1.9983,1.3986,0.30464,2.4965,-8.86076812873825,1.2037911897039653,-8.5828,1.5695999999999994,-10.886,-7.5400599999999995,621.8860525982058,412.3220691532312,527.63,554.6575,198.663,1234.0,1673.8099371148282,540.365737396779,1623.95,745.325,1000.8,2418.9,2589.4983227476628,509.955980705206,2588.1,658.0,1952.3,3242.0,1
316,0.1839334415023993,86901,15984,0.12995121951219513,0.144593056859618,0.07,0.15,0.02,0.33,84.92422411709877,107.47494369369369,31.373623059956607,93.5,20.5,84.0,169.0,0.0541170844832251,0.03971417765839583,0.047037,0.04090025,0.004674690000000002,0.10469400000000001,0.24142377038442878,0.19853874610505906,0.25363,0.17200250000000003,0.019828400000000003,0.4033540000000001,3.2827131045108233,5.600151365973217,2.6121499999999997,5.0732625,-0.3045969999999996,10.093800000000003,0.20298926072468718,0.21054303324116808,0.148185,0.129475,0.02247880000000001,0.388734,0.09667707409346847,0.040669140518102706,0.098428,0.06222424999999998,0.0386193,0.150227,-0.406550181493994,0.05685617071972985,-0.40486,0.08135000000000003,-0.480607,-0.33858299999999997,1.6826954241741743,0.8683921278183043,1.9104,1.67802,0.30446,2.4965,-10.070151113613614,1.0683583816680813,-9.9275,1.8570250000000001,-11.581,-8.76055,748.5094339594386,342.5390253653806,704.1,419.11,336.0,1255.2,1639.9906012235751,436.2535181523205,1564.3,521.0,1156.9,2268.3,2599.577743583195,452.9635458086039,2596.1,562.0,2023.2,3177.8,1
317,0.24524785687663064,80490,19740,0.1630057803468208,0.19751022292064987,0.09,0.17,0.02,0.38,90.27208348863213,119.5047619047619,37.47835920815111,106.0,45.0,84.5,184.0,0.08391068038881459,0.04190412003876541,0.0898925,0.04923325,0.0185402,0.12896,0.32895504828070415,0.18875931015450922,0.369795,0.1997175,0.07520260000000001,0.49028,2.5030034058210995,5.594651810525399,2.4252000000000002,4.7589950000000005,-1.525129999999999,8.028180000000015,0.17223442202419958,0.1543148724123824,0.129475,0.09318074999999998,0.0638269,0.3341230000000003,0.08824338311372847,0.027662982671910367,0.0835095,0.032719750000000006,0.0584401,0.12682100000000002,-0.3974945928064843,0.059779297533713666,-0.39666500000000005,0.07630000000000003,-0.47628099999999995,-0.32466799999999996,1.2373201134751772,0.4608249043844302,1.1077499999999998,0.5811824999999999,0.771988,1.9504,-9.668469361702128,1.170974808445372,-9.4963,1.812925,-11.351,-8.25226,650.1100097671009,295.3656689168108,603.16,358.19499999999994,332.006,1047.2,1613.1585558759195,435.8348513096235,1581.5,587.8000000000002,1056.8,2210.9,2558.6805787681446,440.0425131363403,2578.3,593.0,2002.23,3110.6,1
318,0.292781998334438,58839,17227,0.168396871945259,0.21986081723228254,0.08,0.18,0.02,0.42,104.31856421761077,107.41260811516806,34.26250142615576,92.0,33.0,80.0,172.0,0.0491775864484688,0.0369007592754696,0.049897,0.05905199999999999,0.00309346,0.09489339999999999,0.24810797403460266,0.15745633621939215,0.22378,0.245375,0.0290796,0.44091,-0.6939837958947582,5.97585126283714,-0.29572,3.452,-5.626539999999999,5.040219999999998,0.29598758207602016,0.30899903883509977,0.17571,0.297841,0.059008800000000014,0.724942,0.09538284391548152,0.03796874723359459,0.08998,0.061923000000000006,0.051566600000000004,0.149834,-0.41882028850060954,0.06006607702733816,-0.42247,0.0826,-0.492906,-0.341862,1.0788294438962094,0.46559953007957944,0.91164,0.5055149999999999,0.670516,1.8071799999999998,-9.53970332617403,1.1619626361285103,-9.3264,1.7729,-11.343399999999999,-8.1645,630.2917767968856,310.72331569350854,586.0,401.2724999999999,283.24,1048.1,1572.3378725520197,410.13343895108284,1546.2,533.0,1061.8,2114.8,2505.6222978716173,439.8031110424384,2508.0,557.3000000000002,1952.3,3076.8,1
319,0.3027026231775316,67971,20575,0.16632983023443818,0.20349679053611602,0.1,0.16999999999999998,0.02,0.38,109.19362669373703,122.62425273390036,42.45940501250954,107.0,62.75,81.0,190.5,0.08480092281031787,0.055602851849716334,0.077741,0.076718,0.0135808,0.15788,0.262577504746158,0.14129818798936036,0.25931,0.16830999999999996,0.0651372,0.4442500000000001,0.1986160721874119,6.416011504733703,-0.18896,5.52745,-5.35192,7.805180000000001,0.24262883822170594,0.21849067174518041,0.17354,0.18966,0.0747568,0.5083220000000004,0.11518646485346296,0.02759453025183358,0.11531,0.036383499999999985,0.0804898,0.14966600000000002,-0.40958268510328066,0.06501805833211335,-0.41591,0.091165,-0.488828,-0.32472399999999985,1.2836666250303768,0.5601509920239293,1.1603,0.8151700000000001,0.65685,2.1645200000000004,-10.227295922235724,0.8882556309417775,-10.167,1.3519500000000004,-11.47,-9.09708,638.6095351313562,324.06437791205326,585.75,402.15,272.752,1073.8,1606.3067821031718,417.48415292540903,1578.3,563.1000000000001,1079.0,2180.0,2502.9016098314814,429.40895975492043,2469.3,558.0,2005.64,3066.16,1
320,0.2901307259513019,84069,24391,0.12776846516500787,0.15701293294301824,0.07,0.13,0.02,0.31,136.2452271348535,205.92042146693453,51.55212054130906,195.0,61.0,153.0,278.0,0.09781192424955641,0.054491220964420106,0.095458,0.065466,0.018873,0.17065,0.3803451724449387,0.2001111249626189,0.41749,0.23031500000000005,0.086458,0.5776,4.345806428390553,6.043087814196507,3.8582,7.61209,-1.4059,11.654,0.25491427437412156,0.17167584788545454,0.22677,0.163765,0.088243,0.45086,0.10648990192370135,0.0333705499673822,0.10661,0.05040300000000002,0.062982,0.15009,-0.3637088635562297,0.07553998146564408,-0.3666,0.09199000000000002,-0.46024,-0.26277,1.4586592944118733,0.47709893613773596,1.4073,0.6627000000000001,0.88705,2.1582,-9.554690873682915,1.4538704409812637,-9.5815,2.5015500000000017,-11.413,-7.5832,689.308071497596,300.1261065086505,695.0,443.655,319.61,1025.8,1616.2821752630073,420.0088503008954,1668.9,555.3,1025.27,2134.2,2492.132795615747,454.730285659641,2461.0,578.4000000000001,1885.2,3087.2,1
321,0.34324926086797825,82191,28212,0.13945625308947107,0.14154154805638494,0.1,0.16,0.02,0.32799999999999957,147.68040296382816,186.33159648376576,42.8314122798338,173.0,34.5,152.0,252.0,0.10737384792995852,0.05536481424933274,0.11829,0.07566149999999999,0.018968900000000007,0.16913,0.33056183166751746,0.14317544887448863,0.37612500000000004,0.15207749999999998,0.0836081,0.46477900000000005,3.8666284826655675,5.869329960123103,3.1862000000000004,6.70654,-1.6409199999999997,11.533,0.2107530908000638,0.16329437990247103,0.169425,0.12028499999999998,0.09479790000000003,0.38917400000000013,0.10639250876467461,0.027896266164494903,0.103395,0.03809475000000001,0.0739501,0.1446,-0.3819626075428895,0.07009309742027675,-0.380815,0.09204250000000003,-0.47695,-0.29999,1.3706196558202184,0.4643987363468107,1.27225,0.6063749999999999,0.8715890000000001,2.0775900000000003,-10.18725404792287,0.9449876727963828,-10.196,1.6270000000000007,-11.404,-8.938139999999999,680.4155129307511,295.50010312947023,653.6,394.21000000000004,338.402,1058.8,1616.219818996263,383.74807829810084,1598.5,436.60000000000014,1125.72,2109.2,2565.1392342336862,462.6264819985282,2613.2,633.5,1920.5,3116.9,1
322,0.33656132710655245,104709,35241,0.14913669064748203,0.14641091810337578,0.1,0.16999999999999998,0.02,0.34,135.40383348136262,128.7925853409381,34.39625807442873,120.5,29.5,102.0,178.0,0.055590995061802734,0.048308127904271365,0.04708,0.060636999999999996,0.0036875,0.11754,0.21420674559866063,0.1382655020041928,0.20781,0.19931,0.026206,0.40079,2.391698056613186,6.458258395902547,1.9252,5.708629999999999,-3.6466,10.162,0.37656758633650866,0.35432370908920396,0.24086,0.33907,0.097749,0.87109,0.11553591995981385,0.03491380959098342,0.11919,0.043534,0.064074,0.15728,-0.44583788624613374,0.06850217339496348,-0.45673,0.08967000000000003,-0.52846,-0.34782,1.4638674129564992,0.601070038010511,1.4,0.8499000000000001,0.70194,2.4951,-9.893751823160523,0.9902671574753431,-9.7408,1.5096000000000007,-11.396,-8.6991,623.6070619603123,321.3340211586411,576.06,467.2,273.0,1063.2,1583.101306142337,428.37169033109126,1572.5,531.3500000000001,1044.56,2156.7400000000007,2477.11887299722,445.1674568891836,2455.1,498.6999999999998,1926.7,3074.7400000000007,1
323,0.3501194743130227,83700,29305,0.11349728892331526,0.11678682818792603,0.07,0.13,0.02,0.27,185.08960573476705,196.71163623954956,53.00650532682487,181.0,57.0,147.0,276.0,0.0890868748975838,0.06413430030713031,0.087959,0.10816,0.005434760000000001,0.17442200000000005,0.2728154391077905,0.15899913607315155,0.30233,0.25693,0.026616200000000003,0.45871800000000007,3.6549829305553354,6.570525895106373,2.731,7.6432,-2.72754,12.048200000000005,0.2908985999369391,0.30236536621085747,0.19456,0.20106999999999997,0.0679754,0.6387360000000004,0.11700024119365297,0.03128099340070488,0.1168,0.04298600000000001,0.0772774,0.158176,-0.36337097488483194,0.06847286521242228,-0.36169,0.08431,-0.454036,-0.279754,1.3872170196212248,0.4994330102264593,1.3259,0.724,0.791984,2.1205600000000002,-10.11635218563385,1.0542134310825217,-10.148,1.7662000000000013,-11.452,-8.666899999999998,625.5917815313646,257.94297809515297,609.6,327.86,322.932,921.6180000000002,1636.689321318881,423.31020585740833,1650.7,563.3,1070.8600000000001,2174.6,2574.2375143707354,436.57996574323306,2614.4,542.9000000000001,1997.76,3105.1,1
324,0.27895853262903963,72129,20121,0.16574135090609557,0.20164537923184755,0.09,0.19,0.02,0.43,100.98573389344092,102.93111674370061,29.001672614745836,93.0,21.0,79.5,160.0,0.11911090981449231,0.05625679299602841,0.13186,0.069926,0.022867,0.17997,0.36552775819392674,0.15657131783451503,0.39748,0.15098,0.093397,0.5379,2.797162622856667,5.276269519126534,2.4992,5.07921,-1.3884,8.8357,0.19209096137706377,0.12802316570639125,0.17355,0.08728,0.07874,0.32001,0.09693673707602506,0.023087710046942753,0.093662,0.023842000000000002,0.074766,0.127,-0.3923552937726753,0.06204869072423883,-0.39231,0.07740999999999998,-0.47092,-0.32032,1.5140523592266786,0.4822803002139935,1.4535,0.6297999999999999,0.95172,2.2597,-9.55461453208091,1.0436667834669846,-9.3202,1.2832000000000008,-11.264,-8.4749,672.5316776445158,348.2910971710612,602.91,488.2,253.684,1183.1,1583.5185161425281,414.14639846072623,1543.4,536.8999999999999,1089.1,2134.56,2503.5063982985844,457.7973167666294,2517.1,630.7000000000003,1952.74,3097.7,1
325,0.44681775065427826,87501,39097,0.18355399061032865,0.16166765348580261,0.13,0.19,0.03,0.41,146.0554736517297,190.0937412077653,34.049068682580724,180.0,25.0,165.0,232.0,0.12417137484400538,0.0515632093917954,0.13289,0.05434,0.04013300000000001,0.17989200000000005,0.3412929927036108,0.11670746547452951,0.36957,0.08104,0.15514600000000003,0.44201,5.677153035488784,5.558418938225669,5.4685,6.0689,0.0,12.026200000000005,0.19509769128056884,0.14029011349636505,0.16498,0.08728,0.106906,0.30976800000000004,0.10594404801716245,0.025462041922921997,0.10475,0.032965999999999995,0.0748062,0.1388,-0.38398202371537454,0.06903368598277113,-0.38445,0.08878999999999998,-0.475028,-0.29813199999999995,1.3534986518147174,0.4067958879091928,1.2854,0.5185000000000002,0.914056,1.92404,-9.315445082742922,1.0291234980856392,-9.133,1.327,-11.013399999999999,-8.14486,656.2893629890106,302.7174262356014,605.15,401.23,328.0,1073.0,1600.9105405559937,436.8324953191357,1583.1,556.9499999999998,1055.8,2183.840000000001,2544.2661364026208,467.27243949567577,2587.9,590.6999999999998,1914.0,3093.040000000001,1
326,0.24324594899958524,69921,17008,0.1353062848050915,0.1795298090324422,0.07,0.13,0.02,0.3,107.86459003732783,134.95587370649108,43.90719082335103,116.0,66.0,93.5,207.15000000000055,0.10386852902995648,0.05664830710569769,0.11293500000000001,0.08361199999999999,0.0139837,0.17108900000000005,0.31644196382236595,0.22411718534794903,0.35631999999999997,0.197135,0.052350600000000004,0.4742780000000001,0.9767166812162511,5.441474464577349,0.34363,4.609674999999999,-3.80023,7.248500000000006,0.1948518807510289,0.15869770654099266,0.157055,0.1059775,0.054202,0.37728900000000004,0.10008492170431563,0.025512843427583805,0.097816,0.028201000000000004,0.0708568,0.13375,-0.40759299900047036,0.06876992468057548,-0.41084,0.09378500000000001,-0.492745,-0.325764,1.324415548565381,0.4830057081239151,1.2421,0.657735,0.773721,2.04923,-9.779689334430858,1.198761324667531,-9.58905,2.136474999999999,-11.47,-8.340969999999999,667.0417569916314,332.6060463733624,618.66,455.55999999999995,267.14200000000005,1144.8,1562.6849344109864,409.85721781260196,1545.0,485.79999999999995,1060.6,2111.2,2479.6631735927326,465.0034317789436,2468.1,573.4000000000001,1870.5600000000002,3088.16,1
327,0.40453003128718107,68079,27540,0.17158878504672895,0.20927027732288703,0.1,0.18,0.02,0.46600000000000136,141.4533115938836,205.5772331154684,44.116865384694094,193.0,42.0,168.0,266.5,0.1171981287313544,0.054702979622124684,0.11968,0.06064149999999999,0.0371283,0.18419100000000002,0.37884081453311547,0.14700065489345265,0.40537,0.13961250000000003,0.14882599999999999,0.536401,4.484629718402069,5.881498165069267,3.9668,6.924964999999999,-1.0988099999999998,11.702400000000008,0.23087995756434276,0.1562595665198116,0.18968000000000002,0.13881250000000003,0.10829,0.41674400000000006,0.11241000846332608,0.029327399379870077,0.11249,0.04223474999999999,0.0738577,0.15017,-0.3374032883805374,0.06856517558916936,-0.34189,0.0846925,-0.42060299999999995,-0.2488,1.4158176100217867,0.4695863311834487,1.3433,0.645125,0.883976,2.1198500000000013,-9.651388634713145,1.194260539867689,-9.53425,2.0345999999999993,-11.31,-8.115590000000001,655.6616594345264,265.02037053815627,632.105,349.4475,344.0,994.042,1589.2963712209564,409.8267630648336,1586.0,543.7,1050.4,2096.7900000000004,2541.9247664543527,498.20396520823886,2567.9,712.875,1881.7,3182.4,1
328,0.3933027290393444,106521,41895,0.19351039260969977,0.17760365482185725,0.14,0.2,0.03,0.44,121.9477849438139,139.08705096073518,31.261927963520243,131.0,31.0,109.5,181.0,0.09755347143503282,0.04294850480469553,0.10087,0.044467000000000007,0.034464800000000004,0.14747199999999996,0.35542134016360666,0.19012477176624493,0.36693,0.133865,0.14566000000000004,0.513732,1.0485837958645137,5.105362212597232,0.47441,4.07615,-3.5274199999999998,6.95756,0.18193010319050484,0.1473176813648288,0.14353,0.11550500000000001,0.074946,0.329206,0.09031668891824801,0.027861596164495468,0.085272,0.035587499999999994,0.05945480000000001,0.12907599999999997,-0.3655290374030314,0.06984883792868356,-0.36002,0.09054000000000006,-0.46294599999999997,-0.28167200000000003,1.1559568115526913,0.47157139960445527,1.0039,0.5999750000000001,0.69729,1.89096,-9.006640307912638,1.1815051929562157,-8.8529,1.5768499999999985,-10.8676,-7.593680000000001,574.0741721187619,262.5562260348001,523.2,278.39,311.6,900.42,1571.3810590914354,414.96772065214316,1566.1,583.3000000000002,1046.8,2105.1,2501.857018507082,432.1625755799665,2516.0,510.0999999999999,1935.2,3060.7,1
329,0.3517252120233898,70629,24842,0.17506694855532062,0.19733757942576555,0.1,0.19999999999999998,0.02,0.44,120.54538504013932,117.26272039288303,29.47097054794895,106.0,20.5,95.0,169.5,0.12405229470944366,0.058608967873155775,0.12987500000000002,0.07034999999999998,0.03427840000000001,0.19485800000000003,0.4177161284190484,0.1738216384374495,0.46525,0.16524249999999996,0.12191400000000002,0.5905320000000001,3.988856472179333,5.243050561089078,4.4168,4.180949999999999,0.0,8.914380000000003,0.19776981307527572,0.13135285770155533,0.17391,0.10045000000000001,0.0926217,0.32129800000000003,0.09932722887086386,0.02207304197043608,0.099091,0.021211249999999987,0.075282,0.125318,-0.4178418222365349,0.06456681979423515,-0.4203,0.09743750000000001,-0.5022989999999999,-0.3355,1.521074677159649,0.43746026313997693,1.4524,0.5733750000000002,1.03462,2.1799,-9.699914153449804,1.1012687411271178,-9.5785,1.6210749999999994,-11.376,-8.322339999999999,590.0577916637161,249.470063017281,561.63,230.375,318.788,872.35,1604.8217287237808,385.31312914217415,1599.7,462.9000000000001,1106.9,2077.4,2554.8186606143868,410.1480986735989,2570.4,437.25,2012.3600000000001,3077.84,1
330,0.18581742297572293,77151,14336,0.11113178294573642,0.18534850391781704,0.04,0.09999999999999999,0.02,0.2610000000000014,100.32274371038613,107.23388671875,35.44462607654251,93.0,42.5,76.0,172.0,0.06590324254884207,0.03892325278936907,0.068899,0.043694750000000004,0.0024562,0.11002,0.31033504712032645,0.17580445094308772,0.34813,0.22185500000000002,0.011102,0.5200849999999999,-0.21014543779157366,5.235888346868665,-0.029006,3.3651,-4.34435,5.132,0.1487131993059919,0.14330996226281412,0.11331,0.10301699999999998,0.008581450000000001,0.29135500000000003,0.07994857160525949,0.0321796637748113,0.069072,0.04113574999999999,0.0485135,0.128705,-0.3785051583426339,0.060391850623059344,-0.37449,0.08123249999999999,-0.46214500000000003,-0.30467,1.1575912234933037,0.46770650835028854,1.0037,0.6023225,0.693725,1.8745500000000002,-9.902498835100447,1.2918764342738425,-9.89965,2.1083750000000006,-11.575,-8.11875,715.2412531403535,297.63321032172297,689.47,368.22,351.28,1112.5,1617.3471725800805,391.9402404389609,1588.5,492.70000000000005,1156.0,2130.4,2575.047095967125,447.6500891277954,2617.0,597.7000000000003,1975.0,3117.0,1
331,0.3823394576295095,85071,32526,0.17572123176661264,0.1905363809243502,0.11,0.21,0.02,0.43,130.54977606940085,124.33379450285925,31.66894937018713,113.5,32.0,97.5,175.0,0.08677509143422185,0.04254781660777643,0.088854,0.04299599999999999,0.02422,0.13533,0.3210034126261514,0.13410753566782554,0.34789499999999995,0.12648499999999996,0.105905,0.46240000000000003,1.081322437953883,5.173795611348234,0.26417999999999997,3.628165,-2.37825,7.202500000000001,0.15846569058569143,0.13786116956266697,0.118845,0.09094174999999999,0.067625,0.293365,0.08254989769472422,0.029618480583501167,0.0759325,0.0375575,0.051563,0.124735,-0.3657043236088052,0.05880556918317061,-0.36246500000000004,0.0726,-0.44284999999999997,-0.29664500000000005,1.1414707575478078,0.4727438966688495,0.9787300000000001,0.61482,0.6904399999999999,1.8811,-9.250182955174322,1.2561437007198726,-9.0225,1.7141749999999991,-11.329,-7.7693,659.5263749861851,329.19468926009387,591.0,450.3299999999999,273.742,1157.5,1551.5361881415117,401.40613963036327,1512.2,457.70000000000005,1083.4,2089.3800000000006,2465.99694155409,476.8957761833256,2413.9,637.6000000000004,1886.5,3119.3,1
332,0.3309880907437279,87411,28932,0.14344075359444722,0.1513134056776079,0.09,0.15,0.02,0.33,138.44939424099942,163.64032904742155,46.374253080995814,148.0,58.5,119.5,237.5,0.08045518067738835,0.04398204351584223,0.0833065,0.051557000000000006,0.014482,0.13122900000000004,0.359055684282331,0.18612861186875493,0.395915,0.2737925,0.06934000000000007,0.5823520000000001,2.274338158909408,5.537638605628371,2.50695,4.7864425,-2.7840599999999998,7.897250000000003,0.21918892588731856,0.17917653080965756,0.17483500000000002,0.15568249999999997,0.0698967,0.4205440000000002,0.0916723512344463,0.030928587621325308,0.085846,0.04200525000000001,0.057262600000000004,0.13586900000000002,-0.35694577002972494,0.07286314820977648,-0.359915,0.08525750000000004,-0.44677,-0.26902,1.3226067015761096,0.44290363979940084,1.2337500000000001,0.5604749999999998,0.836126,1.9707800000000004,-9.33534589381999,1.4930083307443385,-9.15625,2.3901249999999994,-11.454,-7.48682,633.2037103043343,310.52604176263566,589.2,388.49500000000006,281.83,1034.0,1581.0539134266514,432.9679641589964,1607.4,571.3999999999999,993.43,2121.8,2505.817533277632,475.18374715244306,2544.1,639.2999999999997,1852.0,3081.3,1
333,0.27756112658619625,96930,26904,0.1175360419397117,0.1258823003851524,0.07,0.13,0.02,0.28,141.68987929433615,115.06456289027653,33.99991929588666,107.0,26.0,83.5,169.0,0.06726289747441272,0.03574453743766639,0.0707445,0.0391295,0.01004,0.10622,0.3077741948322183,0.14649887487214516,0.354785,0.19227750000000002,0.04502140000000001,0.454984,0.802760129018079,5.102243958476851,0.60789,3.1069174999999998,-2.6562799999999998,5.79112,0.16022255243608385,0.1421037949511233,0.127845,0.09198675,0.0354174,0.296167,0.0780738232567648,0.031877761107696856,0.0681765,0.03770325,0.0477029,0.12683,-0.36900618636633964,0.061600594129295555,-0.367915,0.0726,-0.445748,-0.30030599999999996,1.2340968971156705,0.5220774766606632,1.0599500000000002,0.6988399999999999,0.717232,2.08137,-9.543734545049062,1.2786037051027255,-9.2369,1.8752250000000004,-11.527,-8.08793,708.0780403797535,302.73352852293004,680.0,430.58,336.0,1117.1,1582.1807383519945,417.399564387356,1536.3,540.8,1074.8,2159.6,2535.3596714307823,434.5588438499525,2525.7,540.3000000000002,1996.5,3096.1,1
334,0.39581228762971804,98001,38790,0.20491283676703648,0.2371777966984547,0.13,0.23,0.02,0.49,115.89677656350445,140.41386955400876,34.24499735329597,129.5,34.5,109.0,192.0,0.1450681296469451,0.06673854154742481,0.15546,0.09031999999999998,0.044559600000000005,0.22459099999999999,0.44845506185777256,0.17444684058768195,0.513115,0.19772750000000006,0.155217,0.607521,8.250849219230858,6.910950420075506,9.35205,6.1719,0.0,15.275099999999998,0.30883693866803297,0.15415204498865556,0.29052,0.17114000000000001,0.14772000000000002,0.496471,0.11496768194637792,0.02234014593554431,0.11605499999999999,0.023520000000000013,0.08777370000000001,0.14134,-0.41687584418664597,0.06574592623245254,-0.42193,0.08076,-0.496141,-0.33697600000000005,1.9501787868007219,0.47253860692363636,2.04125,0.6189750000000003,1.28098,2.494,-9.292802810002577,1.2454811293074814,-9.0305,1.8371750000000002,-11.2911,-7.83239,670.7308255726359,305.9911093548354,687.805,377.46999999999997,233.73300000000006,1038.8,1581.3686915115143,423.9646875930944,1570.0,460.0,1053.3,2121.5,2559.9574890780664,457.70057360540403,2605.3,569.5999999999999,1928.57,3102.8,1
335,0.3973135766775087,83010,32981,0.14664739884393063,0.16078498160599905,0.09,0.16,0.02,0.37,162.55872786411274,206.80973894060216,44.651194957325345,196.0,43.0,171.0,271.5,0.09550346854006549,0.049750439071192774,0.096918,0.05288799999999999,0.020757,0.15641,0.3178261131985992,0.13511972960644927,0.3478,0.14339000000000002,0.095273,0.45708,6.095012003537734,6.473853220268587,6.2932,7.9568,-0.29506,13.478,0.21524732507337557,0.17087166915612084,0.1735,0.11976,0.09796,0.38632,0.09858344334920105,0.032429106476533874,0.095527,0.047347,0.058631,0.14332,-0.3303365689457567,0.06712374425160729,-0.33288,0.07961999999999997,-0.41341,-0.24846,1.353847342106061,0.4506751552663639,1.2767,0.5805,0.85632,2.0147,-9.370887741426884,1.2655413478171682,-9.142,1.9292000000000016,-11.319,-7.8637,688.1120653987791,302.22637422262613,656.11,418.05,318.69,1067.940000000001,1616.8472219435505,438.416313036836,1633.0,583.5,1013.0,2165.4,2559.545240711061,500.6286433187403,2576.5,714.0999999999999,1883.1,3182.0,1
336,0.3512371756185878,94449,33174,0.21710732984293193,0.24422118761545816,0.12,0.28,0.02,0.55,97.06825906044531,114.7173238078013,34.733499710082725,102.5,36.5,84.0,174.0,0.12373471451299209,0.054948359072912435,0.135095,0.06197,0.0346286,0.18391400000000002,0.41933638130129014,0.17327089772848753,0.47199,0.15285750000000004,0.129499,0.58535,3.2137163605555554,5.531893834644826,3.2864,4.230425,-0.37171799999999994,8.74558,0.22187687514208418,0.14658454014102523,0.193765,0.09373749999999997,0.105683,0.372468,0.10568216458702599,0.021043359831924305,0.10299,0.018659750000000017,0.08402760000000001,0.13233,-0.416779941208778,0.06960134425231572,-0.41625,0.09023999999999999,-0.509507,-0.336563,1.5312505558569964,0.43835627230374347,1.4743,0.568975,1.02473,2.1933,-9.923311439681678,1.0822727958762037,-9.8627,1.6612249999999982,-11.423,-8.495759999999999,672.56016784831,327.26137993296726,603.84,441.31,303.25,1128.8,1599.9247362447938,389.44719240860763,1576.2,456.0999999999999,1131.4,2109.6,2548.3070954272434,431.38394062465693,2567.0,499.5999999999999,1975.6,3104.1,1
337,0.494140092668302,187119,92463,0.2035285053929122,0.1911407522166496,0.15,0.24,0.02,0.45,145.67200551520688,170.08023209283712,33.50229156812701,162.0,30.0,141.0,212.0,0.10606733124281424,0.04869358182385648,0.107,0.04958549999999999,0.0346894,0.16554800000000003,0.3779680766953181,0.14531914417171762,0.39998,0.1351,0.15121400000000002,0.538398,3.41090977270612,6.219767192339482,2.4682,6.965598000000001,-2.78518,11.514800000000003,0.21378946201924226,0.14542399727628952,0.18288,0.12899000000000002,0.0967404,0.36310800000000004,0.09547043976347296,0.02980344249603158,0.090741,0.0396195,0.0611052,0.13723,-0.36445961535619653,0.07709381160337143,-0.36475,0.09381499999999998,-0.464386,-0.27304199999999995,1.3404269238506212,0.45535234340517194,1.2733,0.6219000000000001,0.810512,1.9982800000000003,-9.28517384359149,1.119177797766384,-9.1661,1.6469000000000005,-10.965,-7.897119999999999,612.9238141360837,287.44306579335057,569.0699999999999,415.3825,304.6,975.9369999999999,1573.4513010607811,436.917810504013,1603.9,585.0250000000001,961.0,2096.4899999999993,2512.312984943753,467.9836363043039,2574.9,596.3250000000003,1862.6,3060.4,1
338,0.3723755424856315,59679,22223,0.1940873362445415,0.19965181759146822,0.12,0.22000000000000003,0.03,0.4860000000000014,115.11586990398634,181.25833595824147,43.77013458207573,167.0,42.5,143.0,250.5,0.05904566831080412,0.04254818155088534,0.063996,0.06266550000000001,0.0062875000000000006,0.10657,0.28402637398263963,0.15495266003618446,0.31005,0.24076499999999995,0.05631240000000001,0.469716,3.817543277504117,5.561147324656696,3.2848,5.86595,-1.048599999999999,10.228,0.3111889478893354,0.35166801481807464,0.17398,0.229455,0.0830366,0.7635879999999998,0.10107988272915448,0.043659006971803485,0.093671,0.07573900000000001,0.049662,0.16365,-0.3245449929802457,0.0721981682451342,-0.33017,0.085505,-0.410506,-0.23101400000000002,1.226342964946227,0.42013587986868833,1.103,0.5066149999999999,0.8174180000000001,1.8586,-8.556753660621878,1.3312500482454463,-8.2827,1.6610500000000004,-10.85,-7.064,677.0444425981007,282.1809971637207,643.06,360.14000000000004,353.873,1043.6,1590.518537533376,401.97791126645575,1582.0,502.9000000000001,1086.0,2120.57,2520.8629071889677,437.75873294658595,2550.6,494.6749999999997,1919.8,3052.4700000000003,1
339,0.2983926108774004,86289,25748,0.18577200577200578,0.18046561542444126,0.13,0.21000000000000002,0.02,0.42,96.37381357994647,78.23660090104086,12.63647669402874,76.0,11.5,66.5,92.5,0.09322901187911682,0.03986969590014615,0.0989005,0.03737650000000001,0.03033290000000002,0.1336,0.3822663020192636,0.17771293774825034,0.36913,0.14787,0.13318900000000003,0.6426489999999999,-1.8342176464485394,4.313803247587897,-2.0079,3.7069855250000003,-5.20743,1.974719999999999,0.14755634294907954,0.11103640439932894,0.120185,0.10319724999999999,0.0566274,0.26528099999999993,0.07775719710435762,0.022361517375075052,0.0740505,0.01780224999999999,0.0577747,0.10504,-0.4273396993941277,0.04889207964732032,-0.42875,0.06628250000000002,-0.48847,-0.365727,1.037584423256175,0.41177033077073727,0.928265,0.4589874999999999,0.641598,1.62283,-9.626583559888147,0.844108403151634,-9.51645,1.0918249999999983,-10.8233,-8.65607,705.4400953548208,324.1535629224026,684.5,464.65,289.0,1141.0,1587.3354193757748,388.9533843308975,1552.3,477.75,1122.8,2114.6800000000003,2528.9332196377036,426.95346357450507,2505.0,505.4000000000001,2002.1200000000001,3100.5,1
340,0.2362883983247401,59931,14161,0.15409140369967358,0.20259850657459436,0.07,0.15,0.02,0.41,92.00580667767935,98.98605324482735,34.9185661699516,84.5,28.0,72.5,167.0,0.07873596258084882,0.04311401587405326,0.083964,0.056838999999999994,0.010465,0.12835,0.336282515902408,0.18542793638080238,0.34819,0.25054,0.047439,0.57813,0.3248401143960878,5.226722939281383,0.0,3.9114,-3.7258,5.9746,0.16983336011094555,0.143071680189394,0.13404,0.123006,0.045307,0.32102,0.0857166521177883,0.0270536832523167,0.080735,0.028608999999999996,0.057735,0.12429,-0.3836998328507874,0.057563026666972536,-0.3866,0.07352999999999998,-0.45451,-0.31269,1.2433375955087917,0.5253548047138539,1.1179,0.7424299999999999,0.67222,2.0577,-9.691475199491562,1.2383536055612767,-9.409,1.9206000000000003,-11.604,-8.252,622.0596233358926,251.29206318232363,596.29,297.7275,333.655,935.1050000000001,1579.7087847175858,403.30896815103245,1547.0,540.1000000000001,1097.81,2128.7,2495.1212364801713,434.0890036328072,2460.6,531.3000000000002,1959.5,3078.8900000000003,1
341,0.38173623358808545,86751,33116,0.14910400720396216,0.15964576524966245,0.09,0.17,0.02,0.38,153.61206210879413,195.01062930305594,43.65427019376984,181.5,48.0,156.5,257.0,0.1143489915538803,0.054162980874576286,0.12467,0.06670825,0.0264185,0.17455500000000002,0.3707491267803479,0.1542686541021839,0.41021,0.16132249999999998,0.11362,0.52648,4.982853605781736,5.485434666082296,5.2466,5.842625,-0.19065500000000002,10.9955,0.225512539207362,0.1619105644506766,0.18548,0.1261775,0.108465,0.399865,0.112474744806136,0.027278061401046792,0.113,0.03538100000000001,0.07819599999999999,0.14671499999999998,-0.3703348381933204,0.06745093362962823,-0.375765,0.08252999999999999,-0.45047000000000004,-0.28581500000000004,1.4497111082256313,0.4333453133678573,1.3982,0.549425,0.95684,2.0702,-9.40237542577606,1.1847276586130606,-9.19255,1.7443749999999998,-11.249,-8.01895,633.6256380419612,283.8393991106423,590.38,412.65000000000003,297.938,986.35,1560.3419521563105,451.8493614681972,1563.7,651.4000000000001,953.658,2135.0199999999995,2494.709563432104,474.38089605992735,2526.6,648.7000000000003,1865.28,3063.0,1
343,0.24180955462094253,92730,22423,0.16846731780616078,0.1974786093435258,0.09,0.195,0.02,0.41,86.12099644128114,113.08912723542791,36.14649141111004,97.5,33.0,82.0,180.5,0.1301266074388708,0.06671349674324288,0.14403,0.10050600000000001,0.02609200000000001,0.20843,0.35005482775270924,0.1551529802647323,0.39521,0.1844,0.0948636,0.507158,4.191595300671319,6.134985231901456,4.136,6.2792,-0.9079339999999994,11.1586,0.22081939364554698,0.143696879019778,0.19154,0.10745500000000005,0.09656300000000001,0.3852,0.10550485762074654,0.021550283534133043,0.10502,0.0222705,0.08050020000000001,0.132508,-0.39954122443027246,0.059707444170633055,-0.40468,0.06622499999999998,-0.468528,-0.327414,1.730702389956741,0.5006972399547651,1.7653,0.6886999999999999,1.03254,2.41538,-10.46028914953396,0.8195068638721423,-10.489,1.2413999999999987,-11.479,-9.36662,711.0866484223811,315.6703372477641,669.07,410.07500000000005,334.0,1148.3,1595.8041288847178,413.2160442606401,1548.2,512.45,1098.5,2170.9,2535.703422219345,439.3901778045043,2521.8,544.5999999999999,1992.0,3096.2,1
344,0.39766162310866576,109050,43365,0.2014166279609847,0.21440504020555415,0.13,0.22000000000000003,0.02,0.47,118.45942228335625,89.24654675429494,20.087979438331438,84.5,16.5,72.5,111.0,0.06149226591711293,0.028535042381929995,0.064538,0.028251,0.017267,0.091593,0.3814998115086592,0.18014087989559793,0.38479,0.21223999999999998,0.11261,0.609932,-0.20154732480493484,4.7408261804920055,0.0,3.1748,-3.1150999999999995,3.8500399999999995,0.15889718336750605,0.14466716000671354,0.1163,0.12249,0.051805,0.31399199999999994,0.07137554569387755,0.030151507737003817,0.06204,0.024918000000000003,0.0452852,0.11842599999999998,-0.37488229028017983,0.0628450967026212,-0.37479,0.08327999999999997,-0.45727,-0.29283,1.1026460636457973,0.4579720494049841,0.97239,0.5965699999999999,0.639424,1.78986,-8.45697338406549,1.2506492358252235,-8.3202,1.482400000000001,-10.165,-6.99144,649.436873146254,304.4461440669683,610.8,427.26,304.3,1052.2,1591.0182876643212,408.9158346214211,1566.9,524.3999999999999,1080.0,2148.2,2522.7109194653654,429.768714912018,2488.6,502.7000000000003,2009.3,3109.8,1
345,0.4986836967338044,79389,39590,0.21114666666666665,0.1955630976323385,0.14,0.24,0.03,0.5,141.7072894229679,224.9733644859813,48.24195686530292,211.0,50.0,181.5,293.0,0.09370687642025763,0.04494926523436774,0.088504,0.04557725,0.0440383,0.15159099999999998,0.40020542132399595,0.14693093384938855,0.41812499999999997,0.14142749999999998,0.192759,0.560631,3.823612575308003,6.050508857051248,2.80625,6.9818075,-1.8703100000000001,11.286,0.24085067420834552,0.16162796865900925,0.20455,0.15605500000000005,0.10627,0.4196159999999999,0.09284963979431675,0.03574615071119231,0.088657,0.05369399999999999,0.0486758,0.14325,-0.2573418139852488,0.09547085498151436,-0.26661999999999997,0.1348575,-0.37502,-0.12361700000000003,1.3107635332154584,0.420759350796974,1.2117,0.5466,0.877108,1.9312,-8.584510431927255,1.3523230202979892,-8.4289,1.8194999999999997,-10.714,-6.924220000000001,601.5988291778025,235.1036968718305,570.0,261.01250000000005,358.993,886.3519999999999,1606.3324965962383,441.0035262626195,1624.8,587.425,1021.7,2153.1699999999996,2589.4373402753263,517.2904591777394,2618.6,706.5999999999999,1885.53,3227.0,1
346,0.39932559072196167,122181,48790,0.14396577161404545,0.16339358122946399,0.08,0.17,0.02,0.37,166.42522159746608,186.88480221356835,52.76957488970903,180.0,44.0,114.0,254.5,0.13196507145689895,0.06048263233286014,0.14146,0.073826,0.0353748,0.2015,0.47298154390451935,0.1927484791938928,0.52995,0.22665999999999997,0.1494980000000001,0.66942,4.43484423774337,6.647449280389128,4.3186,8.526791,-3.0082599999999995,12.332,0.35153761769407665,0.1851072301989063,0.336295,0.22056499999999996,0.14781700000000003,0.5810810000000001,0.1197071036635581,0.026451241047565223,0.12212,0.031869999999999996,0.08543,0.15082099999999998,-0.3624786049395368,0.07634982591094941,-0.365305,0.10007749999999999,-0.46079099999999995,-0.26437,1.6398788348022135,0.4918178929490575,1.6388500000000001,0.713975,0.9717380000000001,2.322,-9.605969032588645,1.043622945827477,-9.5121,1.4951999999999988,-11.153,-8.3058,583.5579054755918,240.11673245049798,563.43,360.18500000000006,313.0,894.1,1544.0724873071426,467.97022564025383,1565.2,697.0999999999999,881.241,2133.9900000000007,2484.888389526955,527.1891131926182,2497.7,802.3000000000002,1791.0,3156.3,1
347,0.23825640522555222,61161,14572,0.1412015503875969,0.15120610093126735,0.09,0.15,0.02,0.34,101.24098690341884,142.6008440845457,50.14654927346801,119.0,85.5,93.5,213.5,0.11126692098542341,0.06348110791977982,0.11989,0.09801425000000001,0.019403600000000007,0.191638,0.34737994540839284,0.1740683962165858,0.42106,0.2877425,0.07230810000000001,0.52049,5.7207122138971,7.69991559196947,5.96025,10.036712499999998,-2.66333,14.863900000000001,0.25627359511849435,0.16226990435197322,0.23624499999999998,0.1452875,0.08136470000000001,0.438564,0.10574514072913808,0.02506394798718224,0.10161,0.028726,0.0804749,0.14064,-0.39891197502058745,0.061448308416791504,-0.39448,0.08424749999999998,-0.483697,-0.326621,1.6649932720285479,0.5214894287877092,1.6668500000000002,0.761225,0.952246,2.4207799999999997,-10.354525953884162,1.0900596171283752,-10.5395,1.8993000000000002,-11.606,-8.84226,631.8893353583752,288.34377810907347,594.0,350.44000000000005,311.75,1010.9,1567.097508789717,402.1307786955849,1528.6,497.4000000000001,1078.7,2116.4,2505.0337956860885,440.1323341975748,2499.6,560.2000000000003,1941.9,3073.7,1
348,0.4251459549624687,71940,30585,0.16443548387096776,0.1807373000908244,0.1,0.2,0.02,0.4,155.12927439532945,203.0015040052313,48.47101165739085,188.5,46.5,163.5,274.0,0.0966695404208599,0.052114336425752084,0.094078,0.061406,0.0249062,0.16516600000000004,0.37891938362835054,0.17319144538579273,0.4,0.22653000000000006,0.10894000000000002,0.587512,3.882876364180448,6.353962017181403,3.3343,7.7185426999999995,-2.9062799999999993,11.890200000000004,0.2653965078223672,0.17983170826505354,0.2345,0.18821000000000002,0.100034,0.46873,0.10089559857119502,0.03392332955712809,0.10067,0.05160200000000001,0.0555832,0.14567600000000003,-0.3459904152852705,0.06655737394471634,-0.34956,0.08199999999999996,-0.425556,-0.2631,1.4200018659473599,0.49984735942865754,1.3544,0.7124999999999999,0.82977,2.1721,-9.596508497629555,1.298793097206417,-9.4629,2.3381000000000007,-11.3476,-7.91784,572.4807456366038,244.70641656507914,527.7,294.36,328.11,878.084,1572.2138816493984,424.8650409789212,1581.0,534.4000000000001,986.7040000000001,2117.4,2529.7269815729087,472.8520039280976,2578.4,590.7999999999997,1868.6,3091.86,1
349,0.291071472627242,121599,35394,0.1700816914944738,0.17727214614097492,0.11,0.19999999999999998,0.02,0.41,102.68176547504503,119.81140871334125,29.60153724593013,109.0,20.0,98.5,171.0,0.10487646393955953,0.062235856355127295,0.10644,0.09771824999999999,0.0187866,0.18676,0.3491443994359411,0.31068702896869493,0.378185,0.250845,0.09314940000000001,0.54366,6.782775573636491,7.0482313299202595,7.242850000000001,8.3382,-0.052692399999999875,14.708100000000002,0.24750140168756005,0.16328088141446373,0.21983,0.127435,0.10963300000000001,0.41891700000000004,0.10243894521415212,0.026776611522824206,0.1026,0.03510825000000001,0.0682742,0.13664700000000002,-0.42799785658586204,0.06288107109353636,-0.43385,0.07599,-0.5032139999999999,-0.346332,1.7984571201333561,0.47330461714247446,1.8114,0.7303749999999998,1.2058,2.4275700000000002,-10.196939987003447,0.8294813990688794,-10.138,1.2508999999999997,-11.362,-9.128530000000001,588.5266714801683,281.79604152380955,568.56,338.375,261.746,919.8620000000003,1596.5995252042421,420.3838877407615,1612.6,515.0999999999999,1027.3,2114.2,2529.0284507227657,460.3927508792322,2580.4,656.0999999999999,1930.46,3072.540000000001,1
350,0.45580013381870965,88179,40192,0.18994328922495274,0.19264131777266413,0.13,0.22000000000000003,0.02,0.44,143.9798591501378,182.06920531449043,40.436527763313066,172.0,38.5,145.5,234.0,0.07939629159733877,0.055523272281906,0.084446,0.09102575,0.00752762,0.14986900000000003,0.33283964897370616,0.19522966211202739,0.349435,0.3291525,0.06202970000000003,0.58393,3.4344435912932645,5.431854210285083,3.04425,5.4433675,-1.4153499999999999,9.982460000000001,0.3637189304513087,0.35094298505543087,0.245025,0.2709825,0.103461,0.8277440000000004,0.11537140144605892,0.0346467673013171,0.11422,0.052356500000000014,0.07107720000000001,0.16206900000000002,-0.364794627211883,0.06462985237571552,-0.36881,0.08206250000000004,-0.44502,-0.28149499999999994,1.3712580334394904,0.4257380061269215,1.3106,0.5507,0.887205,1.9774800000000003,-9.900543807225318,0.9523984330009101,-9.8633,1.4015250000000012,-11.231,-8.683349999999999,625.0450429921492,251.02200106106088,598.67,299.125,352.0,914.15,1585.2171004265747,399.7098714365251,1567.3,470.4000000000001,1085.5,2112.8,2547.17496517063,421.3569221684132,2562.0,435.3250000000003,1985.6,3059.37,1
351,0.40361751062253926,76959,31062,0.19044757817290006,0.18651401005287718,0.12,0.22000000000000003,0.02,0.45,127.1586169258956,202.40971283239972,38.8570641689045,190.0,32.5,171.5,258.0,0.12670959434005538,0.056093470231707944,0.13635,0.06308050000000001,0.03751630000000001,0.18854,0.34653771704297537,0.1288301982060786,0.37465,0.11584749999999999,0.14675900000000003,0.47394,7.465736787140751,6.630350917494404,7.1716,8.3274,0.05813160000000016,15.255,0.22357404860305194,0.1649323281336765,0.189475,0.10955500000000001,0.111731,0.36805600000000005,0.1106554864109523,0.024878998071826933,0.10965,0.029983000000000024,0.0808483,0.14235,-0.34054468347176614,0.07070130752705828,-0.341775,0.096555,-0.431519,-0.25172199999999995,1.4082037724550898,0.42970771477993364,1.3574,0.5558000000000001,0.915381,2.00989,-8.977176694997102,1.1615835154468166,-8.6839,1.5188249999999996,-10.93,-7.7066,652.3878520480989,338.5858021180044,627.0,495.01,244.1,1091.3,1584.2306624634384,441.40157381064546,1568.8,546.7,1000.0,2171.6,2509.503603899903,474.6178894448187,2536.0,593.0,1856.94,3088.5,1
352,0.42468853192301115,76011,32281,0.16734577501296008,0.15956721270253474,0.12,0.18,0.03,0.37200000000000044,152.26743497651657,199.04502648616833,45.744714053668254,193.0,36.0,164.0,255.5,0.07456638532763576,0.05397167595270423,0.068409,0.07428499999999999,0.0092102,0.14772,0.3032488444593197,0.1492285670470817,0.32222,0.20203000000000002,0.067071,0.47966,6.461784912765218,6.075472715772674,6.439,6.770399999999999,0.0049039,13.414,0.3030576517526099,0.31284715803268964,0.20307,0.1853,0.10504,0.62193,0.11857915909166383,0.03970034753466563,0.12054,0.06317800000000001,0.06374,0.1701,-0.32807751009572195,0.07768229356846068,-0.33135,0.09671999999999997,-0.42468,-0.22956,1.3828018856293176,0.6122235552468198,1.2768,0.76147,0.63122,2.4965,-8.865591276602336,1.1424120234296864,-8.6923,1.4680999999999997,-10.665,-7.5491,632.6003747314094,310.7447746526118,575.475,410.42249999999996,275.2,1031.0,1589.3497794659786,444.24945050777967,1621.5,575.0999999999999,984.0,2124.0,2542.0268090372865,502.2326254490278,2626.9,718.7249999999999,1831.41,3090.8,1
353,0.407735368956743,78600,32048,0.20464878671775225,0.21100434409390081,0.13,0.22000000000000003,0.03,0.48,119.54198473282443,190.92291250624064,42.39652071030799,181.0,51.0,146.5,251.0,0.06379466389510828,0.04586855962323358,0.060541,0.06075924999999999,0.0100804,0.11983,0.28055475904144095,0.1405961127621481,0.29474,0.1997525,0.0740262,0.4557,6.0002551166325935,6.401433963430738,5.63195,8.245675,-0.16773899999999983,13.2913,0.30198773211900903,0.3266268894250204,0.196135,0.187255,0.0895251,0.648339,0.10745499199307289,0.04241376827913543,0.10675,0.07005099999999999,0.052507700000000004,0.166383,-0.3187617726535197,0.07954455325309134,-0.3208,0.09988999999999998,-0.42005,-0.218567,1.395607097790814,0.6463323858032273,1.2195,0.89385,0.7057140000000001,2.4965,-8.713927461932101,1.222749359348929,-8.4293,1.5081750000000005,-10.81,-7.373,614.004065941787,276.9039061330144,601.23,368.4950000000001,269.07,929.2440000000005,1541.6913067101682,445.15647092550336,1559.3,587.5250000000001,934.645,2103.5900000000006,2488.491243641782,507.00969703167345,2531.45,714.5250000000001,1779.51,3096.1,1
354,0.24176071843414643,57681,13945,0.15494444444444447,0.18938760144277375,0.09,0.18,0.02,0.3810000000000002,93.61834919644252,115.43929723915382,36.65240715871195,97.5,47.0,87.0,180.5,0.09285836303857296,0.04896184035845915,0.10207,0.064558,0.01678120000000001,0.14425800000000003,0.3569882998813912,0.2981493147387154,0.38952,0.26728999999999997,0.06264660000000002,0.6017220000000002,-0.43286859159770524,4.915895670556031,-0.56027,3.6484,-4.3402199999999995,5.001860000000001,0.19002840923315167,0.15293453487107367,0.15599,0.11223,0.0633572,0.359344,0.09323423339591251,0.023782936951593343,0.088696,0.025079000000000004,0.070389,0.12634,-0.41111378501254925,0.058380745287961805,-0.41476,0.08278999999999997,-0.483028,-0.33592399999999994,1.2443754815346002,0.4990666086980953,1.091,0.6586799999999999,0.724274,2.0361800000000003,-10.414423054858371,0.8435489606449794,-10.344,1.4476999999999993,-11.5086,-9.31002,685.6107182666296,321.47829348687816,668.3,484.835,273.535,1106.8,1583.5223200041617,410.62405541414574,1567.85,562.1000000000001,1057.5,2119.3,2487.799093951585,464.54727657912855,2461.4,659.5,1923.0,3110.0,1
355,0.4220097821253891,67470,28473,0.21505287009063445,0.2459866628343228,0.13,0.24999999999999997,0.02,0.5270000000000005,117.741218319253,146.3012854283005,32.8697194258073,134.0,28.0,120.5,193.0,0.13536306398511574,0.0652154719167382,0.1455,0.09965800000000001,0.0430552,0.212988,0.38435517983760054,0.16853938227565285,0.42113,0.25600999999999996,0.14942000000000005,0.577648,5.8812793799919225,6.03658301869719,6.0736,5.5328,0.0,12.295,0.24312702807119027,0.1440497828526648,0.21204,0.11002,0.130652,0.407568,0.12612943350862219,0.02751877302899265,0.12416,0.02943000000000001,0.094554,0.162718,-0.4602491222210515,0.07101849769794005,-0.47912,0.07768000000000003,-0.53166,-0.350084,1.4854078073964807,0.7070015071219247,1.6359,1.17468,0.34806600000000004,2.39884,-9.626690116952902,0.9970846076295887,-9.4631,1.4717000000000002,-11.155,-8.44162,600.6110044156461,317.3815532494069,539.0,413.34499999999997,257.36400000000003,1048.5800000000002,1574.8356752468787,414.89545824202514,1566.5,478.79999999999995,1052.3,2095.7,2496.5425636843506,493.7188097224606,2464.1,691.0,1896.91,3169.1,1
356,0.34915094339622643,95400,33309,0.15435125115848006,0.1439963857407711,0.11,0.16999999999999998,0.02,0.35,135.72327044025158,117.77489567384191,30.419732624234435,107.0,24.0,93.0,172.0,0.10438592117389565,0.0571173373341289,0.10649,0.080904,0.0242364,0.17594,0.3509530486431865,0.17178255609243662,0.39587,0.24745,0.09159540000000001,0.545672,3.976572358779699,6.071696983149543,3.7933,5.241099999999999,-0.20575799999999944,10.9312,0.2155443683756042,0.1432201281223758,0.19522,0.10677,0.0919742,0.357192,0.10894008298886187,0.030713830016242772,0.10465,0.04044500000000001,0.0748326,0.151872,-0.41913672169683874,0.061706834177938964,-0.42383,0.07540000000000002,-0.492972,-0.343156,1.475256361644,0.6546770840916095,1.4141,0.8475999999999999,0.39153800000000005,2.4965,-9.707584727851332,1.002543120903435,-9.5633,1.5633999999999997,-11.2,-8.46878,637.2848649707946,302.59551989976353,602.91,397.69499999999994,266.0,1017.1,1588.988132111285,404.7455670105178,1611.5,474.29999999999995,1048.6,2072.0199999999995,2543.216782160048,451.263116837526,2591.3,579.0999999999999,1896.68,3069.1,1
357,0.2603601648947711,41481,10800,0.14044213263979194,0.17616581647936685,0.08,0.14,0.02,0.34,111.23164822448832,134.43800925925925,39.29237892272904,118.0,60.5,100.0,196.0,0.0730603413311974,0.04192796521975058,0.073206,0.04694600000000001,0.012191200000000001,0.123261,0.27288834685846663,0.13623638929478954,0.313145,0.19446249999999998,0.053529000000000014,0.411731,0.22615813331166668,5.866582231514449,0.0,3.37075,-4.6876299999999995,6.420780000000001,0.18936390550047222,0.1819013397251457,0.13814500000000002,0.11363774999999998,0.0616111,0.39155200000000007,0.08221828160555555,0.03257536702958394,0.0733955,0.046914750000000005,0.0479346,0.130203,-0.38417814888888896,0.058210938300619866,-0.380685,0.07650499999999999,-0.460321,-0.316798,1.2363147907407408,0.52833047429883,1.05295,0.775225,0.705708,2.07041,-9.485519796296296,1.3227263014217725,-9.245650000000001,2.5524000000000004,-11.295,-7.8535900000000005,644.1650400660734,310.1053360310511,605.9,418.64000000000004,283.84000000000003,1059.0,1569.4741814367358,404.79359771396673,1562.7,461.79999999999995,1042.6,2092.340000000001,2499.173099182522,466.5312789272751,2534.1,575.3000000000002,1867.74,3082.0200000000004,1
358,0.29320430306678397,64791,18997,0.1429420617005267,0.14550138151625366,0.1,0.15,0.02,0.33,123.07264897902488,139.80675896194137,41.67926380502171,125.0,63.5,100.0,204.0,0.07768945447793862,0.04626544615066349,0.075832,0.063524,0.016015200000000004,0.13620800000000002,0.2860379698855083,0.1503148808154188,0.29752,0.20035,0.06695620000000002,0.48574800000000007,1.0748367980833815,6.4083622747339,0.18519,6.4983,-4.83458,8.827260000000003,0.22651641596714744,0.18684037759666336,0.17286,0.17991,0.0643228,0.4657380000000001,0.1050436050423751,0.034723329546323935,0.10568,0.050865999999999995,0.0592954,0.15076600000000007,-0.38754583839553614,0.0621313563934024,-0.39009,0.07347999999999999,-0.463034,-0.31638999999999995,1.3803344106964257,0.6617446269844011,1.3183,1.06209,0.59592,2.4959,-10.013609885771436,1.1181593130218248,-9.8786,1.7728000000000002,-11.432,-8.646479999999999,638.284926963274,269.3054062816506,623.9,320.05999999999995,317.27599999999995,964.2160000000001,1608.0154226037018,420.0484440445819,1592.6,566.1000000000001,1073.1,2147.84,2544.3359552001484,443.8186856617899,2556.9,571.9000000000001,1983.3600000000001,3108.6,1
359,0.376619355837421,103359,38927,0.15966776045939296,0.17229264134035957,0.1,0.18,0.02,0.38,141.5261370562796,134.31219975852235,35.197452437084834,124.0,40.5,100.5,187.5,0.09364746335974311,0.05502990666699865,0.092892,0.08858400000000001,0.0159826,0.16328,0.2869116380117656,0.9810575769648587,0.29421,0.17953000000000002,0.0741762,0.43688600000000005,0.6119565280835411,5.736177823921465,0.11864,4.3065,-4.4832600000000005,7.243140000000003,0.22795026225249057,0.22520431533210977,0.15921,0.13108000000000003,0.0792224,0.4748680000000002,0.10862873714167542,0.02854479760057091,0.10718,0.03700800000000001,0.0745656,0.147184,-0.42718861802861763,0.0622266710782425,-0.43008,0.08345499999999995,-0.50605,-0.34885199999999994,1.221156621111311,0.4932924786915123,1.1027,0.6528399999999999,0.68857,1.9736,-9.409731176304364,1.134762893168973,-9.2824,1.7584,-11.077,-7.983719999999999,600.0433573612323,317.3832520424953,543.15,436.515,251.836,1023.1,1603.1167972388637,403.4608884015114,1593.0,486.70000000000005,1081.16,2122.1,2502.1766524164846,436.16926836410533,2462.4,550.75,1976.4,3089.1,1
360,0.439827429609446,44040,19370,0.1841254752851711,0.20324668802988233,0.11,0.22,0.02,0.46,143.32425068119892,219.12196695921529,39.705247324550314,209.0,40.0,182.5,270.0,0.1390495153112287,0.058197795488184746,0.14508,0.06365499999999999,0.0497879,0.20721,0.4385520301488901,0.15572900041275503,0.476905,0.15866250000000004,0.199355,0.590782,7.808881442717295,6.401727295620698,8.46345,7.175624999999998,0.0,14.561100000000001,0.29729748528936506,0.15449880144782976,0.27198,0.16634749999999995,0.153559,0.48480000000000023,0.12291928878988125,0.025835563784106372,0.12434500000000001,0.03422499999999999,0.08938320000000001,0.15454,-0.37315882297367065,0.06573397099119797,-0.37417999999999996,0.08354500000000004,-0.457414,-0.291419,1.719101416623645,0.4720779391280809,1.7312,0.6604500000000002,1.09239,2.34161,-9.231170129065564,1.1942693703045102,-9.0445,1.9716500000000003,-10.977,-7.73128,616.675508233958,288.6520353715258,570.59,380.13,286.1,1006.7,1596.6558873367405,424.421111501525,1595.7,518.5999999999999,1054.7800000000002,2146.1,2574.0915579784214,488.72616142097144,2616.8,665.2999999999997,1895.74,3162.56,1
361,0.3963795547662445,64191,25444,0.15109263657957245,0.15249311644581612,0.1,0.16999999999999998,0.02,0.36,157.40524372575595,146.84302782581355,36.520256740324236,134.5,44.5,113.0,203.0,0.08805893104136535,0.04382995407249104,0.092008,0.044921,0.020508500000000002,0.13648,0.30510506085737304,0.13042223195662103,0.340955,0.12327499999999997,0.08676950000000003,0.425441,0.5552070385364329,5.339218038763049,0.0534535,3.0383500000000003,-3.4042899999999996,6.6673800000000005,0.1733844292644081,0.17180952410570752,0.12017,0.10386800000000002,0.064269,0.34501300000000024,0.08594598421549283,0.03095149825011101,0.07699349999999999,0.04185175000000001,0.054670500000000004,0.13149100000000002,-0.37253680832416286,0.056467032902887404,-0.37132,0.07419250000000005,-0.44713,-0.30402599999999996,1.1193961094953624,0.4822955130159409,0.93729,0.6320625,0.6700560000000001,1.8641500000000004,-9.785224489074045,1.0220720390038516,-9.63965,1.5135000000000005,-11.321,-8.54825,630.7650180656622,282.73762591152763,570.69,378.04,328.0,1014.3,1584.9696676379385,424.51698532302385,1547.1,556.3,1085.5,2182.7400000000002,2570.0202694111595,442.6393659861704,2610.2,481.39999999999964,1955.06,3107.3,1
362,0.34577000626916754,59019,20407,0.1315731785944552,0.12993665431872758,0.09,0.16,0.02,0.31,157.67803588674832,180.35022296270887,47.61021235102861,172.0,47.5,136.0,245.0,0.074774098641916,0.04962643559281858,0.073667,0.06510149999999999,0.0076835600000000025,0.14123200000000005,0.32871700722100755,0.1889239394298284,0.35361,0.31844,0.04200880000000001,0.5593640000000001,4.98469924894154,6.222666411631697,5.04,7.7009,-0.9756399999999996,12.178800000000003,0.2769766028909688,0.23763378987347078,0.22251,0.16679999999999995,0.0918506,0.5068100000000002,0.10445894753760966,0.034320829328032765,0.10414,0.05137800000000001,0.0597226,0.14894400000000002,-0.38690780565492233,0.05834757004568869,-0.38827,0.075125,-0.460276,-0.312982,1.443596610476797,0.5659596260996226,1.4,0.7261500000000001,0.745986,2.3976,-9.52186950066154,1.2474755521209513,-9.2849,2.258000000000001,-11.264,-7.98196,653.5243125633075,292.8860608452784,627.845,429.93249999999995,299.39000000000004,1013.0,1618.4695428079244,411.49219650388824,1597.8,495.29999999999995,1099.0,2174.5,2577.7427254091303,451.57277865683375,2612.8,579.0,1966.5,3108.81,1
363,0.4566739195983995,122709,56038,0.20244942196531793,0.2112143126806722,0.13,0.24999999999999997,0.02,0.4830000000000018,135.3445957509229,128.87969770512865,30.942152793830306,117.0,24.0,105.0,180.0,0.1296806116928511,0.061361085435401946,0.1329,0.0753635,0.0374727,0.20702300000000004,0.4330505868835807,0.17546309988850708,0.48345499999999997,0.16760750000000002,0.13453,0.60622,4.122160381259824,6.402933655348732,3.9193,5.196300000000001,-0.4561979999999978,11.442,0.24028989814906138,0.15817547900981815,0.20637,0.12168749999999998,0.118457,0.41128900000000007,0.10318866495801063,0.022177086830702387,0.10221,0.02314100000000001,0.0788744,0.13022300000000003,-0.404567284663978,0.0706040878252493,-0.40286,0.092555,-0.50081,-0.319777,1.6050369799064923,0.45429083703981854,1.5524,0.6298750000000002,1.07817,2.2949,-9.731296930654198,0.9532489778886838,-9.6926,1.3795000000000002,-11.077,-8.510739999999998,600.1833857316844,268.24571832192066,566.38,319.15000000000003,298.36,928.14,1609.7052190189715,417.6690952028185,1592.7,557.0999999999999,1078.8,2177.2,2540.757672407451,422.62527859889883,2530.1,514.2999999999997,2029.1,3099.8,1
364,0.3582843574760453,178149,63828,0.1495501405810684,0.1491642888493347,0.1,0.16,0.02,0.35,143.74484280012797,101.18283511938334,27.611363559271318,92.5,28.0,76.5,144.0,0.07985351741874427,0.04246737715373909,0.08114299999999999,0.05191350000000001,0.016918800000000005,0.13204,0.351694794349942,0.16478417543425136,0.38542,0.17975250000000004,0.07913020000000005,0.5322560000000001,1.0979581333804598,5.968228857079655,1.3432499999999998,3.372275,-2.67359,6.48306,0.18439007697012597,0.1646253300944144,0.14561,0.110888,0.059874000000000004,0.34517900000000007,0.07979292506862193,0.029295762697440088,0.073852,0.030550250000000008,0.051016,0.12011300000000003,-0.390440942985837,0.06414696598670341,-0.39378,0.08617999999999998,-0.47027,-0.306907,1.2542749918531053,0.4556458355930373,1.1454,0.5811849999999998,0.77137,1.9416,-9.241648047878673,1.0273286734723475,-9.1178,1.2856750000000012,-10.815,-8.0289,623.2899498481012,290.2833546069137,573.9,348.95000000000005,326.808,968.1,1639.0031542742265,435.39213547943217,1635.5,550.4000000000001,1065.6799999999998,2202.7,2601.5448687380317,446.3231507821643,2646.0,570.7500000000005,2008.0,3130.4,1
365,0.1683801196170523,138609,23339,0.06927574948055804,0.07445504564981946,0.04,0.06,0.02,0.17,145.8346860593468,126.40070268649042,66.50451321212385,91.5,88.5,73.5,232.0,0.06691117608828356,0.04902796155475391,0.06883,0.0770705,0.0004344460000000001,0.12740600000000002,0.2428041221497665,0.16076110020279274,0.2792,0.249415,0.0018256200000000002,0.428532,-0.11017686071943952,6.431191925129385,-0.006894,3.26795,-4.909899999999999,7.204840000000001,0.174925517592399,0.20588839488666857,0.1027,0.1705545,0.0012046000000000001,0.4279780000000001,0.09136205039269034,0.0355532487004367,0.086105,0.04999550000000001,0.050221600000000005,0.14186,-0.42152569454561034,0.06671041328941843,-0.43239,0.08649000000000001,-0.497692,-0.329348,1.2097336256909037,0.5309215266143898,1.0518,0.81151,0.654576,2.0250600000000003,-10.168428017481467,0.7902712522267499,-10.101,1.2250499999999995,-11.2692,-9.18346,624.8226266009602,286.5380501422517,580.0,356.345,309.55800000000005,993.158,1587.3906728209001,415.09662956347023,1552.2,526.8499999999999,1080.3,2155.9,2531.504545005556,429.2224570795499,2525.8,482.8000000000002,1990.4,3090.4,1
366,0.36858864486444076,131271,48385,0.1618768819003011,0.15680778700397846,0.11,0.16999999999999998,0.02,0.37,136.61814109742443,123.3538079983466,36.25132643366859,112.0,42.0,89.0,181.0,0.0819758969266378,0.04188586625327127,0.083219,0.04471699999999999,0.021552400000000003,0.13055599999999998,0.2936502684477483,0.1341407384385125,0.31106,0.13503000000000004,0.0873448,0.44596,0.6388041930893046,6.12087560059704,0.11226,4.7338,-4.310779999999999,7.72196,0.18141136095711688,0.17715179518847493,0.12541,0.12082499999999999,0.05757760000000001,0.38554,0.0947406490683063,0.03439397013168172,0.089213,0.050872,0.0555968,0.14442,-0.38146492055389075,0.07311916195638474,-0.38102,0.10002,-0.47977,-0.29122200000000004,1.0626235568874651,0.47402098544445165,0.90047,0.6174000000000001,0.614754,1.7796,-9.590279981399194,1.0364166429468427,-9.5489,1.461500000000001,-11.042599999999998,-8.288680000000001,667.9817171067169,354.68335062692046,599.03,391.64,264.2,1176.6,1649.3298199413268,421.89838998045076,1627.3,535.3999999999999,1113.64,2205.6600000000003,2559.9046880024384,437.8438031206086,2539.0,560.7000000000003,2019.8,3149.6,1
367,0.4397224207549129,163701,71983,0.23938476887263055,0.23440658175020007,0.18,0.29,0.02,0.52,110.21313247933733,127.02984037897836,27.416318014311702,120.5,26.5,100.5,165.5,0.10612790392628121,0.04385475166174412,0.10912,0.042867000000000016,0.042522199999999996,0.15509,0.3736484292616632,0.15210858085287143,0.38826,0.12625499999999995,0.15968400000000002,0.53305,2.0818980751996263,5.005831093618802,1.7473,4.13905,-2.0825599999999995,7.54978,0.1849196822507856,0.13966059105912804,0.14485,0.10083499999999998,0.086396,0.3349980000000001,0.09396546569926234,0.026494515574455063,0.088848,0.033315,0.0652114,0.13163,-0.42236273006529323,0.06521800542938712,-0.42298,0.07923000000000002,-0.50632,-0.35006,1.2573854057207952,0.4437930246329088,1.1658,0.5628799999999998,0.779898,1.9118800000000002,-9.79420863120459,0.9268247668942096,-9.73,1.3852499999999992,-11.096,-8.616819999999999,583.1101053774939,247.61956785860633,563.61,316.4,298.4,875.0,1593.7999245317608,371.6774785190864,1579.6,416.4000000000001,1125.3,2077.9,2524.49485214947,409.6117346343577,2515.5,434.4000000000001,2014.1,3078.0,1
368,0.5664230882787127,135480,76739,0.24109016650958215,0.24399448210092697,0.17,0.29000000000000004,0.02,0.54,140.96545615589017,153.70588618564224,34.309094454349264,145.0,40.0,120.0,200.0,0.08301777597955357,0.04836757504884962,0.092118,0.0722035,0.0103256,0.13723,0.29570756789412167,0.15512320965510581,0.31369,0.20671,0.06995900000000001,0.49306399999999995,1.246466686682417,6.109292823748072,0.10819,6.3187500000000005,-4.286440000000001,9.38722,0.28688165192262993,0.31225592711919253,0.17851,0.21375999999999998,0.0784426,0.6585239999999999,0.0976751690235734,0.03289246374255818,0.091645,0.046593499999999996,0.0598028,0.14594,-0.3738004295299652,0.06976135283592533,-0.37785,0.08962999999999999,-0.45816,-0.28539,1.154123835859211,0.5088909034502697,1.0035,0.7261799999999999,0.631098,1.9285199999999998,-8.970260587185134,1.1368513626384722,-8.8162,1.6213499999999996,-10.684199999999999,-7.6019,563.6128565452102,256.384928799477,519.63,295.8299999999999,301.6,872.06,1602.851626630826,387.4764634627286,1606.7,478.3000000000002,1097.8,2103.0,2483.5627247885586,442.68012406104816,2396.9,484.9000000000001,2006.2,3132.1,1
369,0.4705741098272003,104109,48991,0.20610433319310056,0.20348305546178116,0.14,0.22999999999999998,0.03,0.47,136.991038238769,218.36567941050396,45.64518151844179,205.0,43.5,179.5,277.0,0.094703043788225,0.05416933490518402,0.099872,0.0825735,0.016099,0.16056,0.32418884365604095,0.16186703807140312,0.34667,0.17848999999999998,0.093378,0.49688,7.209945998810516,6.332172073260162,7.6345,7.2046,0.036687,13.887,0.2663854159039395,0.22493849143704273,0.21605,0.12281000000000003,0.11716,0.43438,0.11584694075797596,0.03293249948653104,0.11264,0.045973,0.074882,0.16154,-0.3426429650895063,0.0809561578951233,-0.3458,0.10403000000000001,-0.44531,-0.23747,1.4867658700577657,0.6283093669777974,1.4016,0.9022000000000001,0.68583,2.4965,-8.76859617889,1.1367067944570275,-8.6297,1.5933499999999992,-10.427,-7.3908,557.9844724994231,281.9887938936131,499.6,315.99,277.34,898.0,1544.123528495616,511.3612227301225,1585.1,783.0999999999999,845.645,2172.0,2502.1474630826024,548.4489337628631,2562.7,797.5,1758.45,3151.75,1
370,0.510619637434739,120861,61714,0.22806356245380635,0.23162976443152833,0.16,0.25,0.03,0.52,134.33613820835507,110.41845448358558,27.405354036926912,102.5,25.0,87.0,151.0,0.11700870604458795,0.04819543052707977,0.12538,0.04790299999999999,0.0389677,0.16770700000000005,0.3645523240749246,0.593497580739878,0.39505,0.08489999999999998,0.14177,0.4763140000000001,2.079204581849302,4.794233642846974,2.19355,2.61606,-0.193043,5.880140000000001,0.17270703363216774,0.1382706844440425,0.139335,0.07481,0.0878263,0.28130100000000013,0.09602492152672003,0.021924992397742996,0.094378,0.019850000000000007,0.074011,0.12118700000000004,-0.39122552011213013,0.05373952540685885,-0.38777,0.06834749999999995,-0.46219,-0.33061,1.253703182260103,0.40801752512178496,1.1662,0.46035250000000016,0.8292,1.8414400000000009,-8.96229844605762,1.071202368395659,-8.8327,1.2485,-10.5847,-7.7431899999999985,585.0022766238068,263.031825642978,542.81,251.60000000000002,316.31,902.68,1576.8057041256488,392.19469613163665,1575.5,446.5999999999999,1085.7,2072.9,2559.5369181410983,408.10183171761287,2632.1,440.3000000000002,2003.5,2991.8,1
371,0.22181638696939782,91170,20223,0.13157449577098246,0.1361731592164134,0.08,0.15,0.02,0.33,101.15169463639354,114.33625080354052,40.448917700120326,96.5,58.5,77.5,182.0,0.05484372668780102,0.034070683156467,0.05504,0.045484,0.006264840000000001,0.09557879999999999,0.2387660061102507,0.13687386696164427,0.24556,0.19546500000000003,0.03037,0.3970619999999999,-1.3375813506304703,5.425913603140253,-0.9411,2.76576,-6.18846,3.3746999999999976,0.204564448752915,0.22422622530484154,0.11803,0.19083950000000002,0.0350586,0.5000499999999999,0.0877341134480542,0.03701902177707324,0.082905,0.0606945,0.0459904,0.13927,-0.4180898828067052,0.0545718086494685,-0.42448,0.06356499999999998,-0.480426,-0.349244,1.067712308262869,0.5017574353778156,0.87322,0.6779899999999999,0.59897,1.8541199999999993,-9.630156811551204,1.1986292603292772,-9.3442,2.1979500000000005,-11.331800000000001,-8.20262,597.5783563301001,268.39217659015407,577.41,341.425,290.945,929.6,1571.6508894838482,436.1953680012023,1558.0,592.7,1007.7,2149.6,2502.818028331285,460.6898775447367,2524.1,594.5,1908.85,3075.7,1
372,0.3556163333795773,151371,53830,0.1452117615322363,0.15532826675283729,0.09,0.17,0.02,0.35,146.93699585785916,220.8334943340145,55.91754575175991,209.0,63.0,166.0,298.5,0.08843370170192631,0.0493196594000546,0.0844285,0.052171,0.020055700000000003,0.15388099999999996,0.31904648747700726,0.14086875838181048,0.3341,0.14818499999999996,0.0952027,0.484523,4.0602743744609135,6.921628578260951,3.101,8.0001,-2.4600599999999995,12.718,0.22129817256668216,0.18488197149284588,0.17342,0.16308499999999998,0.07605490000000001,0.4144969999999999,0.09398702929463124,0.03749530712931939,0.0905975,0.06100649999999999,0.0485238,0.14642,-0.2986878579589448,0.08780779553826769,-0.30284,0.122915,-0.40984,-0.18136,1.2540346719301503,0.5028084733194227,1.1469,0.7252874999999999,0.694616,2.0069199999999996,-8.84576498606725,1.447068596001268,-8.6301,2.414674999999999,-10.995,-7.085590000000001,657.2054896525208,255.5583765213893,644.52,341.43999999999994,353.3,960.7860000000003,1662.9330256930357,432.4482016702313,1683.0,560.3,1060.3700000000001,2195.2,2616.1472006124964,475.54329949602067,2647.5,674.1999999999998,1970.3,3190.1,1
373,0.41357204964034466,126510,52321,0.17176953381483914,0.15806857290501852,0.12,0.18,0.03,0.38,144.46288830922458,81.5577779476692,17.08248199904135,77.0,13.0,68.0,99.5,0.058631792352389196,0.04667259067313617,0.06517,0.08650300000000001,0.0022763,0.11662,0.22269311972101452,0.1749693744538655,0.25484,0.288772,0.015484,0.43978,-1.451027294945827,4.102935318194915,-1.5909,2.6994320000000003,-3.6379,1.4822,0.17189766147729785,0.17026075420211345,0.12016,0.14566099999999998,0.048159,0.33769,0.08322360479587547,0.029044251946542195,0.080518,0.037206,0.047104,0.12156,-0.4398842836528354,0.060729993140961815,-0.44818,0.07898,-0.51026,-0.35959,1.3925492352974904,0.7805232733821615,1.0231,1.78811,0.60585,2.4964,-9.869175067372565,0.7723621251798456,-9.8716,0.9887999999999995,-10.858,-8.9236,614.1529568829608,297.6317655901127,562.53,334.60499999999996,299.9,1016.1,1589.5152615058626,410.7447606042257,1549.5,496.5,1094.0,2153.3,2548.381363388388,434.5398948936601,2516.7,566.5,2027.8,3125.0,1
374,0.39484658574656945,128769,50844,0.1667016393442623,0.1740591744976999,0.11,0.19,0.02,0.41,142.11495002679214,169.71147037998583,38.462635974534535,159.5,39.125,137.0,219.5,0.07096959008489007,0.03840612328314222,0.06858,0.029098500000000006,0.0215224,0.11281,0.2842679505094918,0.11963928940007096,0.30096,0.11103000000000002,0.09630230000000001,0.4145340000000001,2.937668869650421,5.758077839202447,2.15055,5.168385,-1.61247,9.802100000000005,0.17510450865846705,0.1696194697171479,0.12245,0.12113600000000001,0.06431229999999999,0.34064100000000014,0.07539816336480214,0.03648684675808858,0.061835,0.0500915,0.04183,0.1326,-0.3597602807410904,0.06413844233133639,-0.359735,0.08259250000000007,-0.44261,-0.2790989999999999,1.0849149016599795,0.4469175001245129,0.944815,0.5197375,0.668373,1.7607400000000009,-8.831820297380222,1.227410531138042,-8.5936,1.7094500000000004,-10.811,-7.39873,646.0829992975367,288.8417758286039,602.0,360.16,322.55,1004.4,1609.9641848628487,420.9298851006031,1618.2,557.0,1048.5900000000001,2136.7100000000005,2545.0742127593444,453.82063901457576,2617.0,577.0999999999999,1897.1,3052.0,1
375,0.27076190016258594,62121,16820,0.15263157894736842,0.1539296761825563,0.10500000000000001,0.16999999999999998,0.02,0.35,106.43743661563722,151.48825802615934,48.87924036421443,137.0,76.0,99.5,224.5,0.09004806466368609,0.05123856147304319,0.0895125,0.06875375,0.020483300000000003,0.156791,0.2991942218717123,0.15338058632809484,0.30672,0.19952749999999997,0.0825318,0.498823,0.9909745877975623,6.876038929497298,0.0923235,6.906325000000001,-5.63563,9.785200000000001,0.2510270642252676,0.20089061287633952,0.196755,0.19895249999999998,0.0743347,0.5058710000000001,0.11799464273186683,0.029494789719326585,0.120045,0.03980600000000001,0.0770775,0.153871,-0.3831170889417361,0.061743745847936196,-0.38587499999999997,0.07791500000000001,-0.459218,-0.305969,1.2828855868014268,0.5314779133730168,1.1767,0.8056750000000001,0.683415,2.09451,-9.941766801426873,1.110940448059961,-10.1405,1.8087999999999997,-11.253,-8.37778,674.5552754718805,283.3214686814055,666.4,361.18499999999995,331.401,1020.2,1635.5603902274045,413.1460020941823,1617.7,549.5249999999999,1119.5,2176.3,2545.8520361721316,454.17949720900714,2547.6,596.9000000000001,1976.4,3135.9,1
376,0.44451594033343084,102570,45594,0.14998026315789473,0.16440042460546464,0.09,0.17,0.02,0.3609999999999991,177.82977478794967,202.13411852436724,45.249855253627736,189.5,38.5,165.5,265.8500000000022,0.07573105072523226,0.045317681937559834,0.08067099999999999,0.060190499999999994,0.008115810000000001,0.1278880000000002,0.26290505850645696,0.13694575132982603,0.27977,0.17289499999999997,0.047716,0.427107,4.179113149676659,6.386147358230614,3.4282500000000002,7.707840000000001,-2.12658,11.973700000000004,0.2645259947931329,0.29025235772041663,0.17293,0.17454250000000004,0.08092329999999999,0.5670720000000002,0.09382373376979425,0.03694740750397119,0.085197,0.05700025,0.0535796,0.1483,-0.36106738564065444,0.06993532873702552,-0.36574,0.08674749999999998,-0.445777,-0.2714389999999999,1.217059340483397,0.4968335149583182,1.0928,0.7093325,0.68179,1.9737700000000005,-8.974999570118875,1.3929584486015565,-8.7633,2.2761750000000003,-11.077,-7.2627,556.1344972047206,259.17308108298585,486.005,328.7875,305.0,891.7830000000001,1532.5168212230567,473.1704814507417,1558.4,724.6000000000001,879.4,2134.1100000000006,2465.9526411781917,505.1894142426309,2533.3,710.3749999999995,1797.0,3057.310000000001,1
377,0.37902296903584254,132831,50346,0.13389893617021278,0.15177990223436214,0.07,0.16,0.02,0.34,169.83987171669264,187.1795773249116,46.673396275208646,173.5,46.0,150.5,256.5,0.104239805758237,0.06264869880911833,0.10959,0.09653524999999999,0.013704000000000001,0.18499,0.3377973419431116,0.1653911213603206,0.37561,0.240715,0.0733705,0.5269250000000001,6.736328956099191,7.147592250706959,7.05125,8.213925,-0.09750400000000001,14.857,0.2483194110658821,0.1736960143603807,0.21075,0.1365975,0.11302000000000001,0.43715,0.11301095651332776,0.03049887916269139,0.112,0.04110074999999999,0.07507,0.153545,-0.3949114260259008,0.07287107546618012,-0.39861,0.09173000000000003,-0.487495,-0.30206,1.4693006876415209,0.588897456259236,1.4312,0.7767750000000002,0.661475,2.38065,-9.969139321892504,0.8973932439033634,-9.9842,1.292675000000001,-11.159,-8.78125,555.0636795786049,288.147443054918,523.17,431.12,234.169,939.4910000000001,1499.7128112422454,478.6934514494918,1515.0,714.7,824.48,2089.3,2447.8424205628685,512.5579966334653,2493.1,764.8250000000003,1769.3900000000003,3067.5,1
378,0.3783533129529763,87339,33045,0.1447437582128778,0.15164989115354907,0.09,0.18,0.02,0.35,156.8371517878611,203.8866243001967,49.03536817502796,189.0,59.5,161.0,276.0,0.08812588226183538,0.05546243934789811,0.086761,0.07886499999999999,0.012624400000000001,0.16235,0.3134313690020548,0.15668198924591567,0.34066,0.21336000000000002,0.063726,0.5,5.790520951959688,6.870107193546022,6.0635,8.5201,-1.0889999999999997,13.467,0.258994368866936,0.19612017451414535,0.21513,0.14695000000000003,0.103794,0.46769200000000016,0.11289627477076714,0.033889771204408815,0.1135,0.04873999999999999,0.0685244,0.15623,-0.36184566839098203,0.06866495963904715,-0.36658,0.08743999999999996,-0.444592,-0.273764,1.45690290755031,0.6008010265882192,1.4,0.8315999999999999,0.696086,2.495,-9.673350515963081,1.055723487146548,-9.5955,1.7254999999999985,-11.132,-8.3338,633.2434375288977,250.51488961746827,624.26,339.675,318.374,939.6570000000003,1638.439183119105,423.55849473472904,1672.5,542.5999999999999,1050.31,2170.0,2552.836162497688,444.0475790312967,2564.1,547.4000000000001,1962.91,3100.8,1
379,0.41067169615503596,100209,41153,0.16441470235717137,0.16008776750150827,0.11,0.19,0.02,0.38,149.86677843307487,100.646623575438,25.52661058800839,90.5,16.5,82.5,142.5,0.09384215588661314,0.04425324631831169,0.1042,0.052964,0.019538399999999997,0.1399,0.3096054525962579,0.14319767161806693,0.33774,0.10785999999999996,0.08130779999999999,0.44285800000000003,-0.6143355683450485,5.154768220242918,-0.66823,2.1225,-3.13876,4.141080000000003,0.16279819804803783,0.1543063882581886,0.11812,0.08756399999999999,0.0620582,0.3198980000000006,0.08745012228445072,0.024413129237934556,0.083831,0.020197000000000007,0.0647586,0.11939600000000006,-0.40430304995990574,0.04970790483863388,-0.40464,0.06046999999999997,-0.465206,-0.34414199999999995,1.0829333290404102,0.44783884383584666,0.92346,0.49080999999999997,0.663554,1.7823,-9.035954083541906,1.0939242335063695,-8.833,1.2790999999999997,-10.8728,-7.833419999999999,554.6334674651655,259.2398612203271,511.69,274.0,295.57500000000005,863.2650000000001,1592.9990071665272,412.04272556643934,1595.2,533.1000000000001,1026.8,2118.7,2533.3246023475863,428.98198607078933,2508.8,473.9249999999997,2010.07,3096.8,1
380,0.4627860848336893,196620,90993,0.2161353919239905,0.22878239244794402,0.14,0.26,0.02,0.54,128.4711626487641,127.29885815392393,32.21932060519718,117.5,37.0,97.5,176.0,0.07749495199272692,0.03684775352440806,0.079398,0.036171999999999996,0.023251200000000003,0.11767,0.28772635948097,0.11591413090537778,0.30728,0.10366,0.10479200000000001,0.40439,1.3399351669421822,5.279547385810946,1.0888,3.42089,-1.92238,6.6480000000000015,0.15581547977412108,0.16795245594442126,0.10159,0.079024,0.059695,0.32480800000000004,0.08856060038486477,0.037885797623117265,0.076724,0.060548000000000005,0.048889,0.14582,-0.3540489142830767,0.06976260563847043,-0.34885,0.09016000000000002,-0.450288,-0.27333,0.9702920723572143,0.43901634143728735,0.82961,0.46306,0.574932,1.6301800000000004,-8.422113764795094,1.3598231555728064,-8.1527,1.766700000000001,-10.656,-6.8707,600.2904672132732,272.7311296155892,559.4,347.43000000000006,294.795,944.225,1551.3679515227986,406.56024885669893,1539.2,521.2,1051.6,2078.0,2500.692073509509,444.67543011948845,2569.0,504.8000000000002,1875.3,3001.45,1
381,0.3143303038648673,108930,34240,0.18174097664543523,0.18577617288039525,0.12,0.2,0.02,0.44,103.77306527127514,105.56940712616823,30.172393016620926,95.0,20.0,82.5,164.5,0.09609218446712967,0.04396106212634643,0.1031,0.04711875,0.0272762,0.14355,0.3845913018741618,0.1726937869601721,0.423155,0.18312,0.101169,0.57808,2.467594570713376,5.314388768483138,2.2303,4.2783425,-1.15889,8.02611,0.19082245687193924,0.14651421726989447,0.15222,0.1055275,0.0879544,0.3398840000000003,0.09599501308557243,0.023505340491136537,0.0928495,0.026780749999999992,0.0706485,0.12712100000000004,-0.43165578530957943,0.05959983572287083,-0.440485,0.07293,-0.49753,-0.35385799999999995,1.3362963145443925,0.42591507533289374,1.2426,0.5350249999999999,0.900899,1.9727100000000002,-10.203006483644861,0.8287592691736585,-10.239,1.2212249999999987,-11.2631,-9.08968,591.2427775129457,273.0113015851886,553.305,326.5925,283.75,931.69,1569.5096938833597,403.0970639117198,1551.45,514.5,1064.8,2103.8,2464.996532649014,440.7070854858179,2425.1,545.3000000000002,1940.1,3061.8,1
382,0.3392300319101178,82419,27959,0.17842373962986602,0.1761808670588387,0.12,0.19,0.02,0.42,114.07563789902812,125.91646696949104,40.29244207533193,110.0,53.0,89.0,192.0,0.07145972164476913,0.040779236905320995,0.072412,0.05486099999999999,0.019849000000000002,0.11857400000000001,0.2849873152970063,0.14940472598084814,0.29279,0.237825,0.08208320000000002,0.466804,0.2491378196805501,5.882104697181552,0.065383,4.78115,-4.93796,6.6962,0.22124104286705532,0.18080481733811807,0.16824,0.15445499999999998,0.0737048,0.449314,0.09279887687206266,0.02977155374141673,0.087059,0.04184450000000001,0.05978,0.134902,-0.4058896119675239,0.05970726530686992,-0.40969,0.07565499999999997,-0.47816,-0.33149,1.484228513895347,0.6716391740246719,1.3297,1.2000749999999998,0.732218,2.4965,-9.671366096784576,1.1191159692254025,-9.474,1.9358000000000004,-11.265,-8.2897,601.6234493476862,286.5358822294459,561.76,341.95000000000005,293.696,980.194,1564.2750488476802,407.6352845878795,1527.2,499.79999999999995,1063.0,2117.0,2511.877247660773,431.63144621822073,2508.0,478.6999999999998,1964.5,3077.9,1
383,0.38226292993258393,136911,52336,0.1844765597462108,0.17629859361437475,0.13,0.2,0.03,0.41,124.3289436203081,106.21663864261694,25.826478068264354,97.5,20.0,86.0,144.5,0.09041767625671106,0.05063171803446157,0.09628,0.08278624999999999,0.014815499999999999,0.15181,0.24997974016756538,0.11630345564938199,0.2697,0.13705000000000003,0.071366,0.374915,0.004053528725773859,5.468608019332904,-0.322405,2.92915,-3.2527,5.8858999999999995,0.18758062232397965,0.23036735981539136,0.10632,0.09816875,0.061607499999999996,0.443195,0.10203906596511007,0.028762949508929773,0.0975045,0.03581825000000001,0.07080349999999999,0.14176,-0.4268825242853867,0.056794834071263754,-0.42962,0.07268999999999998,-0.49761500000000003,-0.35688,1.036681448333843,0.46234276747494196,0.8962600000000001,0.5234999999999999,0.5900799999999999,1.7178,-9.787772498853561,0.8542773450047203,-9.7087,1.158624999999999,-11.013,-8.76295,572.0019996722954,308.66882908588343,521.21,352.4,246.71,965.5840000000001,1592.4776553283307,443.111543441573,1607.4,571.8999999999999,988.258,2149.8,2495.3516040591194,451.20482173456827,2505.7,544.0999999999999,1909.72,3072.3800000000006,1
384,0.3663572449163047,105681,38717,0.21191570881226052,0.23451763140805928,0.14,0.24000000000000002,0.02,0.52,103.72725466261676,136.7887620425136,39.399393131817796,122.5,44.5,101.5,201.5,0.0859458061918718,0.041845558519683614,0.090894,0.047008999999999995,0.024075800000000005,0.13195,0.30199553210051144,0.13802197374154646,0.32343,0.1486,0.09816380000000001,0.44255000000000005,-1.018007820305628,6.121931054819862,-1.5204,4.05485,-6.51632,6.177180000000002,0.21084500190494357,0.19481969554361123,0.14367,0.178551,0.063537,0.46335200000000004,0.08754119518937419,0.029611977238498604,0.080487,0.039432999999999996,0.056218,0.13082,-0.38416001826071233,0.0630177793203114,-0.38298,0.07668000000000003,-0.46523,-0.309868,1.0916863233205052,0.5390823403077054,0.88608,0.7676600000000001,0.57539,1.93984,-9.472513306816127,1.1767468718677607,-9.2637,2.0386000000000006,-11.138,-8.02866,606.3300637625186,245.87327889625215,600.28,320.78,312.57,889.0950000000005,1617.6780818235172,408.2755722374963,1611.7,541.675,1094.0,2158.3,2516.369780011738,427.5104241066603,2496.3,536.3499999999999,1994.8,3080.6,1
385,0.24799090078499375,53631,13300,0.13052011776251227,0.13549395091164249,0.08,0.16,0.02,0.31,114.00123063153774,195.9139097744361,71.04988553889164,192.0,120.5,101.5,293.5,0.10789659293748795,0.06102617677357197,0.10752,0.08530500000000002,0.022321000000000004,0.191073,0.362925018351203,0.18595387266108254,0.37389,0.295265,0.08978890000000002,0.596454,4.171224276695339,6.852785115133437,3.9916,7.96561,-3.35382,12.454200000000002,0.29688446852417294,0.20151665039918146,0.25682,0.22154999999999997,0.0983831,0.5472740000000001,0.12101835083909775,0.03076780763789745,0.12176,0.04621675,0.08190080000000001,0.160663,-0.3783570819548872,0.06895512328327263,-0.37971,0.09092499999999998,-0.46779299999999996,-0.288389,1.4725921639097743,0.572278902325791,1.46875,0.7601,0.6635949999999999,2.28741,-10.530468947368423,0.8915660181011423,-10.754,1.1050000000000004,-11.483,-9.14275,633.3395930874374,279.72247584852346,609.0,354.68,304.7,1001.3400000000001,1586.8786227087103,423.14386499477155,1547.5,605.4000000000001,1071.8,2157.5,2508.7719135883044,462.4143996153886,2495.3,631.5,1944.4,3116.34,1
386,0.4862085221423692,103941,50537,0.19084969788519637,0.1915887899078068,0.13,0.22000000000000003,0.02,0.44,152.8559471238491,191.69327423471913,39.142435538518306,181.0,37.0,158.0,243.0,0.0795784080039933,0.04315270412998409,0.076866,0.045424,0.0209422,0.13395800000000005,0.2634177801126422,0.4375396870395038,0.26537,0.12297999999999998,0.09436600000000002,0.40323800000000004,4.336692453227002,5.941513766576136,3.7187,7.04257,-1.3352599999999997,11.692400000000001,0.1965464607828126,0.20339921597473615,0.1381,0.126028,0.0691108,0.36864600000000025,0.08471843901755151,0.03580696945853392,0.074769,0.054323,0.0466926,0.13804400000000003,-0.35269104476324287,0.07699105599870988,-0.35612,0.10083999999999999,-0.44907,-0.25282,1.0969695314324157,0.5071851362571761,0.92773,0.67584,0.596964,1.8802400000000001,-9.023316035775768,1.1958460311256565,-8.8649,1.7437000000000005,-10.824399999999999,-7.5696,597.5246385634763,261.2413664811782,556.99,342.05749999999995,306.92,922.3559999999998,1610.238465627829,446.4496936862551,1648.0,621.7,997.6850000000001,2159.6,2553.9141240826702,477.4875518949987,2616.2,637.6750000000002,1898.2,3112.6,1
387,0.3027090694935218,60279,18247,0.1754519230769231,0.23416748525392658,0.11,0.18,0.02,0.41,103.51863833175733,141.77678522496848,63.84084654882358,110.5,88.5,87.0,235.0,0.10478829833671288,0.057386546241657656,0.11561,0.0916765,0.0204412,0.17250800000000002,0.3123588727965748,0.1488175824547283,0.36819,0.22033000000000003,0.0802034,0.45656,1.9884046488392613,6.514060057970496,1.8784,5.0802765,-4.4279399999999995,9.334460000000007,0.2396172303652436,0.20045717225444307,0.17494,0.155605,0.0930262,0.5002860000000001,0.10549839973146272,0.02552425158627037,0.10178,0.028845999999999997,0.0776976,0.14040200000000003,-0.4111470984271387,0.06917706923537525,-0.41331,0.09271499999999999,-0.50006,-0.31994199999999995,1.4065553279991232,0.4890886623639214,1.3452,0.6651499999999999,0.847956,2.1476400000000004,-10.162922403682797,0.967688533860055,-10.239,1.4320000000000004,-11.35,-8.9106,610.9356809848192,273.7976364913386,572.38,309.7900000000001,305.916,957.6480000000003,1602.6365204947529,421.09718244326024,1578.0,560.3,1079.8,2168.0,2536.539314275194,444.56504213019485,2542.6,574.8000000000002,1976.5,3102.0,1
388,0.17076310438998568,83121,14194,0.11577487765089722,0.11968458365481388,0.07,0.14,0.02,0.27,88.49749160861876,166.10025362829364,71.55502786005655,171.5,115.0,82.5,262.85000000000036,0.07112579803915034,0.05181469411692603,0.0616555,0.06477975,0.007598790000000003,0.14434100000000002,0.2906481855096097,0.1994741583380496,0.28763,0.27882,0.031853900000000025,0.5283,2.309640292747358,7.3196339606420375,1.54785,7.4933250000000005,-5.49401,11.6097,0.2951690404786318,0.21481724165045588,0.255165,0.24924000000000002,0.039053000000000004,0.56776,0.11036914909790756,0.038642567641936874,0.11441499999999999,0.05202,0.0551118,0.157447,-0.37853166901507684,0.06372108500983457,-0.38235,0.07887499999999997,-0.454762,-0.296959,1.6198657355220516,0.6948682747491132,1.58915,1.308675,0.6330410000000001,2.4965,-10.220020684796395,1.0017829168720997,-10.457,1.6297750000000004,-11.361,-8.734539999999999,689.0579462005969,332.14232257408355,650.595,445.94249999999994,294.38,1109.0,1615.174688778703,428.7085051596248,1613.8,564.4000000000001,1053.8,2168.7,2533.831582583161,456.82957448769685,2549.55,590.8250000000003,1931.5,3110.8,1
389,0.19361302573463843,95319,18455,0.12254316069057106,0.13429309212069718,0.07,0.14,0.02,0.28500000000000003,94.79746954961759,147.384557030615,64.01113244699953,114.5,89.0,93.0,235.0,0.08077458194162071,0.05770643227438164,0.073777,0.0949625,0.005457480000000001,0.15886800000000006,0.28887189135623953,0.19624162817743732,0.25859,0.355035,0.0280274,0.5500120000000001,5.835300218361365,7.564713732245263,7.4031,10.388345,-2.7530599999999996,13.736200000000004,0.2937152869956326,0.24570238168260033,0.24016,0.21263500000000002,0.05997280000000001,0.5449900000000004,0.10389265725543213,0.02937879347250285,0.10198,0.03984049999999999,0.0705016,0.14278,-0.4295702642102411,0.07224993723137454,-0.4371,0.10541499999999998,-0.517046,-0.334474,1.5135994575995664,0.6630697081989302,1.6151,1.00845,0.36039,2.3406200000000004,-10.236131633703605,0.9110642129842224,-10.36,1.4644499999999994,-11.342,-8.95106,639.6801595444958,349.9344455067795,583.41,371.99,242.15,1140.2,1639.9030742594516,434.27782877211865,1624.5,580.6000000000001,1099.0,2203.3,2549.5697069285734,460.2986986353618,2543.6,618.6000000000004,1961.2,3141.3,1
390,0.2859975381258799,135669,38801,0.15689850384148807,0.17877634974642245,0.09,0.18,0.02,0.4,109.36912632952259,107.92806886420453,29.280631764283257,98.5,21.0,88.0,159.0,0.12217421228966006,0.05893318642532493,0.12703,0.065773,0.029618,0.19303,0.3660309179294451,0.15082134571617967,0.41567,0.11192999999999997,0.10067,0.49371,2.8946462120950494,5.709762351306983,2.6524,4.65907,-1.2485,9.2362,0.20413136461788614,0.143745944801187,0.17929,0.08568,0.09914,0.34507,0.09969789035233628,0.022626516913120644,0.098248,0.02598099999999999,0.074661,0.12842,-0.4431706537460375,0.05891917781763981,-0.44552,0.08004,-0.51795,-0.3708,1.464869428107523,0.45806698745164576,1.3736,0.6164999999999998,0.98744,2.1866,-9.901528661632433,1.00377063662632,-9.8497,1.5656999999999996,-11.285,-8.607,595.0885125951104,294.1738193441854,566.4300000000001,408.00249999999994,263.07,961.0,1533.209542807007,400.66349445553345,1509.1,483.70000000000005,1033.4,2070.5,2430.278692933821,486.3969656270823,2388.7,677.0,1869.0,3085.790000000001,1
391,0.3471695338920747,68010,23611,0.1544211903204709,0.19375757164206234,0.08,0.17,0.02,0.39,134.89192765769738,221.9432891448901,55.66761521158655,207.0,71.25,168.5,304.0,0.09076027295116555,0.05299589386471819,0.086501,0.06092099999999999,0.019853,0.16239,0.3101773318044979,0.24635917142295793,0.32129,0.16502500000000003,0.089296,0.48531,5.47426694397713,7.503940319996561,4.8719,10.0792,-2.3525,14.906,0.25798600919825504,0.2029899527079778,0.21758,0.18244,0.090558,0.46599,0.10763804923171402,0.03787292784857083,0.11004,0.06268699999999999,0.056242,0.15643,-0.35193005510143577,0.07223126292437988,-0.35929,0.09285499999999997,-0.4388,-0.25313,1.3709215060776758,0.5959534638312605,1.2924,0.8822200000000001,0.68332,2.3618,-9.487762487823472,1.427740849344672,-9.5178,2.5710000000000015,-11.265,-7.5379,608.7089654984778,320.6292895000612,537.6,339.69000000000005,303.76,1034.0400000000002,1610.4268572142887,443.34930786640433,1605.0,569.2,1015.9,2179.8,2532.8181675662163,474.45798590498543,2566.5,642.4000000000001,1887.2,3114.5,1
392,0.3768891735675832,65571,24713,0.16788722826086958,0.17009693783485852,0.12,0.21,0.02,0.4,134.69369080843663,202.38981507708493,46.22909628709852,187.0,50.0,162.5,273.89999999999964,0.0657049061603492,0.05018343864457492,0.068911,0.071937,0.0039275000000000004,0.129988,0.24317613980210012,0.1468713441117005,0.26316,0.22847,0.034474399999999995,0.423416,3.724760527184599,6.12642275391266,2.8381,6.719720000000001,-1.6699999999999997,11.721599999999999,0.2827658976489297,0.2791688909030155,0.2047,0.22566999999999998,0.0743306,0.59319,0.10186341181969004,0.03752173892822399,0.1024,0.06149099999999999,0.052174,0.151568,-0.3354767472625744,0.0751609626627635,-0.3426,0.09576000000000001,-0.425398,-0.235212,1.4424154833488447,0.6423432757331266,1.3201,1.0494500000000002,0.714404,2.4961,-9.692296269170072,1.3406083305106007,-9.8038,2.312800000000001,-11.325,-7.826560000000001,619.6961216391492,255.02066762758687,582.96,293.75,339.146,942.6200000000005,1608.8600926236763,422.9604088462562,1606.45,574.3999999999999,1062.4,2152.6,2524.5607937864315,455.62574760577485,2543.3500000000004,599.1750000000002,1924.2,3079.9,1
393,0.3060952380952381,63000,19284,0.18175306314797363,0.21547601842666234,0.1,0.19999999999999998,0.02,0.46,101.04761904761905,118.0125233354076,35.72799628011622,102.0,35.0,90.0,181.5,0.057938726824658796,0.04538667285400288,0.0491485,0.0711965,0.003968920000000002,0.12641400000000003,0.22897730901167293,0.25377341122833824,0.20464,0.25888,0.023554700000000005,0.45246800000000004,0.14404400791837793,5.395671319187507,0.0,3.990475,-4.1627399999999986,5.925580000000002,0.3072424038285262,0.2995600053252232,0.191305,0.25889249999999997,0.0883168,0.705686,0.1078988566220701,0.027488010690319278,0.10796,0.03549349999999998,0.0731773,0.142617,-0.4190555156606513,0.05935258727359236,-0.42512,0.07687500000000003,-0.489377,-0.342863,1.426483581725783,0.6164145616155848,1.24675,0.8758299999999999,0.814634,2.4965,-10.317492631196846,0.6957725789025696,-10.317,1.0349749999999993,-11.233,-9.40283,618.0953637158207,291.38569521267254,576.83,340.175,292.6,980.83,1622.6069075455055,430.1718374092192,1588.8,610.4000000000001,1068.94,2187.7,2507.019334776682,453.94125016989324,2445.0,648.3000000000002,2014.54,3133.0,1
395,0.4155195681511471,88920,36948,0.17935922330097087,0.18590079066084894,0.12,0.22,0.02,0.44,139.00134952766533,183.6636083143878,43.495064697259906,171.0,45.5,145.0,248.5,0.07867759543802506,0.05547732764054976,0.07848,0.0838315,0.009050180000000001,0.15300300000000003,0.3212794192747185,0.18948342357168393,0.33086000000000004,0.32789250000000003,0.0556441,0.560243,5.1829661067479975,6.043748025703255,5.1427,6.456425000000001,-0.1966979999999997,12.095300000000003,0.29795317938408034,0.258276755348714,0.226525,0.15592250000000005,0.12332,0.5552240000000003,0.10755588314523112,0.029802825561368308,0.10576,0.042215499999999975,0.0713154,0.14786600000000005,-0.3784355959973476,0.06589038820977058,-0.377985,0.07863999999999999,-0.46705,-0.3000779999999999,1.4382687842373065,0.6046279791965314,1.4137499999999998,0.6816249999999999,0.4907150000000001,2.4306,-9.889646909169644,0.9486153384317164,-9.83585,1.5368250000000003,-11.193,-8.6526,573.6748854229686,268.5650323808343,526.22,359.19,288.80400000000003,940.032,1589.0540424406233,466.1947161267483,1599.1,688.8,965.13,2182.4,2553.3186960722296,494.85567124935,2544.3,703.0,1901.6399999999999,3163.7,1
396,0.329476287497277,78039,25712,0.17818433818433818,0.1812825695946464,0.11,0.22,0.02,0.42,110.94452773613195,98.6059816428127,28.004918546923587,88.5,16.5,79.0,152.0,0.06590565081981564,0.031183791120875312,0.0741925,0.03799125,0.012063200000000001,0.096969,0.24566392133976353,0.11717891573686966,0.27387,0.11868749999999997,0.0583782,0.35038600000000003,-2.621208916200879,4.2072790433163725,-3.28185,3.213825,-5.18908,1.1454700000000033,0.14033912533864346,0.17598421409823392,0.0755445,0.093339,0.040793400000000014,0.3332620000000001,0.07740271558245176,0.02842284766579043,0.068695,0.030107499999999995,0.051339100000000006,0.11913,-0.39120449681082764,0.05330492592267071,-0.39349,0.06805250000000002,-0.456279,-0.326283,0.8199390483042938,0.47256573733026735,0.619185,0.34523250000000005,0.47894,1.5795800000000002,-9.820702220752954,0.900345767889483,-9.6618,1.3186750000000007,-11.206,-8.7576,629.1232691370052,262.744495035306,590.71,289.475,351.346,955.48,1624.9076476242967,410.4538999462344,1612.5,572.5999999999999,1106.9,2164.8199999999997,2562.6989287224906,433.912936329349,2557.5,585.6999999999998,2039.8,3117.3199999999997,1
397,0.33236827474798336,95331,31685,0.1543351193375548,0.17642029234430587,0.09,0.16,0.02,0.37,129.21295276457818,107.01189837462522,31.24298830061099,96.0,25.0,82.5,168.0,0.07815239242235916,0.05694404240942302,0.079238,0.09919499999999999,0.0048386,0.1524040000000001,0.2828618729490989,0.23229793114109928,0.29144,0.30911,0.0312056,0.5084960000000002,1.4732630803740192,5.635500475949811,1.5632,3.6959,-2.35016,6.700880000000006,0.27090558323067065,0.2805782848622996,0.16231,0.21755000000000002,0.07178620000000001,0.651496,0.10193278436326338,0.02839927331949636,0.099076,0.03657200000000001,0.0689248,0.14097,-0.4278654275840303,0.05846782914881974,-0.43515,0.07184000000000001,-0.49353,-0.353494,1.3135513470096258,0.46769499749629406,1.2127,0.58023,0.802804,2.0311600000000003,-9.844166643522172,0.9393348263470791,-9.8332,1.3758999999999997,-11.091,-8.63334,582.4350200679951,315.78237717161335,496.25,350.30999999999995,276.1,1073.0,1518.6335222085813,410.53091955496,1444.6,526.8000000000002,1082.8,2134.1,2431.656413049181,429.09226924476917,2374.7,490.2999999999997,1943.8,3048.2,1
399,0.42672443154725415,73401,31322,0.17796590909090912,0.17378199174825834,0.13,0.21,0.02,0.41100000000000136,143.8672497649896,199.48459549198645,45.102409319174775,185.0,44.0,165.5,262.5,0.11846938002832834,0.0565808376562354,0.11914,0.06650200000000002,0.0363414,0.19085800000000003,0.39281376175218696,0.15401513877219256,0.426635,0.159555,0.140551,0.55506,6.646439404213333,6.605205038945422,6.41405,7.8607000000000005,-0.0017413899999999195,14.459500000000007,0.27557168758048656,0.16575693529138416,0.249515,0.16280499999999998,0.12468300000000002,0.4589040000000001,0.12262386944639551,0.032610019297354166,0.12131,0.047938499999999995,0.08184720000000001,0.16637900000000003,-0.37341520765915337,0.06514278391568787,-0.37546500000000005,0.08363999999999999,-0.45475899999999997,-0.29155299999999995,1.4735263945469639,0.5818171628870796,1.41105,0.7198500000000001,0.685529,2.429,-10.063331971138497,0.8121919088450951,-10.012,1.2797750000000008,-11.187,-9.020809999999999,622.8044779315328,288.05864054966986,581.51,360.01,286.85,984.9459999999999,1604.313741564302,444.0443816977071,1625.2,598.6999999999998,1007.4,2149.6199999999994,2532.5477112162403,489.1949458120356,2594.0,710.8000000000002,1870.64,3107.7,1
400,0.24996530335543243,93669,23414,0.13095078299776286,0.1445795100079953,0.07,0.15,0.02,0.32,114.53095474489959,87.89623729392672,26.56277882423111,79.0,16.5,69.0,125.0,0.0590425326750316,0.03566565542006058,0.058609,0.05244374999999999,0.00544265,0.10477400000000002,0.266614161896989,0.14951788232536864,0.279015,0.18912500000000002,0.03010560000000001,0.429041,-2.2511259219601225,4.451284738269249,-2.17515,3.1875925,-4.6683,0.8178070000000008,0.17845055852629196,0.1977781797152563,0.109285,0.12602125000000003,0.0310502,0.420737,0.08824511306013495,0.03317522520920166,0.080794,0.0446295,0.0537426,0.13785800000000004,-0.42261205996412404,0.05251988961485755,-0.42356,0.06829999999999997,-0.488017,-0.3598729999999999,0.9367549487486119,0.416352090884037,0.78582,0.39212749999999996,0.593403,1.56537,-9.59508248910908,0.9903224598272994,-9.43135,1.3324499999999997,-11.21,-8.423359999999999,574.2488749364655,290.70711121295824,523.1,346.25,273.0,949.5940000000003,1567.791913614522,413.7635249775001,1534.95,542.0,1047.79,2106.2,2494.9789608115325,465.82283259385036,2476.1,620.5749999999998,1930.3,3129.2,1
401,0.3922286448298009,93420,36642,0.16550135501355015,0.2019941164454089,0.1,0.19,0.02,0.4,142.19653179190752,198.7802112330113,46.88734621534063,185.0,46.0,158.5,271.0,0.12172598581316248,0.05956035170409336,0.128955,0.0794985,0.031414000000000004,0.19294900000000004,0.3688935415510343,0.15462875435483098,0.39796,0.16989749999999998,0.11949800000000002,0.54128,5.313205406175591,6.424282050684553,5.1350999999999996,7.3744,-0.7855249999999993,12.959900000000003,0.2526371142828175,0.17131761643785529,0.21259,0.15265,0.115241,0.448809,0.12212924740188855,0.027395955990315263,0.12273,0.03598,0.0872733,0.15680900000000003,-0.3693853341520659,0.06753979279952266,-0.371495,0.08642,-0.45527,-0.28400099999999995,1.5122590240707385,0.46415377316740103,1.4829500000000002,0.5961999999999998,0.937941,2.1736800000000005,-9.999910790895694,0.911597880715221,-9.9747,1.4415750000000003,-11.238,-8.814029999999999,602.7462332704954,266.63695876187546,584.985,352.365,301.264,937.5090000000001,1560.5606121869712,434.7319124286615,1557.2,596.5999999999999,992.405,2117.0,2502.6038604571454,483.32989406802625,2554.6,655.3999999999996,1836.31,3080.2,1
402,0.36744113029827313,95550,35109,0.15061776061776064,0.15792833853859442,0.1,0.18,0.02,0.38,146.37362637362637,193.20105955737844,47.061612813695376,180.5,40.0,158.5,260.0,0.10923015426227464,0.056647504006149714,0.11188,0.074618,0.026521400000000004,0.18076,0.3332802540009399,0.1403625757692279,0.3599,0.14709,0.106128,0.4854920000000001,7.534621828524593,7.476341869244117,8.1846,9.4871,-0.593171999999999,16.088400000000004,0.24397337633760577,0.16744379825063732,0.21162,0.13831,0.10450400000000001,0.42554000000000003,0.11573144285710216,0.032961672619617965,0.11623,0.04756200000000001,0.0734488,0.15807,-0.3868637773533852,0.07298310025644766,-0.38968,0.09362000000000004,-0.48010200000000003,-0.29525,1.4633956825885102,0.4935439752593901,1.4132,0.6975,0.867452,2.1886400000000004,-9.908592244153919,0.9253140741366281,-9.9153,1.395999999999999,-11.126199999999999,-8.72898,607.912055184076,298.1238472247234,593.94,423.55,239.293,984.0,1522.278437866477,447.2193333904765,1534.2,564.3000000000002,910.8,2081.5,2510.54738115681,522.3768308980398,2580.55,728.1999999999998,1760.5,3130.5699999999997,1
403,0.47857391304347824,86250,41277,0.24731575793888555,0.2574623528769424,0.16,0.26,0.03,0.58,116.10434782608695,200.60085519780992,37.09018141340308,190.5,33.0,168.5,247.0,0.07086547931266565,0.04422327100580338,0.076704,0.061476,0.00788746,0.11992400000000002,0.325937074144996,0.16108275498953023,0.37408,0.25373,0.0750696,0.504704,6.624248150025045,6.329532452150639,6.0011,8.2243,0.0,14.439400000000001,0.36594988646887855,0.3613096034283749,0.25051,0.22679000000000002,0.125926,0.833834,0.10329084832824575,0.04350465235860162,0.090267,0.073189,0.0543896,0.16658,-0.3198396166048889,0.07195870959487005,-0.31918,0.09326999999999996,-0.412718,-0.23267199999999996,1.3212366378370521,0.3929329974373955,1.234,0.5132000000000001,0.908934,1.86034,-8.156501892094871,1.3667668156650867,-7.7513,1.6000000000000005,-10.5974,-6.77416,519.7948784017731,270.3834596834651,457.57,331.81,253.592,876.3500000000001,1491.3437466669761,464.8636402907218,1499.8,711.7,941.314,2099.0800000000004,2395.873719527053,499.8748256519106,2423.8,713.0499999999997,1734.7,3022.8,1
404,0.2768770840519719,113061,31304,0.16441176470588234,0.17516430038823338,0.1,0.2,0.02,0.4,101.04279990447635,120.43727638640429,34.48337270305856,106.5,37.0,91.5,181.0,0.10220679211866535,0.05362239291657191,0.10629,0.07172750000000001,0.0251659,0.168737,0.3377234568962912,0.18497816656845795,0.3882,0.2148425,0.09178070000000002,0.4939,2.219807861596505,5.975988709649434,2.15925,4.9249725,-2.70224,8.44287,0.22612894038551623,0.16113373182771398,0.189505,0.131975,0.0971824,0.4133940000000001,0.09669059844556604,0.03240746421524959,0.091316,0.037456,0.0624092,0.142437,-0.4119480150012778,0.06177527497203839,-0.412555,0.07907249999999999,-0.492348,-0.337,1.4307970681063122,0.5993176919010892,1.3326,0.7509000000000001,0.726441,2.4959,-9.731742716585737,1.0636817705213402,-9.6607,1.6738499999999998,-11.206,-8.36652,610.7743689730523,290.0090824835816,585.46,399.7275,278.05,958.7969999999999,1575.3876231930212,412.65699014013296,1583.2,545.3,1024.4,2094.0,2509.8749601005006,437.80011074266173,2551.0,524.3000000000002,1911.3,3039.0,1
405,0.4079607693287479,157020,64058,0.17808729496802897,0.17747655116476346,0.13,0.22,0.02,0.42,137.44745892243026,186.97801211402168,37.491482642386714,177.5,34.5,154.5,235.5,0.08197901777262247,0.06212984690767533,0.085172,0.10726724999999998,0.00292127,0.16167,0.275104978795056,0.1757251449919597,0.30358,0.28719,0.027432300000000014,0.4845490000000001,6.810348547135878,6.730228464756143,6.56175,7.677850000000001,0.0,14.729300000000002,0.40578280013854784,0.41862275050094017,0.23756,0.313585,0.11168,1.0199300000000002,0.12343666035499079,0.03269308828053487,0.125855,0.0483585,0.07858,0.16502,-0.40918711918886014,0.06687535119737599,-0.409575,0.08340749999999997,-0.49776299999999996,-0.3267109999999999,1.4609861850198256,0.6387095949407299,1.4,0.9169750000000001,0.627677,2.4965,-9.08405372318836,1.164126267015543,-8.9003,1.7037499999999994,-10.849,-7.7057,521.5016725360504,258.72505240694284,476.5,355.86000000000007,250.0,853.0280000000001,1433.6732995609593,499.46232775875666,1447.2,777.9999999999999,752.8480000000001,2067.980000000002,2379.2848098233,549.2826161859568,2442.3,810.5999999999999,1641.1,3037.8,1
406,0.4257689110556941,72180,30732,0.1754109589041096,0.17219623527111808,0.13,0.21,0.02,0.39,145.6359102244389,207.53608616425876,49.682029910931284,192.5,55.125,164.0,281.0,0.10407180799524926,0.05291239572658097,0.10159499999999999,0.053749500000000006,0.030016,0.17439900000000003,0.3585930823302161,0.1493043836772809,0.382995,0.1642075,0.12043,0.52737,5.880797112312378,6.440382874559938,6.16325,7.2664,-0.4482489999999997,12.973,0.24741923646456465,0.1865983517080793,0.20046999999999998,0.15392999999999998,0.106102,0.456809,0.10341425439899778,0.03201256570686397,0.10021,0.0483205,0.0643616,0.14776900000000004,-0.3621411635754263,0.06656066768283773,-0.36407,0.08690750000000003,-0.44636,-0.276501,1.4575395665755564,0.47763499276521826,1.3904,0.651,0.9167810000000001,2.1807,-9.496972686450606,1.2036093517581843,-9.34465,2.0776749999999993,-11.178,-7.987419999999999,618.6979615191627,285.5516086341457,573.95,371.22,300.5,993.7299999999999,1589.224591447779,432.2362067006023,1590.6,570.9000000000001,1021.24,2136.2599999999998,2528.775693811075,484.8427963285411,2584.3,688.5999999999999,1878.38,3102.9,1
407,0.5487659791921176,125241,68728,0.2421705426356589,0.2454278379246896,0.17,0.28,0.02,0.56,135.96186552327114,157.79961587708067,30.126291233629626,149.0,23.5,134.0,193.0,0.1461454719738881,0.05295133768838601,0.15684,0.048110000000000014,0.061270700000000046,0.19952,0.4157603272703556,0.13254849738906935,0.43629,0.10202250000000002,0.22885200000000003,0.544583,5.591419567690738,4.995330793071693,5.5604499999999994,4.404100000000001,0.3255850000000002,11.004,0.21367302160705973,0.125657401791314,0.18358,0.10014999999999999,0.121897,0.349003,0.11547540235991154,0.019976323821615048,0.11524,0.020089999999999997,0.09362970000000001,0.13894,-0.4297407436707019,0.06587097314989086,-0.43689,0.08293,-0.50619,-0.3449509999999999,1.5235077416773366,0.3968823217090703,1.4789,0.5105999999999999,1.0781,2.0824,-8.611941443079967,1.2647280530339338,-8.4194,1.7227000000000006,-10.565,-7.117,573.7375432832229,259.50138608885294,536.235,290.165,294.06,882.9580000000002,1555.0359538096232,401.24643046356715,1550.65,505.29999999999995,1050.5,2076.3,2473.582204752202,440.075700587536,2434.8,502.10000000000036,1946.3,3072.9,1
408,0.4147005824917236,71589,29688,0.1665993265993266,0.16976809943722482,0.11,0.18,0.02,0.4,149.3525541633491,223.66735718135274,55.274519219384715,212.0,62.0,168.0,300.0,0.1151980953086129,0.0545122946320687,0.11309,0.06215699999999999,0.0401311,0.18758,0.3970571202658987,0.15513735548551139,0.421485,0.17035250000000002,0.1619,0.566033,5.6377553616522835,6.437986616542849,5.8021,7.818524999999999,-0.8123619999999998,12.982,0.2750843926485112,0.17213399354752648,0.237755,0.168155,0.121747,0.483975,0.11233637734003639,0.032028344697352974,0.112955,0.04889974999999999,0.0703118,0.15413,-0.3383528065885207,0.0652522795734301,-0.343385,0.08321250000000002,-0.41982,-0.25363,1.439661969819456,0.465795821678753,1.3897,0.624725,0.897335,2.1207599999999998,-10.152284700889249,0.82821794657819,-10.19,1.2063000000000006,-11.213,-9.06398,620.1852229141036,234.89228440650018,607.915,335.68500000000006,334.137,922.0,1630.3000251230287,466.81000313629573,1661.65,660.2250000000001,968.282,2201.2,2568.520717900682,484.07536188448563,2587.0,677.7249999999999,1940.3,3184.1,1
409,0.41753600867889074,103239,43106,0.1546681019016864,0.1426347089808409,0.12,0.16999999999999998,0.02,0.34,161.97367273995292,110.86842898900385,29.3524528499434,100.5,21.5,89.0,161.0,0.061677354408486054,0.032180660111282997,0.062269,0.033912,0.014931,0.09805349999999999,0.2585715849029833,0.12285827416007152,0.27296,0.11794750000000004,0.07001299999999999,0.37853000000000003,-1.3171749214904893,5.230906080704882,-1.3574,3.2676925000000003,-5.0291999999999994,3.58655,0.15813969680654666,0.16670219250111412,0.10449,0.1146585,0.0465695,0.33361,0.0897647262230316,0.04054553328038963,0.0796165,0.0683205,0.044366,0.14943,-0.3527973938662831,0.06350006249365008,-0.3505,0.08657999999999999,-0.43552,-0.27439,0.9452468544982137,0.4764157399017539,0.75306,0.5081075,0.5413049999999999,1.69245,-9.00549025657681,1.204169885649458,-8.8147,1.6750500000000024,-10.899,-7.5802,593.1222229693587,291.3068773870908,557.21,324.25999999999993,266.0,949.247,1564.7647474659382,426.369721566093,1549.3,564.5,1028.5,2131.9,2549.914715099715,452.9114263517522,2603.7,593.3000000000002,1936.1,3068.6699999999996,1
410,0.4202441314553991,106500,44756,0.17537617554858934,0.19899535965143267,0.1,0.21,0.02,0.47,143.77464788732394,179.78740280632763,44.04428554571839,166.5,43.5,143.5,246.0,0.1021571961165207,0.05105617862424303,0.1002,0.05465474999999999,0.033706,0.169455,0.4182239000915408,0.27613343475617946,0.450005,0.24374249999999997,0.13199,0.622395,3.6530837522673836,6.093578344046988,3.9627999999999997,6.2266325,-2.5675,10.308499999999999,0.2759097035157968,0.17294452325163154,0.23833,0.15833,0.121925,0.48536500000000005,0.1107291551850925,0.03279218709200593,0.10929,0.04949775000000001,0.0698625,0.15463,-0.37621013352399674,0.06673819739501759,-0.38318,0.0872,-0.455975,-0.28668499999999997,1.4434308405576906,0.5405269179644898,1.4005,0.5619500000000002,0.728595,2.2714499999999997,-9.763576130574672,0.8759781648256819,-9.71235,1.3000000000000007,-10.995,-8.66725,600.4678362492134,224.76581376527355,589.16,286.35499999999996,324.60200000000003,875.6560000000001,1644.2472769131061,442.75373119812684,1672.0,573.2,1008.0,2200.0,2563.158517137409,435.9801744593989,2587.9,552.4000000000001,1999.52,3107.6,1
411,0.4907550021331829,138291,67867,0.1819490616621984,0.17263866891812488,0.13,0.2,0.02,0.41,161.83265722281277,188.99955059159828,40.7379000279293,183.0,29.0,162.0,237.5,0.07664739370702227,0.05503571280286,0.082576,0.093391,0.006192980000000001,0.14483,0.25937040777100207,0.14629942921845426,0.28889,0.238395,0.043179800000000004,0.42895,4.777319572117966,6.170612649514539,4.2121,6.966399999999999,-1.0394199999999998,12.413400000000001,0.3535995606473691,0.3984015064081119,0.18946,0.26952499999999996,0.09970380000000001,0.903694,0.11179393227945836,0.03910754903693696,0.1067,0.06163300000000001,0.0642224,0.1685,-0.3703225422390853,0.07285715387522682,-0.37442,0.08703,-0.45859,-0.27904,1.2782600786833072,0.43855033390122405,1.163,0.5568799999999998,0.834912,1.93784,-9.080084139567095,1.0531521005510418,-8.8858,1.4114500000000003,-10.7514,-7.8599,579.7974645156621,231.03232242232798,549.22,313.97,322.798,875.0,1600.2484677168432,440.685745525238,1603.9,601.3,1030.5,2159.6,2615.5672585908724,496.9599684706832,2670.6,714.4000000000001,1924.6,3223.8199999999997,1
412,0.30372626591511165,85689,26026,0.14703954802259886,0.18078124126417558,0.07,0.17,0.02,0.37,123.93656128557924,153.72640820717743,49.95723758851735,135.5,69.5,107.0,227.0,0.09361052168953055,0.06478271262358089,0.087201,0.10730775000000001,0.010151,0.181775,0.306168020278752,0.1841627341872193,0.301725,0.333005,0.052839,0.53503,6.535085770937909,8.851194604776527,8.2912,11.780230000000001,-4.4688,15.913,0.3191570994270729,0.2684777634253237,0.24634499999999998,0.20446499999999998,0.104125,0.619155,0.11067589592446016,0.027966671288470277,0.11067,0.035757750000000005,0.075694,0.14639,-0.41573650295857983,0.07503915848465448,-0.42667,0.09989999999999999,-0.503865,-0.31545500000000004,1.4785447994313379,0.670336375601401,1.56455,1.058785,0.40508500000000003,2.35845,-9.865417851379389,1.0786041215514033,-9.83375,1.7971249999999994,-11.284,-8.4341,620.7668101120644,300.6419069166834,594.98,381.70000000000005,250.0,1001.8,1576.598229732096,468.42603954441086,1575.7,653.7,972.714,2199.8,2518.9286478725267,476.3657697202987,2556.8,561.0999999999999,1871.1,3098.3600000000006,1
413,0.40570419638647287,99681,40441,0.17216262239250746,0.16239141688161432,0.13,0.19999999999999998,0.02,0.4,141.3910374093358,179.96404638856606,46.870747115087205,165.0,57.5,139.5,253.5,0.07210907957631661,0.05542478900062146,0.079236,0.09855599999999999,0.0026385,0.14078,0.281571004552155,0.1944521826664113,0.30887,0.35464,0.022284,0.52311,2.776848011269034,6.093576698492182,2.1682,5.1519509999999995,-2.2702,10.153,0.3196619335211296,0.32392508182071034,0.21276,0.23636999999999997,0.083599,0.72161,0.1020062315565886,0.031440445349757,0.09895,0.043935,0.063941,0.14535,-0.3699652642367894,0.07136205235991272,-0.37268,0.09053,-0.45885,-0.28063,1.4689488054202418,0.60764069402602,1.34,0.8345,0.77366,2.4965,-9.508338166712,1.0680355716744416,-9.356,1.6785999999999994,-11.082,-8.1964,583.0591421336218,238.79741252295946,547.0,265.45,341.03,853.1,1628.7404804844268,432.19172493455983,1634.3,579.5999999999999,1050.6,2179.2,2522.5904821018794,455.2174465532804,2563.0,583.0,1916.5,3066.4,1
414,0.3593315046225744,98430,35369,0.17535448686167576,0.1668141380084767,0.12,0.2,0.02,0.41,122.95032002438283,220.02523396194408,42.402182555734164,216.0,30.0,181.0,268.0,0.10709944268380758,0.06097750676982405,0.11542,0.08691399999999999,0.009210920000000001,0.18111,0.3358743650684978,0.15895908660563635,0.38089,0.20774,0.067466,0.50457,8.08641315623775,6.815409226394369,7.7029,7.7552,0.08723,16.217,0.31718061186196667,0.31159578759804135,0.22761,0.15245999999999998,0.132878,0.5967680000000001,0.11475022248522718,0.0305432131408338,0.11366,0.04175599999999999,0.0765418,0.1551,-0.35207979532867767,0.06661061307049035,-0.35269,0.08439000000000002,-0.438732,-0.269634,1.5021970358223302,0.44414230244001324,1.484,0.5528000000000002,0.95026,2.1029,-9.303444524866409,1.1470407632222535,-9.1724,1.8469999999999995,-10.947,-7.8917,604.9715475189785,250.41083169123584,581.46,297.7475,304.31,917.5,1569.760919348898,464.96172851926167,1605.8,641.5999999999999,925.631,2143.3,2505.207721041108,504.08052609403234,2547.0,711.4000000000001,1830.6,3109.1,1
415,0.3896809232858113,78069,30422,0.15233850776164248,0.16329999975277235,0.1,0.18,0.02,0.37,153.47961418744956,200.7411905857603,49.28054220400797,185.5,54.375,158.0,274.5,0.08893688725446486,0.05972295798146113,0.0894005,0.09687724999999998,0.008492900000000005,0.16879900000000003,0.31810299839944445,0.19560441655200853,0.33255500000000005,0.3170575,0.048734,0.553357,5.146475798417362,6.65793801164329,4.859,8.175615,-1.4965499999999998,13.229900000000002,0.3040084226590296,0.2593274748772523,0.23859,0.18572999999999998,0.107142,0.5655870000000001,0.11545026094471106,0.03191024903672886,0.116695,0.04315174999999999,0.073482,0.15563900000000003,-0.37307974409111827,0.06796397993254925,-0.37642,0.08766499999999999,-0.4561,-0.28667,1.4483636986391426,0.595872352773652,1.4253,0.848875,0.646707,2.3519900000000002,-9.508363486950234,1.2484157458702974,-9.3857,2.1388499999999997,-11.205,-7.893009999999999,580.9258494137397,269.54879702255255,530.55,313.39000000000004,300.362,924.6720000000003,1634.3966801645372,436.9909307337425,1637.9,598.5,1057.56,2202.9,2546.113008701001,448.9676893880297,2562.3,566.7000000000003,1968.5,3107.0,1
416,0.4263109263109263,86580,36910,0.203137039075399,0.22023342656807177,0.13,0.22000000000000003,0.02,0.47,125.91822591822591,110.76127065835817,36.068890925763625,97.0,39.5,79.0,174.0,0.07481900065503387,0.04894783688149145,0.07227549999999999,0.07636774999999998,0.011084600000000002,0.13827,0.290078703623896,0.16027254443719716,0.288405,0.24852249999999998,0.06521389999999999,0.47732,0.9727107745366298,5.734317605713172,1.2262499999999998,3.4411925,-2.9868299999999994,6.090969999999996,0.2539547270292089,0.24782198806900405,0.1712,0.1570225,0.0851084,0.5611929999999999,0.10054123316954755,0.031764850918109724,0.09291050000000001,0.046605499999999994,0.0658528,0.14616,-0.39072646843402875,0.06157559520478957,-0.39379,0.07777,-0.46579099999999996,-0.3155780000000001,1.3188993351395286,0.43993698306149814,1.2276,0.5157,0.8458749999999999,1.9860099999999998,-9.890397263614197,0.9212287708102782,-9.82825,1.3572000000000006,-11.197,-8.74948,596.6799405448306,263.4389961226466,578.0,304.8525,305.6,899.7260000000001,1578.8681128177598,406.5704214147485,1552.2,492.57500000000005,1059.5,2131.8,2525.9992830131423,427.76607780796326,2478.3,464.9000000000001,2015.6,3110.0,1
417,0.3974771237405364,88629,35228,0.16415657036346692,0.17563189523712452,0.1,0.21,0.02,0.41,145.27976170327997,184.3744748495515,44.85324306463281,169.5,49.5,145.5,253.0,0.08988719396100545,0.048817412201203614,0.090513,0.05728749999999999,0.0236581,0.150923,0.3478122250094811,0.14885852286033124,0.38015,0.17435500000000004,0.108137,0.507469,5.357734915181703,6.6503202519470515,5.30855,7.806750000000001,-0.954458999999999,13.193,0.23983996456798565,0.18192263868570166,0.194295,0.15904499999999996,0.0967261,0.44453399999999993,0.10408979641705461,0.03046182182456539,0.10159,0.04282825,0.0671387,0.14538,-0.3648024616611787,0.06829957044462316,-0.36791,0.08970250000000002,-0.449959,-0.27735,1.5275083927557624,0.6151979205018479,1.4,0.9285499999999998,0.8241170000000001,2.4965,-9.74785727262405,0.9652574316774861,-9.6569,1.5260250000000006,-11.117,-8.5396,575.3233565620412,269.34584938000137,531.0,293.96999999999997,280.599,904.6540000000002,1582.4863771028567,426.9202208201197,1605.6,573.2,1011.1,2115.0,2539.1135523314892,474.81398268625384,2586.8,669.4749999999999,1890.3,3105.2,1
418,0.4642630897623048,108921,50568,0.19198177676537587,0.21462125627871362,0.12,0.24000000000000002,0.02,0.47,145.0959869997521,193.86350063281125,44.102632595451155,180.5,47.5,152.5,259.0,0.12666094497135955,0.05786658348499277,0.13582,0.0687955,0.03339570000000001,0.19360300000000003,0.39407208776248026,0.15554199963919776,0.42924,0.14105499999999999,0.137377,0.5596160000000001,4.575446698471682,5.9812087448329505,4.027200000000001,6.9481075,-1.0427699999999986,12.094300000000002,0.24588349123495098,0.16715900415425772,0.20408,0.13859249999999995,0.11946700000000002,0.42718300000000003,0.1107787139831514,0.026808473658530688,0.110735,0.03402799999999999,0.07687139999999999,0.145,-0.39593517764198705,0.07349744121444622,-0.40087,0.0954625,-0.48766,-0.29972399999999993,1.4777767123477297,0.43606366696616394,1.4184,0.552,0.978635,2.1141,-9.262005865369403,1.1941034726204607,-9.12925,1.8693250000000017,-10.995,-7.7766,544.0383392565451,255.8586070703689,493.5,256.595,283.47,873.825,1550.9966560378907,402.46729873426426,1546.5,473.7249999999999,993.805,2083.0,2460.0183751025584,443.2456592983551,2464.6,529.7999999999997,1908.35,3023.3500000000004,1
419,0.4961602118503807,90630,44967,0.21935121951219513,0.2119567801341921,0.15,0.22999999999999998,0.03,0.51,135.71665011585569,193.484410790135,40.03385525267745,181.5,45.0,156.5,250.5,0.09870461064394334,0.041494908514623334,0.097229,0.034337000000000006,0.04855100000000001,0.14698800000000004,0.3655521378271755,0.13658514768351834,0.36892,0.13890000000000002,0.18827,0.53379,3.7515581343151645,5.729376108283168,2.8504,7.18442,-1.7774799999999995,11.134400000000001,0.20395313926376232,0.15778121644358548,0.16348,0.13546,0.08381860000000001,0.360648,0.08812198951675673,0.030670711638129768,0.080726,0.041215,0.05545780000000001,0.13396,-0.3428410139213201,0.06963237295553015,-0.34399,0.09198,-0.43224,-0.25121,1.2302717237084972,0.44532374651190415,1.1191,0.5919300000000002,0.762132,1.8985800000000004,-9.132796882158026,1.0722255717634483,-8.9695,1.5631500000000003,-10.761,-7.8494,579.9756675628211,257.5091457595031,522.13,305.905,320.0,908.1640000000006,1581.342793350638,449.1386443633394,1604.6,595.8500000000001,977.0,2131.3,2550.1116353896286,490.9092030928394,2656.3,657.6999999999998,1838.8,3094.0,1
420,0.2885526604315038,104889,30266,0.1805847255369928,0.19216053813375797,0.11,0.21,0.02,0.43,95.87277979578411,122.59860900019824,38.30787074212786,105.0,37.5,92.5,187.5,0.1293832024053271,0.07083440000460751,0.14581,0.12270224999999998,0.022497,0.21271,0.34215191810388884,0.7146091904452504,0.37209,0.24627499999999997,0.08229500000000001,0.53028,1.6757357090585807,5.914875967017594,1.7631999999999999,4.5500792500000005,-3.4987500000000002,7.62945,0.22591672111064892,0.17587011163298108,0.181925,0.11511749999999998,0.090367,0.432145,0.1070318078972874,0.022992346536275358,0.1061,0.02235224999999999,0.0817595,0.13621,-0.4305525041300469,0.056702988972706786,-0.43733500000000003,0.06913750000000002,-0.49551,-0.358735,1.4430162770105068,0.4811520997823128,1.4131,0.6372500000000001,0.83415,2.12365,-10.137676141544967,0.883106891489062,-10.158,1.3526749999999996,-11.278,-8.98425,625.1118721910648,321.99755722757556,591.115,422.01750000000004,241.76,1048.6,1568.4557295601082,458.73902076916596,1552.9,633.0999999999999,972.056,2175.7,2485.6817315249323,481.8349196754658,2502.0,614.7000000000003,1865.1,3098.8,1
421,0.3823536439665472,83700,32003,0.16294806517311608,0.16395448970933707,0.11,0.19,0.02,0.39,140.78853046594983,223.14587694903602,44.87806626048297,213.5,41.0,183.5,283.5,0.10281857726621818,0.05139055809659697,0.10195,0.05696399999999999,0.029708599999999998,0.16890199999999997,0.31368029242568823,0.12360278493307823,0.33101,0.111375,0.128644,0.443998,6.880654203839016,6.396238491212182,6.9884,7.277900000000001,0.0,14.085799999999999,0.23353821708033934,0.17851827017230304,0.19321,0.127895,0.108512,0.402214,0.11709513713164393,0.03822947833429582,0.12036,0.0633135,0.0635522,0.165558,-0.3411960629772209,0.06578184527839563,-0.33952,0.08765499999999998,-0.42875599999999997,-0.261232,1.3045577970815236,0.451539421423451,1.1819,0.5756049999999999,0.8605119999999999,1.9906599999999999,-9.77841916382839,0.9979770255948716,-9.7077,1.681000000000001,-11.178,-8.50494,600.8478945284421,248.859953872504,570.0,311.80999999999995,319.74,907.382,1612.2727287125817,451.5253294721143,1645.4,608.0,990.018,2173.4199999999996,2547.894178900815,484.48934361958584,2581.3,651.3499999999999,1879.8,3114.0,1
422,0.40605120597028344,133461,54192,0.15981126511353583,0.16558313994502186,0.1,0.19,0.02,0.39,152.4490300537236,221.68506421612045,48.82550316011613,213.0,53.0,176.0,288.0,0.12678404301770557,0.0577028173997677,0.13042,0.0672215,0.0416222,0.19748,0.40040294242083146,0.15138907288801962,0.42165,0.1563875,0.180904,0.56871,6.841695631054971,6.348904347546362,7.0826,7.10615,0.0,14.039900000000001,0.2664835096967652,0.165142905581921,0.23563,0.16724250000000002,0.12474,0.45476,0.12650287019379244,0.03332749926946901,0.12713,0.04793249999999999,0.0825004,0.17033,-0.32500377874963093,0.0763579571130206,-0.326755,0.10507,-0.42352,-0.22528099999999998,1.4713327826985534,0.5920601181685863,1.4119,0.7745,0.6927110000000001,2.48329,-9.363137686374372,1.064858688602478,-9.2546,1.585124999999998,-10.938,-8.0371,599.1320519829677,263.2640355457206,560.06,313.97999999999996,302.408,936.132,1618.3084987871641,479.9053574864917,1646.2,705.8,969.8240000000001,2212.7,2562.6245360809257,497.2433459758609,2598.3,656.8000000000002,1914.8,3190.22,1
423,0.4097659427056662,99591,40809,0.18482336956521742,0.21457040320632362,0.11,0.22,0.02,0.47,133.0240684399193,186.80310715773481,42.70042591416744,175.5,37.0,151.5,247.5,0.07596143641677185,0.05098164437541605,0.081201,0.07917199999999999,0.00923346,0.13649200000000006,0.329078825076934,0.18095153646168005,0.36137,0.29022,0.06653680000000001,0.5430500000000001,3.7715979916509843,5.682081591146411,3.6181,5.59215,-1.6938599999999997,10.567200000000005,0.32535968779382246,0.31245962568683555,0.21708,0.24831000000000003,0.10542,0.7067060000000008,0.1103013194952094,0.03510343699353642,0.10695,0.053792999999999994,0.067391,0.15930200000000005,-0.3357370201889779,0.07000054437905348,-0.33876,0.09416000000000002,-0.422952,-0.24434799999999995,1.3565438337131515,0.42990061686137654,1.2625,0.5323,0.9134260000000001,1.9885400000000009,-9.334415021196305,1.1976872142060528,-9.1449,2.0310000000000006,-11.091,-7.85438,619.2242437910106,271.9421866912741,573.81,330.19000000000005,324.53200000000004,965.93,1615.6527466663986,445.44511590318547,1631.9,639.8,1026.66,2177.9,2587.639920918034,510.0540252315789,2613.4,724.6999999999998,1910.5,3243.5,1
424,0.5276421157628283,106269,56072,0.17880102040816329,0.19045569332894133,0.12,0.19999999999999998,0.02,0.42,177.0601021934901,180.24473890711943,46.49934136594993,172.5,54.0,130.0,242.0,0.08892706010372735,0.04512074311929602,0.08806800000000001,0.046394500000000005,0.0266044,0.14481,0.3077361054000749,0.13711633811919666,0.3128,0.15016,0.108261,0.4792,2.058535374341584,6.057453480370039,0.976565,6.394299999999999,-3.5186499999999996,10.022,0.2049809046291786,0.1812847202031036,0.15361,0.159691,0.0666318,0.402639,0.10311784251587244,0.038131368755311416,0.10199,0.06561149999999999,0.055441,0.15401900000000002,-0.366302728796904,0.08111574826224455,-0.37209,0.10419,-0.46499,-0.26008,1.0942121288700244,0.48208550725314286,0.95535,0.6443275,0.60511,1.82299,-8.821025524325867,1.3296548693224377,-8.6652,1.9739249999999995,-10.801,-7.1677,531.6102278007361,261.4751868677202,455.36,276.58500000000004,293.15,868.17,1604.3873309109395,451.85757339188933,1617.0,638.1999999999998,989.0,2181.6,2563.636534156696,469.9372978145756,2640.3,636.2000000000003,1913.0,3105.4,1
425,0.4100745590107292,115479,47355,0.17985187998480823,0.1901022594797908,0.12,0.21,0.02,0.44,136.80409425090275,204.6610706366804,44.989825028696636,192.0,39.5,169.5,269.0,0.12495117797473235,0.058148099288834035,0.1257,0.06515599999999999,0.0386874,0.19887599999999997,0.41047734297330585,0.1598082971810905,0.44449,0.17310000000000003,0.15013,0.57831,6.951398192463829,7.011269716810164,6.7452,8.254249999999999,-0.007779819999999961,15.157799999999996,0.2802615695285693,0.171054160535796,0.24796,0.19089500000000004,0.12166,0.47747,0.11041173029458347,0.027774004863957435,0.11058,0.03905449999999999,0.07455,0.14559,-0.37347548241790735,0.07161832478747752,-0.37712,0.08915500000000004,-0.464496,-0.28119,1.5798289785661492,0.48400415134383673,1.5466,0.694,0.9749420000000001,2.2858199999999997,-9.699799140534262,0.9730219802026311,-9.6133,1.4589499999999997,-11.087,-8.49394,562.3047268789157,276.553225788641,511.9,363.19500000000005,274.188,927.502,1549.0931266475445,461.7065205859967,1589.3,673.4000000000001,896.466,2115.7,2466.3438444873873,464.25403906204957,2505.2,612.1999999999998,1845.2,3025.3,1
426,0.2919000933706816,85680,25010,0.12852004110996917,0.1288791464421817,0.08,0.15,0.02,0.31,136.27450980392157,136.33802479008398,41.755961842558804,118.5,58.0,100.5,206.5,0.07857348259664171,0.0608834784076442,0.071487,0.10028799999999999,0.00319184,0.16254100000000002,0.24829742961060378,0.16980735287692142,0.24454,0.295496,0.017515300000000004,0.4462150000000001,0.6823584152458617,6.533151573973915,0.31314,4.763325,-5.48813,8.316360000000001,0.26179489381951615,0.23713145215183912,0.18838,0.188705,0.06876689999999999,0.5633930000000003,0.09810337773570572,0.030105526036199638,0.094765,0.04140274999999999,0.06276870000000001,0.13973200000000005,-0.4288563092363055,0.06314874583783828,-0.435995,0.07926999999999995,-0.503324,-0.34768899999999997,1.4229646845261896,0.6145434794061738,1.3118500000000002,0.9043950000000001,0.73398,2.4962,-9.993712039184327,0.9031221437289657,-9.93975,1.5005999999999986,-11.223,-8.8427,559.1960163603885,277.93072235183166,518.425,343.44,270.01099999999997,892.9520000000007,1533.7590845514408,445.93784153218365,1518.7,589.0999999999999,959.981,2133.790000000001,2485.585680427778,464.5449726245204,2510.95,546.125,1860.91,3062.0,1
427,0.3075934847442074,87180,26816,0.13688616641143442,0.15555234394749523,0.07,0.15,0.02,0.36200000000000043,134.8245010323469,175.75449358591885,42.348647941730675,162.5,42.0,139.5,238.5,0.09745191941937463,0.052496141020639125,0.0994165,0.06716225,0.0222275,0.163225,0.3446494136977999,0.14712238088243437,0.38100500000000004,0.15817249999999994,0.093055,0.497115,7.526399114437238,6.90608948377005,8.16085,8.152125000000002,-0.017496,15.229,0.22176435062473898,0.14683419772769607,0.197235,0.12299250000000003,0.09765299999999999,0.373025,0.10742119288372613,0.028820386076333436,0.10671,0.0398975,0.07134399999999999,0.14521,-0.4015027272523866,0.06021896086148997,-0.407485,0.0851325,-0.47441,-0.32372500000000004,1.4292844052058475,0.6024903355616595,1.4011,0.699525,0.456015,2.3674,-10.34950643272673,0.7955804460628297,-10.26,1.2189250000000023,-11.506499999999999,-9.3653,657.4060987195815,275.1478952847575,650.4,345.54499999999996,272.34,977.212,1632.7345815119493,450.18046685116997,1672.0,612.45,1004.1,2172.0,2562.322898610585,462.8783570302838,2613.0,643.4500000000003,1946.88,3120.6,1
428,0.29001562278085496,70410,20420,0.16142292490118576,0.20926870359537383,0.07,0.18,0.02,0.42,107.79718789944609,137.9800930460333,34.76262773247952,125.5,31.0,109.0,194.0,0.09701646554882468,0.04666585760923934,0.10287,0.0447115,0.0234077,0.1467850000000001,0.36157362350156713,0.1576771082445873,0.39751,0.1621125,0.0956891,0.5220930000000001,1.6608423955675757,5.326118142337471,0.734205,3.9499025000000003,-2.5514200000000002,8.426780000000003,0.19168851778423115,0.15072247858761156,0.157835,0.1121225,0.075298,0.3452080000000008,0.09091499808334966,0.02839891647209532,0.0835195,0.037031750000000016,0.0618412,0.1323,-0.4005155952938296,0.05998451810009586,-0.399655,0.0771,-0.477971,-0.33108599999999994,1.2655228574926543,0.4674467751918666,1.1364,0.6046549999999999,0.7717280000000001,1.9990200000000005,-9.740770239960822,1.0915590649176792,-9.5459,1.6743749999999995,-11.432,-8.45328,620.8381795059028,269.30982781477127,601.0,374.0,305.91,958.13,1607.2314692219177,417.82464403610703,1609.0,571.0999999999999,1047.0,2143.9,2509.7347328493697,432.9465083714506,2513.6,562.1500000000001,1964.7,3058.3,1
429,0.26141763532495743,95751,25031,0.12836410256410258,0.14833759398175897,0.08,0.13,0.02,0.31,122.19193533226807,149.51530102672686,41.690396676108236,137.0,48.0,110.5,215.5,0.11150656298005472,0.05828528981254676,0.11894,0.0786065,0.018108,0.18106,0.36116291306390474,0.16404949449767814,0.40036,0.173975,0.0728,0.53103,3.4091589254693373,6.211775200565905,3.0918,6.976,-2.5797,10.786,0.2238661665270984,0.16604251786687207,0.18941,0.12825000000000003,0.08061,0.40416,0.10539639917949742,0.027134855566152232,0.10481,0.035255999999999996,0.071912,0.14001,-0.39397949785066516,0.06928307105746802,-0.39028,0.09877999999999998,-0.48792,-0.31395,1.487215592265591,0.47837347398744995,1.4208,0.6880000000000002,0.93697,2.2106,-9.724637573408973,1.1310796929445186,-9.5683,1.8066499999999994,-11.417,-8.3379,651.0634538972732,312.5875110782827,618.165,445.335,301.62,1050.3,1599.8312142857142,435.95732783325974,1589.65,560.5999999999999,1027.55,2184.1499999999996,2503.729753794375,454.5082788416711,2522.6,528.5250000000001,1899.35,3073.5,1
430,0.3009826252489574,90879,27353,0.14291013584117032,0.1542055694540919,0.09,0.15,0.02,0.33700000000000047,126.36582708876638,108.79230797353124,37.21215099512287,96.0,37.0,74.5,175.5,0.10525936936916976,0.055261924769806015,0.11335,0.08313300000000001,0.0186556,0.172,0.2925726544459767,0.1322887114604734,0.33287,0.16981000000000002,0.06581060000000002,0.422358,1.2699578551190362,5.0498811952086555,1.0712,3.30723,-2.5493999999999994,6.154159999999999,0.18416799333512593,0.14930450859467673,0.15167,0.09042,0.06340280000000002,0.33846599999999993,0.1000372272705005,0.02551473973123657,0.10023,0.029241000000000003,0.0688438,0.13176,-0.3929610151354513,0.057336010391977145,-0.39321,0.07678000000000001,-0.466418,-0.322992,1.408165861879867,0.5198475117174762,1.3636,0.7295,0.7546600000000001,2.1673199999999997,-10.082478832303588,0.9150363083979449,-9.9946,1.345600000000001,-11.433,-8.94472,639.265965485167,300.1061166252573,590.29,362.59,303.8,1032.8600000000006,1577.3730591667127,436.1615381722789,1509.7,616.5999999999999,1055.0,2198.1,2506.495177940448,427.71180410925564,2445.6,537.0,2017.84,3088.7,1
431,0.3496324014440087,83379,29152,0.15222976501305482,0.17162406378681855,0.09,0.17,0.02,0.37,137.80448314323752,186.3556531284303,46.89593992161955,170.5,57.5,142.5,262.0,0.12786397629496568,0.06584524135042287,0.137845,0.09452875,0.026567400000000012,0.20722900000000002,0.38499100657359014,0.1676300483102752,0.43611,0.2107150000000001,0.104561,0.55379,6.380177734884228,7.216572128623917,6.5501000000000005,9.788924999999999,-1.299609999999997,14.888700000000004,0.26626445717182357,0.1695394907392972,0.23479499999999998,0.15509499999999998,0.11703500000000001,0.4603840000000001,0.11621666147091109,0.024841496585192965,0.1168,0.03132999999999998,0.08605280000000001,0.14707900000000002,-0.39138296998490674,0.0735969410297812,-0.39065,0.11130250000000003,-0.48994899999999997,-0.30073199999999994,1.582043489640505,0.49119003844444853,1.5585,0.7023249999999999,0.9707960000000001,2.2829900000000003,-10.41040034302964,0.8901658034067401,-10.506,1.4028500000000008,-11.518,-9.16531,619.5757034302284,304.01887369583255,580.83,411.675,253.61500000000007,1021.5,1604.0184374473615,437.4457498790575,1605.4,605.9000000000001,1039.0,2162.2,2537.321501552085,454.8575009552506,2570.0,601.5,1938.0,3084.3,1
432,0.2288040516716351,93591,21414,0.10158444022770399,0.11455281416959744,0.06,0.1,0.02,0.23,135.14119947430842,117.32686560194266,40.31190581404549,100.5,47.5,82.0,186.0,0.08993318542394228,0.055450239402690796,0.095025,0.08411224999999999,0.005502750000000001,0.158587,0.3109162885027552,0.1883009077686401,0.328405,0.28808,0.019442600000000004,0.562794,1.6020881129519473,6.223821131826596,1.18125,4.721257499999999,-3.4227599999999994,8.44905,0.20651523434645558,0.17310947648450595,0.17015999999999998,0.13461999999999996,0.016382,0.396255,0.10137064559353694,0.029598885937108146,0.098247,0.038201,0.0675632,0.14186700000000002,-0.4379917983562156,0.06738350267136152,-0.45729,0.087505,-0.50796,-0.33326199999999995,1.4952209825347904,0.6498118243393715,1.42415,0.9069500000000001,0.5734790000000001,2.4965,-10.480597464275709,0.8110270094921171,-10.442,1.2660999999999998,-11.571,-9.44206,630.8895670920031,322.14206472720434,604.34,409.91,223.90600000000003,1055.9,1563.4263245808088,436.2404768592892,1531.5,584.2,1033.1,2156.8,2472.58490002458,471.74843949592537,2448.2,601.3999999999996,1905.9,3099.4,1
433,0.3095647836388577,80190,24824,0.20116693679092384,0.2176516025812259,0.12,0.24999999999999997,0.02,0.5,92.33071455293677,98.22772317112472,23.474897781471444,90.5,9.0,84.5,121.0,0.10340139665056396,0.04334110478985362,0.111885,0.03949725,0.0326178,0.14715400000000003,0.3530585819525056,0.13789982815334365,0.38691,0.09159500000000004,0.118453,0.47253,1.4825890335124476,4.37533575032661,1.23035,2.8454,-1.09486,5.514340000000002,0.1506642805123026,0.1263578600220727,0.11557,0.0732965,0.0743259,0.26180900000000007,0.09160473683032548,0.020929815684123963,0.0880525,0.017289499999999985,0.07255829999999999,0.11862400000000001,-0.3979612540283597,0.05220820698855961,-0.39748,0.071965,-0.46494399999999997,-0.335043,1.1736973694811472,0.42332914343403344,1.0347,0.46928250000000005,0.779655,1.82884,-10.123590791169836,0.8697973769131896,-9.9273,1.1684999999999999,-11.558,-9.1434,643.6437010489947,296.9060409949421,600.005,365.13,319.7,1031.7900000000009,1605.3775062365912,404.27561752702974,1573.6,553.125,1110.01,2139.8,2514.8021133313373,437.11833794754875,2483.3,547.4500000000003,1990.31,3093.1,1
434,0.4640240622466683,131991,61247,0.22575377810541836,0.21502062195804014,0.16,0.27,0.03,0.5,123.32659044934881,118.39105588845167,28.41913447447013,111.5,28.5,91.5,158.0,0.07932828336115287,0.03431362160262583,0.080776,0.032719,0.030922400000000003,0.11779,0.28334482369054653,0.10798072497171476,0.30013,0.08494499999999999,0.12759,0.38198800000000005,-2.467546674760826,4.975702867725104,-2.6427,4.369375,-7.16368,2.585560000000002,0.1590157546693389,0.14988164011102323,0.11161,0.106047,0.059193,0.31199,0.07641736039025586,0.029646158240259627,0.068199,0.03232349999999999,0.047925,0.12007400000000001,-0.3670737013078191,0.06651042310695723,-0.36211,0.08975500000000003,-0.46183,-0.28571,0.8983334894770357,0.4269954940631399,0.73369,0.41963000000000017,0.548386,1.551,-9.242045708361225,1.1268427164094792,-9.1042,1.5115999999999996,-11.004,-7.8861,616.0576271223092,303.0942980734805,578.31,387.625,263.75,990.49,1586.5511499189072,443.2650436668857,1571.6,587.8,1016.0,2184.3,2510.511954374824,420.6936679025267,2491.0,428.10000000000036,2017.3,3076.0,1
435,0.3323544303797468,118500,39384,0.17266111354669006,0.20379816011460677,0.1,0.2,0.02,0.44,115.49367088607595,163.0853265285395,41.94255327823624,149.0,43.0,128.0,225.5,0.09397442984630208,0.0468169876182097,0.097568,0.05716625,0.0254231,0.15008700000000005,0.3598751667306343,0.1652273319617249,0.39061999999999997,0.22109250000000003,0.100453,0.550107,3.6193296026772037,5.700911427632922,3.7920999999999996,5.8048175,-1.61834,9.984840000000005,0.21498708337793523,0.1617333211768708,0.17991000000000001,0.13345,0.0857545,0.3757850000000002,0.09923032828910978,0.03133443006598009,0.0962315,0.043743500000000005,0.0609813,0.14259,-0.40406619437842783,0.06824062075736785,-0.40915500000000005,0.09661250000000005,-0.489647,-0.31824,1.342041585669307,0.4325871176844845,1.275,0.5438999999999998,0.84977,1.9708,-10.204571640767824,0.896427177303147,-10.163,1.4240999999999993,-11.441,-9.0776,634.1411773875998,263.65920017230627,585.155,337.1575,336.33,976.5730000000001,1629.334744904021,437.6260863664978,1624.4,617.8,1063.0,2197.4,2565.623164089682,467.50762934332477,2613.6,625.5,1912.3,3119.4,1
436,0.3883704026748074,68790,26716,0.15930828861061422,0.18567673066207027,0.1,0.16,0.02,0.37,146.27126035761012,124.24621949393622,33.06544423777559,111.5,23.5,101.0,179.0,0.10339254582300869,0.051604307646437045,0.10753499999999999,0.066328,0.0235835,0.16652,0.3457014834514149,0.1614127827872825,0.40051000000000003,0.17300999999999994,0.088193,0.4754,1.0395733379246705,5.270606965921643,0.680285,4.1413125,-3.5644,7.03015,0.1985507729131981,0.14584205450802376,0.169825,0.08936999999999998,0.0874025,0.34656,0.0973598410411364,0.025314469859820173,0.0944595,0.03147100000000001,0.0689715,0.131405,-0.36550374120377305,0.061891290409785145,-0.360695,0.08497499999999997,-0.4542,-0.28877,1.299422417652343,0.4514171534771818,1.1772,0.57832,0.8406750000000001,1.9987499999999998,-10.52976733043869,0.7395219112031087,-10.502,1.2249999999999996,-11.528,-9.55995,590.4948670791647,251.72349357132137,555.0,326.01,298.37100000000004,919.3090000000001,1555.6653545253605,399.06811608484986,1530.5,498.3249999999998,1053.1,2081.4,2541.420713267799,447.04805990826037,2591.7,593.1000000000004,1947.0,3086.2,1
437,0.405484934086629,84960,34450,0.18112513144058887,0.2101216314657793,0.10500000000000001,0.19,0.02,0.46900000000000086,134.32203389830508,126.8212336719884,35.515611080317726,114.5,39.5,94.0,186.5,0.12025468317616099,0.05492216478388066,0.13245,0.0690375,0.0331017,0.18002,0.37000333629510884,0.1577258704393509,0.406895,0.16546500000000003,0.11415,0.5418430000000001,2.7058543254160523,6.22754054182075,2.3122,5.869375,-2.5898399999999997,10.010100000000001,0.20612876930415094,0.1547260127943918,0.17141,0.09506,0.0978221,0.3505260000000001,0.10826354446708274,0.02407857047632229,0.10775,0.02665975000000001,0.0799142,0.13821100000000003,-0.4561503194658926,0.06498523204997728,-0.47331500000000004,0.08429499999999995,-0.52432,-0.3642079999999999,1.3538844499274312,0.442578091440831,1.2707,0.55365,0.862186,1.9996100000000003,-10.471780554426706,0.7117243542761237,-10.459,1.011849999999999,-11.457,-9.5527,573.4747578971533,280.4495194722242,531.0,340.68000000000006,261.841,932.6990000000002,1584.3857575757575,445.09686702289275,1539.0,626.7,1041.2,2219.0,2525.8293501448047,447.4019358735273,2476.2,524.0999999999999,2002.8,3141.8,1
438,0.4975627495821357,142989,71146,0.16599626691553898,0.1591005809325439,0.12,0.19999999999999998,0.02,0.39,179.84600214002475,176.1288477215866,40.19274200517114,169.0,32.5,145.5,228.0,0.023648920185360103,0.026386604685172673,0.014107000000000001,0.028437424999999995,0.0011457,0.060047,0.13073759929008094,0.09528746865063344,0.120685,0.12961075,0.013385,0.25734,4.830289164143133,6.379261280039223,5.06945,6.870075,-1.5700500000000002,11.88,0.6574851428721165,0.5152289406419668,0.538395,0.7395375,0.12112,1.388,0.12451197162806062,0.03965712916751619,0.12917,0.060377500000000014,0.067936,0.17277,-0.389283233169117,0.0634993008480191,-0.39159,0.07931749999999999,-0.470295,-0.31137,1.4647396465015603,0.4219933312674205,1.424,0.5234000000000001,0.9785900000000001,2.0539,-9.725739825148286,0.9114444207161729,-9.6171,1.2977749999999997,-11.079,-8.6309,594.2494837000182,232.40510136738064,572.875,279.83,328.0,872.0270000000003,1668.8008424654658,446.1962794415951,1702.1,593.0999999999999,1050.0,2216.8,2643.707781066745,479.40750076550347,2693.4,677.9000000000001,1967.9,3199.4,1
439,0.5412813327105714,128460,69533,0.1722392865989596,0.19651456170570236,0.1,0.21,0.02,0.43,188.55674918262494,191.05053715501992,41.184960110473575,182.0,39.5,156.5,245.5,0.1126946152687186,0.053454021079173075,0.11782,0.058190000000000006,0.02794540000000001,0.17493,0.34923882469452344,0.15064118147063943,0.36296,0.16668,0.116122,0.53417,3.469397286378885,6.0173309421616965,2.6669,6.9695,-2.5522199999999997,11.191600000000006,0.21551260951607867,0.16855043193051514,0.17377,0.14415,0.0867354,0.3899620000000001,0.10183054066098111,0.029449076224835294,0.099558,0.04216500000000001,0.06556920000000001,0.14082800000000004,-0.3555806234421066,0.07680358382844824,-0.35738,0.09661000000000003,-0.453428,-0.25968,1.3162452796513886,0.5149439019316637,1.2277,0.7375099999999999,0.7169240000000001,2.0974,-9.181090269368502,1.0663266844638863,-9.0493,1.4042000000000012,-10.819,-7.900919999999999,580.4285072537245,258.5596971454995,527.15,335.755,313.0,906.6,1613.8063799911215,419.64994024681454,1623.0,529.9499999999998,1040.72,2161.8,2554.3150607073044,433.54137156381967,2579.6,532.9500000000003,1982.8,3087.1,1
440,0.35934262539689277,141411,50815,0.16224457215836527,0.19205692457958304,0.1,0.18,0.02,0.4,132.88923775378154,180.4423890583489,40.05034409179116,170.0,34.0,147.0,231.0,0.10018118504122463,0.05418547006966598,0.099124,0.06631899999999999,0.025354400000000003,0.17126,0.3585856882701486,0.14758890750827774,0.38508,0.15319499999999997,0.12467400000000003,0.519492,5.3166406458917645,6.119653299580241,5.1081,6.3584,-0.07151419999999997,12.448599999999999,0.2220672490975893,0.1521128921401124,0.19359,0.13433,0.0990268,0.3801579999999999,0.11012983923841385,0.0337436904139888,0.10999,0.049841999999999984,0.0659424,0.15494,-0.37154244975892947,0.06674783091966938,-0.36912,0.0862,-0.46242,-0.29229,1.423932896782446,0.5886689211103069,1.3398,0.7714000000000001,0.7439640000000001,2.4948,-9.846526789333858,0.9960994675175058,-9.7962,1.488199999999999,-11.256,-8.571660000000001,648.5693460660483,266.0335893422172,633.0,312.09999999999997,322.13,966.06,1594.0881995598672,462.36253463828297,1616.1,638.4000000000001,971.59,2168.8,2525.434318395709,514.1509423627059,2560.7,725.0,1844.0,3149.0,1
441,0.24555497215101255,97131,23851,0.1230701754385965,0.1204871271555013,0.08,0.14,0.02,0.29,119.71461222472745,154.65318016016099,45.36812198267073,138.0,62.5,111.0,226.0,0.07999337764824535,0.04561531520719407,0.082714,0.05781649999999999,0.012845,0.13377,0.33416851561391137,0.257593366027296,0.34627,0.295425,0.053666,0.58764,0.40705405596193034,6.122781700015267,0.075136,5.6438500000000005,-6.1083,7.5249,0.2618746093448493,0.19589666442918058,0.21781,0.22239499999999998,0.062267,0.5152,0.10435867748148925,0.03412812225842209,0.10267,0.05133199999999999,0.061913,0.15055,-0.38055688398809273,0.058888775618193175,-0.38129,0.07186500000000001,-0.45392,-0.31354,1.4370792641817953,0.6065445133394738,1.3593,0.9040399999999998,0.72562,2.495,-10.374815512976395,0.8572084358175691,-10.382,1.4292999999999996,-11.47,-9.2136,664.2020072696752,261.10351424153373,663.215,356.8825,333.55,977.0,1643.0509053366561,417.84157151994924,1635.2,555.7,1091.6,2191.1,2557.558166567115,447.2137225942157,2556.9,601.9749999999999,1984.0,3119.0,1
442,0.3332491236934348,95001,31659,0.15206051873198848,0.1463029182481175,0.11,0.16999999999999998,0.02,0.34,131.49335270155052,103.77361887614896,30.01275881150339,95.0,27.0,77.0,154.0,0.09087113638928898,0.043959698512950694,0.098394,0.05404050000000002,0.018662800000000007,0.140162,0.29913944998039105,0.12966889394058131,0.33751,0.13312500000000002,0.07465820000000002,0.42103,-0.7710088958661139,4.893591152213101,-0.41018,3.0692349999999995,-4.48924,3.383880000000001,0.16040097070580878,0.15049292437679032,0.12853,0.083567,0.05306,0.28023000000000003,0.09179561156824284,0.02550116439599798,0.088104,0.030092499999999994,0.06426939999999999,0.12615200000000001,-0.42469927821472564,0.05782060232195064,-0.42605,0.08085999999999999,-0.500032,-0.352612,1.1010291518999336,0.4393466405932408,0.99487,0.5239499999999999,0.633026,1.7462,-9.970200976025774,0.8782994198330374,-9.8358,1.1846499999999995,-11.363199999999999,-8.94828,548.9578447473726,267.1606816039123,509.155,346.20249999999993,254.25,878.38,1531.971030412165,408.37432447004016,1512.1,550.0999999999999,1022.5,2076.6,2422.9967344832667,464.94896536472885,2350.4,633.4000000000001,1915.21,3096.4,1
443,0.25689067602059,70131,18016,0.17339749759384027,0.2230528123704031,0.09,0.19,0.02,0.47,88.8907900928263,109.8586256660746,33.883090586381265,96.5,33.0,80.25,172.0,0.07490953024494894,0.037856862815374495,0.081654,0.04650350000000001,0.014550500000000001,0.11518500000000001,0.25013039100502327,0.12036932928130821,0.27194,0.14251500000000003,0.0609215,0.38103,-1.506905172404918,4.865170920615184,-1.7923499999999999,2.8651,-4.47475,2.6021,0.1510218077987844,0.18350713836473803,0.0832555,0.09781274999999999,0.041647,0.37466,0.08492711372924067,0.029155098890347484,0.0786905,0.037425,0.0538775,0.12774000000000002,-0.413889009991119,0.05951295474994084,-0.41735500000000003,0.08155250000000003,-0.48602,-0.34246,0.9415899461589698,0.5033025146205408,0.721085,0.5614000000000001,0.5234650000000001,1.73535,-9.99093377553286,1.1170536750525268,-9.85755,1.915474999999999,-11.553,-8.587900000000001,616.0020574855253,242.9249204309817,578.0,303.05249999999995,347.962,918.62,1583.2752100624623,403.32861720525534,1552.4,555.0,1091.0,2123.4900000000002,2497.9573615983572,433.7112108759592,2479.5,591.1749999999997,1961.41,3062.0,1
444,0.4605758151531107,131049,60358,0.1708890147225368,0.1701388485116448,0.12,0.19999999999999998,0.02,0.41,161.71050523086785,184.72969614632692,39.73870969749194,173.5,38.0,149.5,242.0,0.10195788487882551,0.0470823388239205,0.103285,0.048387500000000014,0.033303400000000004,0.15783,0.3913603760351056,0.15307722081144065,0.42773,0.15961999999999998,0.14145,0.54545,5.089689044071937,5.552280783140309,5.28785,6.289575,-0.19220299999999907,11.226,0.22088941825239736,0.1494048183408627,0.18869,0.12412749999999997,0.10111400000000001,0.37514600000000003,0.09858884786099605,0.029861129179163972,0.0960445,0.04052174999999998,0.0616869,0.13921,-0.355218447850492,0.07288192836840224,-0.3576,0.08871499999999993,-0.44708,-0.263397,1.3911272946419697,0.429517110834857,1.325,0.5523,0.910081,2.0051,-9.046877633453725,1.1669654166808752,-8.8809,1.589475000000002,-10.858,-7.6676,602.8958615620729,272.674095443551,557.75,309.345,307.29200000000003,945.69,1605.514509074805,432.9939692582359,1632.2,559.3999999999999,992.23,2154.5,2507.44916093367,457.8613398197646,2559.4,569.9000000000001,1857.4,3029.0,1
445,0.43181273693259487,70959,30641,0.21593375616631427,0.23754267859267042,0.14,0.23000000000000004,0.02,0.5220000000000005,119.98477994334756,126.29757514441435,32.955395349304126,114.5,26.5,98.0,184.5,0.0940518509553213,0.04144341368525789,0.099481,0.042873999999999995,0.031246,0.13945,0.3744406238696159,0.15719698989332467,0.42432,0.18523999999999996,0.11433,0.52605,2.996021828004928,5.421768175661456,3.7453,3.9248,-1.9643,7.8298,0.19938120828771908,0.15226873543451636,0.15607,0.09963000000000001,0.10006,0.36693,0.09301766907542182,0.02464405746682662,0.087806,0.028441999999999995,0.067711,0.12863,-0.4074168447504977,0.05914494049226007,-0.40814,0.07147999999999999,-0.48109,-0.33988,1.3638250429163539,0.3930095577117323,1.2843,0.42569999999999997,0.97472,1.9358,-9.644300323096505,1.0991238907173069,-9.411,1.810599999999999,-11.307,-8.3768,586.3378572866305,254.8231264808642,552.42,290.01,297.67,917.068,1563.982532807104,388.2582979248732,1547.0,497.5999999999999,1070.94,2073.7,2471.352384805131,439.644981534573,2390.6,582.1999999999998,1977.0,3091.86,1
446,0.4359375,99840,43524,0.1797027250206441,0.16498603144087365,0.13,0.2275,0.02,0.42,145.5528846153846,163.72306083999632,37.69303993730119,149.0,38.0,133.0,221.0,0.1216723888179857,0.053298404249100255,0.130165,0.06012849999999999,0.038303500000000004,0.18139,0.46299930422071506,0.20042423981120677,0.5075350000000001,0.25515,0.13612200000000002,0.684957,1.7795420134944169,5.969740725920082,1.3106499999999999,5.42884,-3.90239,9.051160000000003,0.30146398233030053,0.17731521232662809,0.26657,0.18402000000000002,0.135026,0.5252190000000008,0.11467602112581565,0.02496626150223635,0.11533,0.029774499999999995,0.0840017,0.14586,-0.4053899646241154,0.06388480902942992,-0.40895,0.0800325,-0.48752,-0.325163,1.5019679560702142,0.4354846956805938,1.4745,0.5864499999999999,0.963765,2.1015700000000006,-9.958506770976934,0.8645415850051736,-9.90045,1.3374500000000005,-11.148,-8.85643,584.3477850339794,270.6427597018449,537.435,401.225,292.35,962.41,1612.3018319868493,457.2750971100474,1647.9,634.7749999999999,992.0,2172.3500000000004,2548.3318155483835,481.38325051725093,2621.6,656.2000000000003,1862.5,3105.4,1
447,0.4625681161540431,82029,37944,0.20097457627118645,0.23766119282283552,0.12,0.23,0.02,0.49299999999999955,138.09750210291483,144.0301760489142,35.7951858299503,132.5,33.0,114.5,197.0,0.09164019206197581,0.04310294794515002,0.097437,0.05193824999999999,0.0263436,0.1394,0.28793516040717376,0.120565510012414,0.31096500000000005,0.11801249999999996,0.100023,0.4093410000000001,0.4447268731200453,5.45035144001461,0.0,3.455275,-3.93737,6.724080000000002,0.16805104476918617,0.16564195038911075,0.11371,0.10285275000000002,0.0625149,0.34375600000000034,0.09165284077783048,0.029518329107897368,0.08792649999999999,0.03924324999999999,0.057959,0.13286,-0.40105175838604257,0.059086565641637744,-0.40518,0.0725325,-0.47089,-0.32936299999999996,1.0321542069892473,0.46702394977253125,0.8711599999999999,0.5552225,0.5997990000000001,1.747,-9.68152456514864,1.0161982962726719,-9.49635,1.546125,-11.231,-8.4751,600.7561535824208,272.70113745677804,536.09,299.56499999999994,329.5,971.64,1598.792129219752,394.79219312626805,1573.1,514.55,1115.1,2128.9,2553.276652892055,403.2418136855695,2565.3,431.5999999999999,2025.5,3066.5,1
448,0.4722792438519691,121299,57287,0.21898700305810398,0.23840273114291413,0.13,0.26,0.02,0.52,129.39925308535106,134.2236371253513,33.05461291404607,126.0,33.0,103.5,181.0,0.11338954984350814,0.04865218520953861,0.12203,0.05670349999999999,0.036792200000000004,0.16823,0.3135259973655489,0.11643397657881087,0.34103,0.09815499999999999,0.13279400000000002,0.41528,0.4889242716271405,5.137596928993267,0.26945,4.234249999999999,-4.3582399999999994,5.89396,0.17479001069528866,0.14171957251125136,0.14295,0.083145,0.0814936,0.29033200000000003,0.0976487426101559,0.02522007547387657,0.095635,0.03070450000000001,0.069194,0.12986,-0.4122013210152391,0.06375644994720578,-0.41248,0.08396999999999999,-0.495684,-0.33450599999999997,1.1655161205858222,0.45762093271069665,1.0581,0.5829,0.678562,1.8151,-9.584024094471697,0.9711577193909479,-9.5309,1.3673000000000002,-10.975,-8.3588,589.2260357345585,282.169693651875,537.34,353.85,283.174,946.8740000000001,1573.5534719968039,437.40078266672634,1560.5,548.5999999999999,997.63,2142.1,2479.690630477665,456.29085553565557,2498.7,545.1999999999998,1896.76,3049.0,1
449,0.5945090269887053,102969,61216,0.2101476141434947,0.19115799441295755,0.16,0.21999999999999997,0.02,0.46,169.74040730705357,153.20824621014114,31.477895307510778,144.5,27.0,127.5,192.0,0.09880153042290414,0.04270085731837947,0.10137,0.039597250000000014,0.0360505,0.14637,0.38219413285296977,0.14836706810707495,0.39937500000000004,0.1325075,0.15054499999999998,0.5524899999999999,1.8104426010545773,5.262569288585542,1.1064500000000002,4.3411325000000005,-2.4005,8.105049999999999,0.19410979050184593,0.1456490069023835,0.15199,0.11758,0.091022,0.3503,0.09313901554707919,0.028084400127672174,0.08714949999999999,0.03715775,0.062646,0.133525,-0.4039294831253267,0.05998869814674233,-0.40406,0.07667250000000003,-0.48142,-0.3307,1.2252213930998435,0.4177881296390349,1.1008,0.5073975000000001,0.818905,1.8582,-9.41470345497909,1.0220998143928322,-9.3137,1.4184249999999992,-10.964500000000001,-8.1576,548.467225825996,241.47445887334203,508.48,230.03999999999996,309.51,836.0,1552.6176284801284,431.2715308097569,1564.9,584.8999999999999,997.56,2090.9,2522.2107150325905,474.6828113145934,2617.6,584.7000000000003,1855.2,3038.8,1
450,0.40800338767732375,127521,52029,0.17547723440134905,0.1673743768565006,0.13,0.21,0.02,0.4,139.5064342343614,152.30842414807128,36.027190298790025,142.0,34.5,120.0,203.0,0.0838139361739405,0.03794649846229758,0.086137,0.03546200000000001,0.0274916,0.12558400000000008,0.34792148525450045,0.144083750240479,0.38119,0.12989,0.117058,0.4876440000000001,3.254872579411674,5.22850056871317,3.6227,4.7427,-1.0118999999999998,8.427740000000004,0.18546053814549576,0.15287468294991652,0.14464,0.09027000000000002,0.0884478,0.33211,0.08643633299015932,0.0299911920087513,0.078992,0.03711600000000001,0.055489,0.13052,-0.39347384850371914,0.0643667806000439,-0.39562,0.08274999999999999,-0.473734,-0.3159,1.2447236262469006,0.3957980467274929,1.1485,0.43947,0.855362,1.816740000000001,-9.141620284841146,1.1820315813241038,-8.9096,1.650500000000001,-11.05,-7.78608,606.2732673606421,304.9305909795516,564.33,361.25,271.389,996.5779999999999,1560.4049407856505,457.9373530228269,1555.2,614.8,963.1030000000001,2165.2,2494.987619960105,482.45322914265546,2550.5,615.4000000000001,1830.5,3057.1,1
451,0.3862873299169465,118839,45906,0.16261424017003187,0.17292682403539622,0.1,0.2,0.02,0.4,142.52896776310806,163.23737637781554,37.896868500310255,152.0,39.5,129.0,215.5,0.1104652513818869,0.053770027900699124,0.11863,0.0639275,0.0232375,0.17168,0.36234545330562457,0.15963972281909336,0.38709,0.16604999999999998,0.10276,0.547885,2.263995497959308,5.422159158719069,1.82505,4.446275,-2.2768,8.458,0.20177347423199582,0.1640631335752586,0.15621000000000002,0.1403575,0.077707,0.38471,0.10178386509813359,0.028403770426007714,0.099791,0.03734825,0.06752,0.13952,-0.37094675341833316,0.07793208706545468,-0.37432,0.0922075,-0.46731,-0.27862,1.2752885265542628,0.44522047561272066,1.1812,0.5827500000000001,0.7866150000000001,1.9316,-9.387082980438286,1.2635912345896017,-9.2887,1.9411750000000012,-11.192,-7.8194,581.8401415958854,235.5425678231673,555.0,273.38000000000005,315.832,856.758,1599.8192443157425,425.5487172466908,1602.1,562.3,1028.6,2148.0,2528.753148502016,443.53268865684095,2568.7,545.8000000000002,1930.0,3049.9,1
452,0.29861321996153456,88911,26550,0.14733629300776915,0.20208652750360886,0.07,0.16,0.02,0.36,121.60475081823397,212.2218079096045,50.46089021759877,197.5,50.5,170.0,286.0,0.08530681436553597,0.04866200491654765,0.083044,0.05747825,0.018778000000000003,0.14964200000000002,0.3042472503370621,0.23623882584327055,0.325965,0.15069499999999997,0.08424040000000001,0.452241,4.304136524419285,6.273129073676541,3.9246,7.8589150000000005,-2.01295,12.068100000000001,0.23984440255815445,0.19075538422887212,0.186975,0.15691999999999998,0.09596160000000001,0.45191300000000006,0.1145589793205273,0.03870372207755603,0.12,0.06301099999999998,0.0583486,0.16189,-0.3453534782659133,0.06577467495845968,-0.35253999999999996,0.0828275,-0.42181,-0.25987,1.3203950964218456,0.47968726519685095,1.2152500000000002,0.6442475,0.793148,2.0503300000000007,-9.985928463276837,1.0738118337232456,-10.063500000000001,1.7906000000000013,-11.328,-8.52669,649.7602495359381,262.84383614516616,632.86,355.12,345.51,963.73,1611.480099337376,430.58404858483334,1618.3,590.2,1020.1800000000002,2151.9199999999996,2520.903202870996,450.3609619692423,2548.8,588.4000000000001,1927.5,3081.2,1
453,0.25531626316350353,103221,26354,0.12651944311089774,0.13153633699969805,0.08,0.13,0.02,0.29,121.08001278809543,95.40335432951355,26.413685007792328,86.0,15.5,76.5,136.5,0.0774256595889717,0.04338116003677311,0.0785515,0.05198075,0.008804580000000001,0.12913,0.29583172617921377,0.14440229617348901,0.333925,0.1595625,0.03588580000000001,0.43616,-0.8040519625719436,4.977967127316896,-0.82428,2.7964599999999997,-4.04934,3.6409300000000004,0.14382251695181375,0.14770020045155638,0.1027,0.08274925,0.0250925,0.2903450000000001,0.08626360478978523,0.03024900047291732,0.081911,0.040552500000000005,0.0523685,0.12831,-0.429077854139789,0.05671671936285645,-0.43384500000000004,0.079065,-0.49806,-0.358046,1.0505710480382484,0.45397728688038225,0.8899649999999999,0.52599,0.637279,1.7482,-10.341748106549291,0.8070296853184183,-10.346,1.1669,-11.419,-9.297030000000001,610.658728696301,311.6841725382098,551.88,364.32,255.51,1042.5,1572.56715149577,413.7781250856179,1550.5,496.8000000000002,1066.5,2134.3,2498.7362778730703,481.81219496658827,2452.2,662.7000000000003,1914.0,3158.4,1
454,0.30532651817582607,80409,24551,0.12017131669114049,0.12260718095571739,0.08,0.14,0.02,0.28,152.44562175875834,192.47849374770885,57.40225097110021,179.5,80.0,127.5,276.0,0.09204736034076005,0.055739476132741925,0.091846,0.07804049999999998,0.012924,0.16613,0.321166963698831,0.17633817982593566,0.34154,0.26090500000000005,0.05651,0.548,3.273155191659077,7.056147023609129,2.1537,7.7358199999999995,-3.8373,12.452,0.25997131377650606,0.20082952637032256,0.21945,0.2038,0.064149,0.49144,0.10648089845953321,0.032999110111840244,0.10676,0.0485545,0.063557,0.14928,-0.37403363020243574,0.06532821152317879,-0.37584,0.07529000000000002,-0.45365,-0.2985,1.4124891845546004,0.5263724452498862,1.3842,0.8002900000000001,0.7523,2.1794,-10.095669870881022,1.1352012594844088,-10.316,1.8011000000000017,-11.403,-8.5261,604.777963779077,247.17518971648116,572.19,327.29749999999996,323.874,928.3510000000001,1608.5441641995274,439.23853504137037,1633.0,609.2750000000001,1016.5,2171.5100000000007,2524.9897280756313,460.839561196154,2546.8,610.1999999999998,1891.9,3089.2100000000005,1
455,0.4409307160276656,75039,33087,0.16668513853904282,0.17946434180819407,0.11,0.19,0.02,0.4,158.71746691720307,174.31554689152838,43.865454513052576,161.0,51.5,133.5,238.5,0.08666572924454619,0.045155177268251974,0.088786,0.050362000000000004,0.022070600000000006,0.13879,0.3048141018255206,0.1398455268167624,0.32366,0.162615,0.091866,0.46657000000000015,2.4274705805376127,6.413914829056906,1.691,6.135800000000001,-3.44494,10.525,0.21035854148496388,0.19689701051614278,0.15188,0.146815,0.06918,0.4202040000000001,0.09171054769909631,0.03286880132178548,0.086923,0.04825,0.0530266,0.1376,-0.3747991460996766,0.07269070375542795,-0.3764,0.08975,-0.469714,-0.28157199999999993,1.2124232686553633,0.49052550571153036,1.0988,0.681025,0.671936,1.9427400000000001,-9.867519004442832,1.0202020254668414,-9.8551,1.5926500000000008,-11.251,-8.50878,588.1989338062349,263.13144542568506,544.305,330.12000000000006,308.2,918.4580000000002,1612.7595289207713,426.67638762119105,1607.0,570.5,1041.9,2166.13,2529.5899598655965,450.13213493515707,2553.4,551.5,1947.67,3074.23,1
456,0.43121594217675513,88269,38063,0.1415507623651915,0.13977167978409633,0.1,0.17,0.02,0.33,182.78217720830642,180.86585397892966,46.04575747877077,168.0,52.0,138.0,252.0,0.0942034220918267,0.04925024917741996,0.096127,0.05366699999999999,0.020183200000000005,0.154708,0.3562936758950162,0.16790617291876606,0.38841,0.22948999999999997,0.08557820000000001,0.5480960000000001,4.887198393413,7.122377256916658,5.0622,9.285555,-3.008799999999999,13.458600000000006,0.25048264757906896,0.17726328572845282,0.22373,0.164655,0.0845694,0.43414800000000003,0.0980050620447679,0.03117333825937487,0.093564,0.04379100000000001,0.0621954,0.14188,-0.40313142750177333,0.07006963941798473,-0.40342,0.08997500000000003,-0.49518,-0.31666,1.3948713120353098,0.4749088315898445,1.3521,0.66185,0.810894,2.0648800000000005,-9.568268814859575,1.1658091671938413,-9.3609,1.9822000000000006,-11.2708,-8.1679,568.1569422530263,264.15515625080417,532.755,342.4375,274.91,915.17,1563.5048383733056,445.3599223893942,1579.8,611.7,966.3470000000001,2114.5,2481.494089404724,477.77724524679365,2498.1,654.3000000000002,1859.6,3079.2,1
457,0.30161798173145865,96231,29025,0.1530854430379747,0.16318793067002504,0.09,0.16,0.02,0.38,118.21554384761667,111.64463393626184,30.96591959932268,100.0,25.0,87.0,169.0,0.0920782087273006,0.044449725775987575,0.10033,0.051581,0.019071400000000002,0.13979600000000003,0.3015831585273179,0.4053330791986485,0.32522,0.14393,0.07540580000000001,0.446596,-0.791934260967428,5.2719994338193,-0.83129,3.64262,-4.84158,4.763700000000001,0.16104380195131437,0.15858551633287626,0.10954,0.10365900000000002,0.0515814,0.34632400000000074,0.09259006183128339,0.02620478452644081,0.087435,0.02903900000000001,0.0657404,0.12948,-0.431664941498708,0.05681150653778697,-0.43472,0.07107000000000002,-0.500326,-0.3657,1.0526866277347116,0.4849464394189746,0.87772,0.6193000000000001,0.5985440000000001,1.8062,-9.880252440999138,0.9211554528353815,-9.7535,1.3910999999999998,-11.274,-8.7621,637.5361842732469,314.0109565361989,602.0,384.51,281.44,1036.5,1617.9586286069207,420.45686326434617,1595.5,557.1500000000001,1067.9,2169.7,2540.6952390226443,431.29876210439807,2507.5,536.9000000000001,2024.5,3120.3,1
458,0.4646786913900033,94971,44131,0.24287837094111173,0.27289762345862595,0.13,0.29000000000000004,0.03,0.62,114.79293679123101,199.5079989123292,50.652922836077025,184.5,58.0,151.0,277.0,0.08394452151121252,0.045407287980619555,0.085413,0.053424,0.021758,0.13952,0.32631716351031476,0.1327461008996983,0.33333,0.13631500000000002,0.14221,0.48897,3.7518531720445947,6.319625280378518,2.745,6.630580000000001,-1.6625,11.539,0.2259024421045795,0.19133425437342047,0.16963,0.17062999999999995,0.081032,0.44635,0.09646510373354332,0.034789950920635644,0.092674,0.0554515,0.055475,0.14481,-0.34465168337449864,0.07380763693269925,-0.34797,0.09541499999999997,-0.43898,-0.24734,1.445646386893567,0.6877173988610437,1.2594,1.2584650000000002,0.70183,2.4965,-8.822478625002832,1.161302213460541,-8.6277,1.5044499999999994,-10.72,-7.4783,598.7999842403103,242.23611285984168,564.25,271.4150000000001,351.05,882.75,1578.0450201277213,446.09286203705585,1594.0,617.0,992.0,2140.9399999999996,2545.318162265264,492.05436652581,2594.4,664.4000000000001,1852.0,3123.2,1
459,0.27393368817237385,97509,26711,0.1639717618170657,0.1697248028947005,0.11,0.18,0.02,0.38,100.23690120911915,107.91048631649882,29.43470909044911,96.0,12.5,88.5,167.0,0.0892735147018382,0.04173236022141813,0.095489,0.0452485,0.022359,0.1348,0.3294740928633447,0.15419815213828,0.35963,0.19144499999999998,0.082121,0.49598,0.5452164134243201,4.960960030659122,0.40363,3.8406499999999997,-3.4657,5.5723,0.18686739022294188,0.15703438489489852,0.14863,0.10082,0.073343,0.35304,0.08928848501123135,0.02549364885984354,0.082311,0.028925999999999993,0.065533,0.12646,-0.375624273512785,0.05370457514640601,-0.37548,0.06975000000000003,-0.44427,-0.30955,1.2354859829283815,0.4519665006070978,1.1418,0.585115,0.75058,1.9038,-10.268195294073601,0.787598238031376,-10.135,1.2451999999999988,-11.422,-9.3154,620.2680779576409,264.20935342460854,600.315,322.7725,315.14200000000005,926.09,1613.3486207502208,388.1068916953483,1585.6,490.97500000000014,1135.07,2115.5,2528.815527229401,424.30895941129063,2510.8,546.6999999999998,1989.2,3089.3,1
461,0.25724648755488994,98151,25249,0.1602093908629442,0.1792394941328204,0.09,0.16999999999999998,0.02,0.39,96.34135159091605,119.43948275179216,36.61067548209953,104.5,36.5,88.0,184.0,0.11955645536121115,0.061424245194457924,0.13275,0.092889,0.025036800000000005,0.19126400000000002,0.4034936586680066,0.19435150507957358,0.48826,0.32123,0.08944860000000002,0.59169,5.909568292877381,7.78515765496197,6.945,9.4613,-2.77002,14.417,0.27878424028556775,0.16817131186166062,0.25109,0.16144,0.112428,0.4781,0.10494567093152204,0.02247392030429822,0.10194,0.023848999999999995,0.0828286,0.13416,-0.3915432328607073,0.05442594227677497,-0.39257,0.06595000000000001,-0.46011,-0.32827,1.739233223890055,0.49676104465642745,1.7737,0.7037,1.0579,2.3954,-10.347652247613768,0.8500097934621352,-10.369,1.3145000000000007,-11.439,-9.2006,653.9503567062732,268.8428960130014,642.25,330.97,332.26099999999997,979.2850000000004,1609.5760560265765,417.7595385388775,1584.0,584.9000000000001,1087.3,2164.0900000000006,2524.138284963111,457.37437227377893,2498.3,631.1000000000004,1975.01,3128.9,1
462,0.4858460263185162,96510,46889,0.18159953524399688,0.16527714667429727,0.14,0.21000000000000002,0.02,0.4,160.52222567609573,178.06999509479834,47.627844296235864,165.5,56.5,130.5,253.0,0.0780023526372115,0.0380223522082398,0.079385,0.032648,0.022667,0.11945200000000004,0.3266404450093114,0.14622796297104063,0.34043,0.16175999999999996,0.103338,0.50228,1.6328482334426837,5.991744122588749,0.91241,5.787999999999999,-4.11306,8.971140000000004,0.2085892051084711,0.1799020750403241,0.16334,0.14269,0.0688948,0.3909940000000001,0.08187709916837638,0.03578114449667663,0.069923,0.051677,0.0459868,0.13673,-0.3401988946447994,0.07751746106863404,-0.34394,0.09373999999999999,-0.437906,-0.24019399999999985,1.1312136063895584,0.44031037031859166,1.0213,0.5399200000000001,0.676846,1.7663200000000003,-9.243282418051141,1.144742143407298,-9.1231,1.6861000000000015,-10.964,-7.8205,564.6637735921627,237.653872105266,518.525,312.52250000000004,314.05,869.7020000000001,1607.8373982998135,443.1916789556296,1646.2,597.5999999999999,960.998,2146.6,2491.5652198838893,455.31145780245157,2559.2,604.2000000000003,1873.29,3003.9,1
463,0.3771460063017408,83469,31480,0.19078787878787878,0.2047792244398028,0.12,0.22,0.02,0.46,118.60690795385113,142.0620711562897,35.84513169321899,128.5,38.125,111.0,200.0,0.09575796508397713,0.04775236251706918,0.098808,0.052046499999999996,0.0263014,0.15122100000000002,0.35390682400653434,0.23322042355003597,0.4037,0.18664000000000003,0.10294,0.5004230000000001,2.979562846619441,5.717603507501818,3.2087,4.6513425,-1.9549299999999998,8.62723,0.19996760132567662,0.1668215498078825,0.14789,0.11022500000000002,0.0928503,0.38985500000000006,0.09297720798723,0.027314812417237662,0.087543,0.036445249999999985,0.06367070000000001,0.13123100000000004,-0.4037495918043202,0.062449905641367584,-0.40344,0.07848500000000003,-0.484581,-0.3306059999999999,1.3360263335451081,0.42790775137608666,1.2291,0.5114999999999998,0.915789,1.9797,-9.665272811308768,1.0995754474727297,-9.463,1.8978000000000002,-11.305,-8.33169,636.1277348710389,263.85234260925324,617.945,348.605,313.0,944.79,1632.2371179107342,411.4537584525122,1642.7,524.8999999999999,1094.1,2159.7,2572.2377182511145,439.40604910352823,2591.8,529.7000000000003,1983.8,3122.1499999999996,1
464,0.39073354347094286,98031,38304,0.1723076923076923,0.14861735161577616,0.14,0.18,0.02,0.37,136.05900174434618,106.515677213868,24.6672375741658,99.0,16.5,88.0,133.5,0.0865539314820567,0.036855689569554415,0.093722,0.03133575000000001,0.023179500000000002,0.12335700000000004,0.32467408385351393,0.18481308799825283,0.36167,0.08636500000000003,0.10148200000000002,0.43285,-0.9875562080175438,4.2864316609447055,-1.18175,2.8948199999999997,-4.36648,3.0780700000000047,0.15911790097213085,0.12501732335281346,0.13765,0.07627274999999999,0.07140300000000001,0.26064500000000024,0.08695660110719508,0.02553953168369431,0.078933,0.024693000000000007,0.06484820000000001,0.12491700000000004,-0.398638133302005,0.0607398512271642,-0.39572,0.08366250000000003,-0.48139,-0.32478,1.0286672120405183,0.4130702443331087,0.86529,0.37000749999999993,0.704063,1.6835700000000005,-9.458247263993316,1.080241889842512,-9.2484,1.5295249999999996,-11.197,-8.2008,566.680066876537,299.2858538366476,499.73,366.00000000000006,262.5,958.3920000000003,1541.8666047940242,447.57884699382777,1540.1,575.5,962.286,2127.5,2481.750170311336,463.5633975060112,2498.3,538.6000000000004,1872.56,3079.540000000001,1
465,0.5229155922296717,116340,60836,0.2607629661380197,0.2857782344406493,0.16,0.32,0.02,0.64,120.31975244971635,118.86256492866066,26.971073719166988,111.0,24.5,96.0,155.5,0.08159279617094468,0.040322872816865425,0.08189199999999999,0.04493525,0.023915,0.132175,0.32019935664570814,0.13716728693329797,0.33722,0.14854500000000004,0.114185,0.47181,0.1871434461323476,4.8307953781781565,0.0,3.3912,-3.47155,5.07945,0.1626204824836429,0.14442240161719472,0.12160499999999999,0.10100925,0.062491500000000005,0.29895499999999997,0.08319285605233745,0.030782783145460936,0.078523,0.046415250000000005,0.047925,0.124355,-0.40068552513314487,0.06101482300967427,-0.40315,0.07884249999999998,-0.477005,-0.32305,1.0637682827602077,0.4534878817046424,0.93094,0.5339425,0.61998,1.7414,-8.92851777565915,1.1644846955463903,-8.7644,1.4510750000000012,-10.835,-7.56245,556.8562099736786,266.93193590746137,514.63,272.75,281.11,882.4460000000001,1555.8052115641854,385.9720805030761,1534.9,482.3000000000002,1076.5,2070.0,2479.7202310248117,412.22401586201084,2427.2,458.39999999999964,2016.3,3044.1,1
466,0.46275478611690957,156651,72491,0.19698641304347825,0.1907534256064934,0.14,0.24999999999999997,0.02,0.46,140.95026523928988,174.98367383537266,34.13820171401283,166.0,23.0,150.0,215.5,0.10607878353555476,0.04908004351269835,0.10641,0.053619500000000014,0.035732,0.16698,0.3550112240918141,0.13593646848494018,0.37978,0.13072,0.14404,0.49317,4.022627387430522,5.638675049928632,3.7416,6.91061,-1.909,11.319,0.19712141723059137,0.14816622945627192,0.15901,0.10266499999999999,0.095931,0.34694,0.10456292508518297,0.02986850895445657,0.10388,0.0430185,0.066507,0.14393,-0.3771370657053979,0.07182710232471227,-0.37964,0.08916000000000002,-0.47015,-0.29026,1.2650347196203666,0.4266115253307026,1.1688,0.5429400000000001,0.8182,1.8883,-9.90658424356127,0.8909551267821358,-9.8566,1.3446999999999996,-11.114,-8.81,612.656142631937,250.392300471668,599.0,323.86,321.7,901.2340000000003,1631.4550428129453,396.55313342316595,1632.3,460.29999999999995,1107.1,2136.8,2621.69499903719,433.503447164508,2685.55,528.5,2009.7,3105.3,1
467,0.2033739362922615,100239,20386,0.13709482178883658,0.1560211598045074,0.07,0.16,0.02,0.35,89.00727261844193,85.65907976062003,19.951922868537768,79.0,14.0,71.0,114.5,0.08533502070764397,0.04299598091435346,0.0954415,0.0533915,0.008718050000000001,0.130255,0.30385614609733147,0.14610894544150843,0.33416500000000005,0.1380675,0.0365155,0.45174499999999995,-1.6430289686112578,4.485770993877609,-1.566,2.9268,-4.140549999999999,1.7236,0.1352783620180369,0.14551119217380865,0.10230500000000001,0.07004274999999999,0.0297415,0.237575,0.08583008192048465,0.025623530021431487,0.0820395,0.02449949999999998,0.060865,0.119565,-0.41826720298243897,0.05441236662812674,-0.419485,0.07290749999999996,-0.4867,-0.349085,0.982931209653684,0.4190942851315804,0.84613,0.4263499999999999,0.618505,1.6184500000000002,-9.621503968409693,0.955129122132961,-9.5063,1.1725999999999992,-11.112,-8.49175,632.4495401017878,275.2397502100609,612.7,337.91999999999996,301.638,963.94,1614.813266244391,409.09719821068524,1585.9,546.5,1108.68,2175.5,2525.521818528594,426.4128150945847,2472.4,568.3500000000004,2037.48,3100.3,1
468,0.390972643406646,93981,36744,0.1910764430577223,0.19670805036646524,0.13,0.23500000000000001,0.02,0.45,122.76949596194976,123.63030698889615,29.879168762624293,114.0,24.0,100.0,172.0,0.09297001421347975,0.0396845023696344,0.099041,0.0402575,0.033194,0.13385,0.3394181076187949,0.1336892987904045,0.37587499999999996,0.11327999999999999,0.121653,0.4636,1.8182938509713151,5.042514584076044,1.5521500000000001,3.51698725,-1.53545,6.941340000000001,0.16322127785992271,0.1420348952702721,0.12314,0.067505,0.0812528,0.29581100000000016,0.09244045299050184,0.025870607425712032,0.089059,0.032575250000000014,0.0631056,0.1275840000000001,-0.4238782633082952,0.05485147888650125,-0.42826,0.07018250000000004,-0.48972,-0.35599599999999987,1.1664327797735685,0.4062819855288429,1.0322,0.4286374999999999,0.799459,1.7746,-9.539441478880907,0.9559556758454579,-9.3237,1.2289499999999993,-11.132,-8.48313,635.1960068234793,282.26953970020895,597.53,345.945,304.31,988.25,1619.661986376457,396.67335259106994,1609.8,501.70000000000005,1127.74,2133.6,2537.6699866957583,426.9525878835914,2552.5,515.6499999999996,1973.54,3077.6,1
469,0.395103808839063,112659,44512,0.1984485064645564,0.20095625252000038,0.12,0.21000000000000002,0.03,0.49,119.45783292945971,192.12214683680804,40.292817062594295,180.0,40.0,157.5,251.0,0.09085147349096853,0.04379192944774321,0.0865155,0.044193750000000004,0.041226500000000006,0.14637,0.37672672586308864,0.15311542803389946,0.386295,0.173645,0.162372,0.56481,3.919025039919223,7.294348463073422,2.6209,8.6334575,-3.81113,13.083800000000002,0.24980692993617487,0.15707662823225296,0.22955,0.1509125,0.10815,0.4024140000000001,0.08524558495983106,0.033751480557453625,0.0785885,0.049555,0.046939,0.13369,-0.365630230589504,0.07549684126978325,-0.369355,0.09399249999999998,-0.46229899999999996,-0.267123,1.2866918994877785,0.45544061895709437,1.1653,0.613305,0.81355,1.98429,-9.397394354331416,1.0726184659078573,-9.34295,1.4937999999999985,-10.955,-8.04811,564.2726035413244,242.0063535540283,530.055,348.79999999999995,303.64099999999996,875.4450000000005,1504.8351631366527,474.4897347599027,1521.7,675.625,835.31,2115.3,2426.192468926352,521.3910589722216,2473.5,696.6999999999998,1709.6,3043.390000000001,1
470,0.45879779361739986,95541,43834,0.21721506442021804,0.21097812307270927,0.15,0.24,0.03,0.5029999999999996,126.73093226991554,207.5620408815075,44.557688442602775,198.0,57.0,161.0,269.5,0.12323905467373271,0.047949125990854435,0.126105,0.048417500000000016,0.0567577,0.17804,0.41710992872620567,0.14162562881601598,0.43993499999999996,0.13473499999999994,0.219433,0.56471,6.542611919930419,6.309890807254054,6.200200000000001,7.5252,0.0,13.747,0.24842355738464206,0.1415041386466529,0.22855,0.14211,0.12049,0.39872700000000005,0.10921298430099922,0.027244978036918204,0.10664,0.03803324999999999,0.0763865,0.14635,-0.35940744182597983,0.07625988283567828,-0.36037,0.09721750000000001,-0.45908699999999997,-0.26152199999999987,1.4777283252726194,0.4268853106786067,1.4284,0.583,0.990563,2.080840000000001,-8.606922217913034,1.5228757975365668,-8.1912,2.250725,-11.119,-6.90803,577.5156435407958,287.36490188389547,519.16,363.67,287.38,950.4660000000002,1557.8903594705862,460.8812754066151,1577.9,648.2,938.77,2140.5,2497.626200393796,497.3127366644601,2562.1,682.0999999999999,1791.3,3086.4,1
471,0.45768654991912067,99531,45554,0.21002305209774091,0.23724803318870966,0.12,0.24999999999999997,0.02,0.52,130.75323266118093,108.53469508714932,28.676558479766435,100.5,26.0,83.5,150.5,0.10597220353471264,0.04593875745837729,0.11111499999999999,0.047784499999999994,0.03544900000000001,0.15774,0.3537291639321684,0.13705152498045986,0.38425,0.09325499999999998,0.13198400000000002,0.47627700000000006,0.5455395880378013,5.156400355705784,0.22997499999999998,4.0073,-3.7370999999999994,5.921910000000015,0.18497029301511833,0.13905339609363984,0.1534,0.08366500000000002,0.0900503,0.3186310000000001,0.08982795334181412,0.02341846166078619,0.0854355,0.02169874999999999,0.0674256,0.12163700000000004,-0.39644637643236597,0.05279438814053566,-0.39490499999999995,0.06596750000000001,-0.46465,-0.33472,1.2380391076524564,0.4451178371645782,1.12955,0.5031650000000001,0.785401,1.9101700000000004,-9.758325887957149,0.9847261374322321,-9.6342,1.3667249999999989,-11.292,-8.557329999999999,577.1269858126237,275.33809510457354,540.68,301.32500000000005,270.1,909.9,1558.9054671945817,415.51682267351595,1517.2,528.5999999999999,1051.4,2128.7,2527.280345388952,413.07184753365595,2508.2,431.89999999999964,2026.3,3064.3,1
472,0.33799557032115174,90300,30521,0.14423913043478262,0.17107835871440863,0.08,0.15,0.02,0.36,140.59800664451828,226.78290357458798,53.569152422373094,214.0,65.0,172.5,301.5,0.08388862992462566,0.056103393811563686,0.085883,0.085607,0.0074261,0.15791,0.28573202481865273,0.15190684095353002,0.31064,0.22435,0.044002,0.46647,7.792693812572327,7.262642033023575,8.2437,8.902999999999999,0.0,15.733,0.3039369571407654,0.3007580846951396,0.21399,0.16312000000000001,0.10822,0.63131,0.11790452085383835,0.035235101733790616,0.11753,0.05354400000000001,0.0719,0.16438,-0.3473377493496281,0.06823304738952177,-0.35109,0.07639000000000001,-0.4297,-0.26178,1.4955862311195571,0.47255341502604303,1.4558,0.6367999999999998,0.91616,2.1726,-9.461089037056453,1.2374444735516081,-9.2156,2.0648,-11.349,-7.967,642.8972634747726,262.72996008316596,638.68,352.095,299.488,954.6719999999998,1619.5112618712528,465.145885288033,1629.9,628.6000000000001,981.92,2222.4,2563.4472124026197,476.0353264279928,2591.0,631.2000000000003,1934.0,3134.8199999999997,1
473,0.272824436069078,53331,14550,0.11752827140549273,0.11714163206669022,0.08,0.13,0.02,0.27,139.28109354784274,198.87209621993128,55.80890380320893,182.5,79.0,144.0,287.0,0.08503189962755532,0.051515141076234866,0.085956,0.07237725,0.012428200000000004,0.15103,0.28418337032618557,0.15097449460097692,0.31114,0.21641000000000002,0.0526777,0.458684,2.5839594947742954,6.651175414954954,1.3258,7.0138925,-4.387169999999999,11.423200000000001,0.25160359314295533,0.21089097906078433,0.1966,0.1995075,0.0731937,0.4930320000000001,0.10495426838529896,0.03266554972351585,0.10375,0.05018775,0.063897,0.14879,-0.35145869573883165,0.05662669525136289,-0.35191,0.06288499999999997,-0.417431,-0.28257899999999997,1.349583673539519,0.5152666932099087,1.2797,0.7882625000000002,0.751347,2.10971,-10.287378756013746,1.3116126338775935,-10.8605,2.2184749999999998,-11.602,-8.20582,627.2783234582489,269.1031242490883,606.27,334.9725,313.21500000000003,949.13,1593.4190374371672,440.8797723746736,1587.1,579.7249999999999,988.425,2167.75,2518.12215113662,461.97008367068474,2541.7,611.2249999999999,1908.3,3094.6,1
474,0.4070779283796461,92739,37752,0.18132564841498558,0.1915482964186599,0.12,0.21,0.02,0.43,134.70061139326498,124.55134827293918,33.17507044594435,112.0,28.0,99.0,181.0,0.08089741031938016,0.04108879477837112,0.0829785,0.04242150000000001,0.021989700000000004,0.12698,0.2909545983006675,0.12972118882450784,0.31496,0.128585,0.08879950000000002,0.432087,-0.3102086645002119,5.533435048130518,-0.8515999999999999,3.3297499999999998,-4.329579999999999,6.00328,0.1674335593914203,0.1692798354687149,0.107765,0.11734175,0.057297600000000004,0.36518600000000007,0.08551832590856114,0.03022791141124721,0.079423,0.03973674999999999,0.0530772,0.12846900000000003,-0.38168658349358975,0.06278191937009653,-0.38241,0.08216000000000001,-0.46213899999999997,-0.30311199999999994,1.0595317908984956,0.5288480477929391,0.8508549999999999,0.7303875,0.576531,1.8956700000000004,-9.244295944585717,1.2029644641845105,-9.00525,1.687800000000001,-11.164,-7.83962,623.4311487469201,289.4355664089229,563.0,347.78000000000003,314.97,1001.0800000000003,1595.0238473728198,414.1667422541828,1567.0,548.3999999999999,1072.5400000000002,2129.3800000000006,2547.4928890842584,426.4970787206325,2560.3,535.2999999999997,1998.0,3097.8,1
475,0.3082136957373252,58719,18098,0.14051242236024847,0.13563990794855937,0.1,0.16,0.02,0.32,131.60987074030552,135.8583821416731,39.83040286027465,118.5,58.5,100.0,197.5,0.06682602609550006,0.0360935757497475,0.0727855,0.043161750000000006,0.011850100000000002,0.101953,0.24066896799235274,0.12047856034031172,0.2733,0.16723249999999998,0.05259780000000001,0.3694600000000001,-0.8884729400122666,5.93169302256935,-0.49406,3.354175,-7.26524,4.938370000000003,0.19462043546360372,0.21936423901001362,0.096512,0.186124,0.050442600000000004,0.49352300000000004,0.08312823960857554,0.034088312658084804,0.071059,0.0522945,0.0491647,0.13404600000000003,-0.3799861905409438,0.05985986400378327,-0.38184,0.06834000000000001,-0.45136299999999996,-0.31419099999999994,1.0554591628909273,0.5297819405826327,0.841485,0.7612349999999999,0.555323,1.8795500000000005,-10.039297275942094,1.0990607761093272,-9.82405,2.0481999999999996,-11.511,-8.66204,625.5909257397408,240.18755122309884,603.44,303.06499999999994,338.54600000000005,910.0920000000001,1624.24290632506,405.7340850720438,1620.5,550.0500000000002,1109.0,2161.1800000000003,2537.7520828577753,443.1003321309781,2534.5,572.0999999999999,1975.5400000000002,3114.4,1
476,0.2918576192118793,60879,17768,0.14733001658374792,0.16244913135025008,0.09,0.15,0.02,0.37,118.85871975558075,135.82989081494821,41.298383202534865,119.0,62.5,97.0,202.5,0.0765401871916479,0.04839529015658407,0.071375,0.07014575,0.015092000000000001,0.13976,0.2838911316960378,0.15587829938254474,0.28935,0.24152500000000002,0.0610262,0.4716740000000002,1.6626252859338697,6.16653240195278,1.62405,4.744755,-4.537599999999999,8.324710000000001,0.2161690090933363,0.18268872419285245,0.16164499999999998,0.14440999999999998,0.07502260000000001,0.4447430000000001,0.10204274119371906,0.02950985091338006,0.099846,0.04142825,0.066667,0.14208300000000001,-0.4047869297050878,0.06507223747416518,-0.406285,0.08820500000000003,-0.489475,-0.32683,1.491949963980189,0.6404829777194183,1.3995,0.9998250000000002,0.75072,2.4965,-10.594937865826205,0.8246718575952395,-10.692,1.3138249999999996,-11.593,-9.46982,635.5536051044884,290.4042995090994,578.0,339.0,328.0,1024.3300000000004,1629.7370414667807,403.2508654986409,1601.8,519.7249999999999,1124.7,2177.2600000000007,2570.817201320891,430.880514895013,2578.3500000000004,534.9250000000002,2025.6,3121.2,1
477,0.46278621354543265,124470,57603,0.15463892617449665,0.15667007985251857,0.1,0.19,0.02,0.38,179.56134008194744,190.55078728538444,43.00262174972683,179.5,41.0,156.10000000000036,251.0,0.08248207480325903,0.045637518003703414,0.080507,0.044631000000000004,0.018023,0.13994800000000002,0.325840635759483,0.14623536225725406,0.34467,0.16324500000000003,0.08941220000000002,0.49914600000000003,4.424906749194608,6.014936265564247,4.2241,6.716695,-1.1875799999999996,11.544800000000002,0.21683872881940175,0.1825481482132903,0.17147,0.15074999999999997,0.08041380000000001,0.39816200000000024,0.08934872537353958,0.036145884169100105,0.083193,0.0550365,0.0475896,0.14144,-0.32984356084203603,0.0806784122404877,-0.33481,0.10166499999999995,-0.42806,-0.22680199999999998,1.2489002239466696,0.4529216902048671,1.1519,0.621955,0.750534,1.9096,-9.422849118969499,1.1809365841513562,-9.3035,1.7964000000000002,-11.16,-7.951319999999999,626.1397393645398,236.9184237382726,602.84,295.3424999999999,345.23,920.705,1642.7277206707543,429.22514472853806,1659.85,565.4000000000001,1048.95,2175.2,2567.3270325130525,461.17448329862685,2613.4,624.3000000000002,1939.3,3101.2,1
478,0.36194870808899715,93621,33886,0.15458941605839416,0.17113595151977484,0.09,0.18,0.02,0.39,140.48130227192615,222.3436817564776,51.576814390110265,208.0,59.0,174.0,295.5,0.08772696779829724,0.048546235340646136,0.0820095,0.0477045,0.0218315,0.15295,0.34149922359620494,0.14951161101938754,0.35857,0.1586325,0.100685,0.5187550000000001,4.151804605563803,6.371615564637519,3.2750000000000004,7.441479999999999,-1.7182499999999998,12.164,0.22310645422514014,0.18285562039547476,0.17507,0.16176249999999998,0.084299,0.41700000000000004,0.0939558843637992,0.03772175309916716,0.0894025,0.061306,0.048658999999999994,0.14748,-0.24857054244879892,0.10078502110557853,-0.25008,0.15136250000000004,-0.371905,-0.11324999999999999,1.2541483907808533,0.48325220935771235,1.1445500000000002,0.6967424999999999,0.72721,1.9793500000000002,-9.204601174526353,1.4059231797589016,-8.9682,2.2013499999999997,-11.346,-7.4931,661.8095214531222,249.28792412157142,646.88,308.39,350.05,976.05,1624.4594420410065,426.6376697425077,1630.9,572.8999999999999,1056.8,2161.3,2544.479807869542,497.1534497415598,2550.5,705.5,1885.28,3193.9,1
479,0.20001977131182655,91041,18210,0.11635782747603836,0.1217078669061521,0.07,0.13,0.02,0.27,103.14034336178206,126.19546952224053,45.276187337564394,101.0,75.5,88.5,196.0,0.08860370466358045,0.0598262349003691,0.0823235,0.07944875000000001,0.008910700000000006,0.17266200000000004,0.30805941156984074,0.18078826272919066,0.338115,0.2953325,0.03211920000000001,0.536581,2.729400601438001,7.211605021805473,3.53445,6.9931,-6.2739199999999995,10.339100000000002,0.24826470555808344,0.1950780682576214,0.19933,0.19935999999999998,0.03825900000000001,0.49573100000000003,0.11240099282910489,0.028379402182885045,0.11277,0.03855024999999998,0.0770333,0.1482,-0.41172714744645794,0.06462056662023064,-0.41412,0.08656749999999996,-0.493865,-0.3338739999999999,1.5593130801757276,0.49192149818104275,1.5101499999999999,0.67225,0.9527460000000001,2.3048,-10.625374030752333,0.7696278805258127,-10.6965,1.2772249999999996,-11.591,-9.55949,642.8459985574599,256.48542682042887,610.8,282.9750000000001,349.659,962.3460000000003,1616.9455375741593,404.1726058594226,1614.35,555.2,1093.79,2136.7,2534.620195012085,433.62290904065054,2501.7,584.8000000000002,2007.5,3111.9,1
480,0.3253514456342193,86571,28166,0.16865868263473055,0.19825586119070515,0.1,0.18,0.02,0.42,115.74314724330317,112.31621458496059,32.26145661512728,101.0,32.5,84.0,169.0,0.059751333582358866,0.03271618406916345,0.059244,0.028817749999999996,0.01301,0.0954695,0.2926719213660087,0.13998269509872385,0.326625,0.16079000000000002,0.066954,0.43137,-0.712642051127455,5.0722129662396425,-0.733295,2.789735,-3.9891,4.322150000000001,0.16378745462842434,0.16952292992037968,0.1062,0.10821125000000001,0.0558785,0.35233000000000003,0.07365213610832208,0.03394365796164921,0.0615755,0.0426335,0.040901,0.12674000000000002,-0.36900758933465877,0.05885864194840719,-0.366035,0.07534499999999994,-0.446795,-0.29886,1.04255876588795,0.4561198569083464,0.85875,0.5446525,0.64401,1.74255,-9.097338123979267,1.438644600171737,-8.775,2.3339000000000008,-11.348,-7.4182500000000005,639.5353344879779,290.0219415858182,611.53,358.59000000000003,307.16600000000005,992.0,1632.853777975482,400.5007854829477,1618.0,502.29999999999995,1127.88,2165.2,2545.3795739985444,411.23244827704156,2558.5,478.7000000000003,2022.38,3076.4,1
481,0.3715637008572273,111639,41481,0.14704360155973062,0.18005212490875372,0.08,0.17,0.02,0.36,151.61368339021308,134.898387213423,36.38236682585042,125.5,31.5,104.5,188.0,0.06501405517052869,0.03356990258590527,0.067601,0.030210999999999995,0.014751,0.097638,0.26171606502127237,0.12366937997426689,0.27542,0.12551,0.069289,0.39994,-0.6731952160785419,5.513016226783182,-0.63882,3.7066,-5.2966,4.9814,0.16367893817169066,0.1766293943294025,0.10145,0.11602299999999999,0.049082,0.3713,0.0729593335056291,0.034560913071580004,0.058605,0.04361,0.042942,0.12767,-0.36991616799498567,0.06346372816817901,-0.36823,0.07788,-0.45211,-0.2944,0.9992293358405052,0.5039878548300307,0.80026,0.6571400000000001,0.54004,1.7802,-9.158463580916564,1.2353979776042514,-8.9639,1.7429000000000006,-11.098,-7.6894,589.5250736728012,276.3623994581006,547.0,348.96750000000003,297.0,935.94,1584.1442765394788,401.8057010580558,1570.5,504.0,1075.3,2117.6,2520.865073758253,416.54898025193654,2545.5,441.375,1963.53,3027.87,1
482,0.34988861738353894,101901,35654,0.16009878760664573,0.1643637339269571,0.1,0.18,0.02,0.39,131.12727058615715,120.83539013855388,27.411639153661895,111.0,22.0,100.0,166.0,0.09747918820449879,0.0469753900747676,0.0986225,0.0483715,0.027971700000000002,0.154007,0.3646380924568632,0.1479020595844624,0.40826,0.13076,0.10916200000000001,0.5018670000000001,6.220778275953596,6.718533359669508,6.55395,6.353350000000001,0.0,13.539500000000004,0.19181597182691984,0.14123395356626023,0.16297,0.09628500000000001,0.0947477,0.31798600000000005,0.09212309005051326,0.026522779941460094,0.0889185,0.03310425,0.0627076,0.12799,-0.4092060082672351,0.05974058050425019,-0.41301,0.0795825,-0.482767,-0.33369,1.4375868887081393,0.42937329409854846,1.3478500000000002,0.5548750000000002,0.981174,2.0946,-9.684116169293766,0.977837106862258,-9.5329,1.3695749999999993,-11.226,-8.510330000000002,617.1050850875212,299.8853630740092,583.22,354.40000000000003,241.78,986.16,1601.1444557779719,418.61601735268465,1597.1,505.29999999999995,1066.9,2143.6,2553.951722936158,432.85509633534554,2602.1,478.1999999999998,1971.5,3053.3,1
483,0.36122155217785556,157701,56965,0.17495393120393118,0.19625626415273825,0.1,0.22,0.02,0.43,123.88000076093367,162.4400947950496,39.86111020963327,150.0,45.0,128.0,218.5,0.07684223285142687,0.04103942167246157,0.074752,0.03598,0.021653600000000002,0.12387,0.29853065671340656,0.13218281263071677,0.31395,0.13699999999999998,0.0952926,0.450686,2.488261661559677,6.014637406048016,1.6595,5.22985,-2.5490999999999997,9.881739999999999,0.19134177472616,0.1749184092062779,0.14017,0.130987,0.06806380000000001,0.373202,0.08294410475958922,0.034386256779155334,0.074419,0.051074,0.0460478,0.13355599999999998,-0.36656883454752914,0.06726983081288156,-0.36453,0.08565999999999996,-0.45639,-0.285854,1.1479048022469938,0.4736661280365646,0.99958,0.61987,0.674496,1.8715,-9.20425260071974,1.1764450762759926,-8.999,1.7219999999999995,-11.041599999999999,-7.8129,619.3994159271713,268.8981258639669,602.975,321.0375000000001,313.0,919.1120000000001,1608.1427837975004,414.474046756934,1603.6,502.5999999999999,1057.2,2135.4,2545.4383650320374,450.0223687620155,2581.7,552.5999999999999,1933.6,3092.2,1
484,0.41963254276788314,99549,41774,0.20074002883229217,0.19601981428005794,0.14,0.23000000000000004,0.02,0.48,125.4256697706657,191.20987935079236,38.93131556550136,179.0,38.0,158.0,247.5,0.11807663843213961,0.049894234176480326,0.11979,0.04984799999999999,0.045018,0.1775,0.37881855225231004,0.13225550671752948,0.40595499999999995,0.10148749999999995,0.168846,0.506657,4.8243923898949825,5.8719752535127245,4.20975,6.030625000000001,-0.19280599999999992,11.976100000000013,0.20952918989977498,0.15057947184594989,0.17173,0.10112750000000001,0.10979900000000001,0.34800600000000037,0.10462932221056158,0.026923802895346738,0.10148,0.036300499999999986,0.07361720000000001,0.14127400000000007,-0.35020798894048927,0.06660115654903127,-0.34945,0.0881575,-0.438484,-0.26674299999999995,1.3955106839182265,0.412571049384819,1.3243,0.5084,0.948848,1.9908100000000013,-9.691679609326377,0.9511446273304921,-9.5707,1.4491999999999994,-11.091,-8.5281,605.3826327888954,237.21566000807812,577.34,316.90000000000003,331.81,891.0,1634.591641153471,424.6876460722038,1656.0,553.5999999999999,1047.0,2148.8,2589.711502045411,478.71653965587865,2634.2,703.7000000000003,1950.2,3163.7,1
485,0.3279741164758586,60270,19767,0.15601420678768746,0.16754735631913925,0.1,0.16999999999999998,0.02,0.3840000000000009,126.13240418118467,150.6774422016492,38.938610047479756,133.0,48.5,118.0,219.0,0.07058131360039206,0.047874232750851974,0.076368,0.080802,0.00415274,0.12830600000000006,0.28816672712627106,0.17821784642756405,0.31716,0.324245,0.03451800000000001,0.493308,2.946915168207113,5.904530702861892,3.1424,5.811490500000001,-3.1549,9.490420000000002,0.29380996365083223,0.2944607069170224,0.19274,0.18829999999999997,0.08908660000000002,0.6550360000000001,0.09921635133808875,0.03136347274375376,0.093882,0.043520500000000004,0.0633182,0.14443,-0.3710668656346436,0.05182539833043952,-0.36858,0.06139,-0.439662,-0.311726,1.3737177948095312,0.4307281938950435,1.3051,0.5405500000000003,0.907348,1.99604,-9.981065280518035,1.0859108999805256,-9.6873,2.0768000000000004,-11.5304,-8.70046,634.2954293611019,248.2882814405944,605.775,297.9649999999999,348.997,945.0,1600.1882827746433,407.03686598252165,1564.6,526.4000000000001,1091.6,2144.5099999999998,2587.3375307002984,445.3918852880695,2611.3,577.6999999999998,2003.1,3140.1,1
486,0.3681572351932463,68229,25119,0.15223636363636364,0.16065103875619208,0.1,0.18,0.02,0.36,145.0995910829706,165.7274174927346,50.25126508263311,157.0,62.5,112.5,236.5,0.08108022812857599,0.04321855132270922,0.084254,0.049628500000000006,0.0167532,0.13035400000000003,0.32999581906933395,0.16867134497901023,0.34239,0.24330000000000002,0.07675320000000002,0.542904,2.2253328740262672,6.206801871895698,1.7018,5.851405000000001,-3.77778,9.738380000000003,0.22591982215292405,0.1848537347503743,0.18143,0.16407,0.0680536,0.43070800000000004,0.09331922741876666,0.03388828892235678,0.088038,0.048929,0.0537112,0.14124,-0.37888306384410203,0.05754990753907726,-0.38089,0.06561999999999996,-0.449258,-0.312458,1.2395640527091047,0.47335319408665416,1.1526,0.63232,0.707768,1.9271200000000002,-9.753710474143078,1.2390818952296418,-9.5485,2.2855000000000008,-11.437,-8.190380000000001,608.703414893617,252.2734730625506,576.03,334.13,320.21200000000005,917.658,1611.3150943589894,427.98742328955785,1611.5,571.7,1047.3,2174.9,2549.066251741279,455.61476497618673,2574.4,579.2999999999997,1922.0,3094.3,1
487,0.46071850787974716,102351,47155,0.19381422112618168,0.1794378627255421,0.14,0.22000000000000003,0.03,0.43,142.62684292288304,193.14689852613722,36.50725883577756,184.0,27.0,167.0,237.0,0.10416805609630579,0.04971295235426859,0.099493,0.053146,0.043494600000000015,0.17070599999999997,0.3665546604005619,0.15108312476889774,0.37918,0.12845499999999999,0.18659,0.517002,3.2335668956467036,6.042361397449825,2.3135,7.63191,-3.19988,11.105599999999999,0.2185859675202418,0.14741760762059336,0.18191,0.12392,0.10558,0.38298199999999993,0.09929418705401336,0.03722234305960657,0.095975,0.0627745,0.0527554,0.15082,-0.3641970549888665,0.06920078789520104,-0.36685,0.08396500000000001,-0.45079,-0.28127,1.2343839749761425,0.44801843979373696,1.1262,0.57112,0.765448,1.9084,-9.96920307920687,0.8370366570938835,-9.902,1.2497000000000007,-11.169,-8.9071,599.902778718784,219.34142735185645,586.0,326.22999999999996,359.17,864.2,1654.654481810801,465.8513612310679,1697.7,605.0,963.75,2228.9,2578.0871833396914,469.8311298163527,2630.6,574.7999999999997,1935.5,3124.3,1
488,0.35689505147416123,88491,31582,0.16154475703324808,0.16307457511984025,0.11,0.16999999999999998,0.02,0.39,132.55585313760722,206.71317522639478,50.52193139132731,189.5,52.5,168.5,281.0,0.1063362625074821,0.04752910343206667,0.10913,0.0447485,0.036454400000000005,0.16084900000000002,0.3524232417652144,0.13890116495030763,0.38151500000000005,0.14402000000000004,0.131103,0.49948,6.661487766133685,6.78794152440099,7.5901499999999995,7.077324999999999,-0.05498829999999995,13.380900000000002,0.23301971645532268,0.1676976247906961,0.19654,0.10903999999999997,0.111332,0.40216700000000005,0.10470103789668166,0.028616473394584993,0.10237,0.03817724999999998,0.0711447,0.14306900000000003,-0.34908519549110256,0.06358156287462423,-0.34972,0.08108749999999998,-0.432208,-0.270121,1.4443324827433348,0.4248223358491022,1.41535,0.528275,0.933104,2.0312,-9.657598473814199,1.005504432345329,-9.54105,1.4884000000000004,-11.169,-8.43831,644.4029419713543,273.7096299501295,625.85,346.95,305.0,983.66,1584.553322770073,455.4245866135296,1596.0,614.3,974.5,2162.4,2523.228933565044,489.20977838408214,2534.3,631.0,1866.1,3141.1,1
489,0.22382574145026252,70470,15773,0.13835964912280704,0.15753092858079015,0.08,0.13999999999999999,0.02,0.34,97.0625798212005,118.73169340011412,35.92455615972901,101.5,50.0,88.0,181.0,0.05618465582390794,0.030639709680377384,0.058697,0.031571999999999996,0.008058800000000001,0.0882984,0.25557311580409564,0.13555758802075085,0.29716,0.19954000000000002,0.0347024,0.39989600000000003,-1.3897534063350663,4.885069523610287,-1.3271,2.787035,-5.2014,3.3875400000000013,0.1764786158382933,0.1969822178895501,0.10292,0.135793,0.044652800000000006,0.425856,0.07753819661510175,0.03514158420590729,0.064446,0.052981,0.0423892,0.130138,-0.3433490229506118,0.06628378706245311,-0.34725,0.09404000000000001,-0.42231799999999997,-0.25568399999999997,1.0444508558929817,0.5257931777890791,0.82705,0.74233,0.5629839999999999,1.8685400000000003,-9.582564172953782,1.4886696409350744,-9.2654,2.9344,-11.543,-7.75078,655.3464503583848,258.94200238743286,637.43,318.32,341.666,972.19,1622.8862561918957,417.70275433647396,1600.0,557.8499999999999,1088.04,2178.6,2547.7854585196224,435.41390127049795,2555.1,552.3000000000002,2000.1,3102.1,1
490,0.2498951236094837,69129,17275,0.14702127659574468,0.15878414216358516,0.09,0.15,0.02,0.36,101.98324870893548,120.33004341534009,38.059729132233116,102.5,62.5,86.0,184.0,0.06080318748787265,0.0333572163632079,0.061413,0.032769000000000006,0.0112206,0.09890860000000001,0.27953050791202316,0.14671680508329915,0.31324,0.22138500000000003,0.0506416,0.452926,-0.9949971414358321,5.86004895789415,-0.40743,2.7938650000000003,-6.580759999999999,4.190180000000001,0.193280239906055,0.20128265763277173,0.11958,0.1305125,0.0541822,0.465536,0.07969775605545586,0.035452417572783675,0.067564,0.0527865,0.0435088,0.132766,-0.3660777560636759,0.06126350657071824,-0.36641,0.07800499999999994,-0.447096,-0.28892799999999996,1.0926199322720695,0.4970470292140741,0.91089,0.662935,0.62493,1.8762800000000002,-9.91378774529667,1.2043676572952997,-9.7702,2.2269500000000004,-11.497,-8.34466,625.4386704026855,249.18709708029678,606.03,303.37,334.7,922.0,1606.4480576174558,394.0026747264447,1575.6,505.70000000000005,1125.0,2132.7,2523.8018701798555,436.3811502954727,2516.0,582.7000000000003,1986.0,3094.0,1
491,0.4094476579335375,88170,36101,0.16409545454545454,0.18221964762159662,0.1,0.19,0.02,0.38,149.7107859816264,175.77518628292844,48.34846757478245,165.5,57.0,126.0,248.0,0.10028303818871222,0.048751064666675004,0.1054,0.05862099999999999,0.027384,0.15774,0.4076826320986372,0.19565075612336036,0.43474,0.28556000000000004,0.10765,0.64531,2.4849336834669398,6.031154825941966,2.0757,5.86588,-3.6941,9.8906,0.27552462153824,0.1827114690800197,0.2424,0.19659000000000001,0.096385,0.49607,0.10626022417772361,0.029743450371843165,0.10608,0.040052000000000004,0.068332,0.14493,-0.3793184687847982,0.06895577273421577,-0.38344,0.08560000000000001,-0.4644,-0.29345,1.4011056289299466,0.4610992605240704,1.3644,0.6200000000000001,0.8255,2.0413,-9.851890343757791,1.1298569572585948,-9.8988,1.7353000000000005,-11.288,-8.3563,595.6053676001679,266.9778337663294,557.5,355.87999999999994,298.122,941.31,1594.8054898952646,440.41825099622304,1603.1,592.0999999999999,999.756,2149.5,2529.3890582908757,463.1347594340664,2561.6,574.6500000000001,1912.2,3096.8,1
492,0.4349431787048909,91251,39689,0.1743804920913884,0.17484794611078594,0.12,0.21,0.02,0.41,149.65315448597823,172.3090906800373,40.15750738632873,160.5,40.5,136.5,231.0,0.11053028947826352,0.05282581001808513,0.12094,0.063191,0.0247798,0.16688,0.35767021309171304,0.15532266106321466,0.39,0.15647,0.10518800000000002,0.526872,3.344321429589257,6.022390661884493,2.7669,6.070657,-2.3075,11.047,0.22371990459779784,0.18281934068073055,0.17547,0.13117,0.09918300000000001,0.4115240000000001,0.10622351623674066,0.026923402844456133,0.10397,0.035427,0.0743358,0.14239200000000005,-0.39488944052508257,0.06691674833862911,-0.39489,0.08692,-0.48371,-0.31234799999999996,1.3555335463226585,0.4640828042806469,1.2639,0.6069,0.840626,2.061,-10.00126405301217,0.9565417240943244,-10.001,1.5294999999999987,-11.284,-8.729379999999999,593.1452255593332,220.5941335670335,577.13,245.41000000000003,336.0,852.0,1702.877344044747,425.5155963538517,1737.5,537.6000000000001,1111.0,2216.6,2617.9230202895374,426.32453598479304,2670.3,529.4000000000001,2039.19,3112.7,1
