participant_id,tt_response_latency_mean,tt_response_latency_median,tt_response_latency_std,tt_response_latency_p75,tt_response_latency_p90,tt_response_latency_max,tt_turn_duration_mean,tt_turn_duration_median,tt_turn_duration_std,tt_turn_duration_p75,tt_turn_duration_p90,tt_turn_duration_max,tt_turn_words_mean,tt_turn_words_median,tt_turn_words_std,tt_turn_words_p75,tt_turn_words_p90,tt_turn_words_max,tt_silence_gap_mean,tt_silence_gap_median,tt_silence_gap_std,tt_silence_gap_p75,tt_silence_gap_p90,tt_silence_gap_max,tt_n_response_latencies,tt_participant_turns,tt_interviewer_turns,tt_total_words,tt_session_duration_s,tt_speak_time_ratio,tt_words_per_second,tt_silence_total_s,tt_silence_ratio,tt_quality_sufficient,ac_voiced_ratio,ac_n_frames_total,ac_n_frames_voiced,ac_voiced_seg_dur_mean,ac_voiced_seg_dur_std,ac_voiced_seg_dur_median,ac_voiced_seg_dur_iqr,ac_voiced_seg_dur_p10,ac_voiced_seg_dur_p90,ac_voiced_seg_per_min,ac_f0_mean,ac_f0_std,ac_f0_median,ac_f0_iqr,ac_f0_p10,ac_f0_p90,ac_naq_mean,ac_naq_std,ac_naq_median,ac_naq_iqr,ac_naq_p10,ac_naq_p90,ac_qoq_mean,ac_qoq_std,ac_qoq_median,ac_qoq_iqr,ac_qoq_p10,ac_qoq_p90,ac_h1h2_mean,ac_h1h2_std,ac_h1h2_median,ac_h1h2_iqr,ac_h1h2_p10,ac_h1h2_p90,ac_psp_mean,ac_psp_std,ac_psp_median,ac_psp_iqr,ac_psp_p10,ac_psp_p90,ac_mdq_mean,ac_mdq_std,ac_mdq_median,ac_mdq_iqr,ac_mdq_p10,ac_mdq_p90,ac_peakslope_mean,ac_peakslope_std,ac_peakslope_median,ac_peakslope_iqr,ac_peakslope_p10,ac_peakslope_p90,ac_rd_mean,ac_rd_std,ac_rd_median,ac_rd_iqr,ac_rd_p10,ac_rd_p90,ac_mcep0_mean,ac_mcep0_std,ac_mcep0_median,ac_mcep0_iqr,ac_mcep0_p10,ac_mcep0_p90,ac_formant_f1_mean,ac_formant_f1_std,ac_formant_f1_median,ac_formant_f1_iqr,ac_formant_f1_p10,ac_formant_f1_p90,ac_formant_f2_mean,ac_formant_f2_std,ac_formant_f2_median,ac_formant_f2_iqr,ac_formant_f2_p10,ac_formant_f2_p90,ac_formant_f3_mean,ac_formant_f3_std,ac_formant_f3_median,ac_formant_f3_iqr,ac_formant_f3_p10,ac_formant_f3_p90,ac_quality_sufficient,vi_au01_r_mean,vi_au01_r_std,vi_au02_r_mean,vi_au02_r_std,vi_au04_r_mean,vi_au04_r_std,vi_au05_r_mean,vi_au05_r_std,vi_au06_r_mean,vi_au06_r_std,vi_au09_r_mean,vi_au09_r_std,vi_au10_r_mean,vi_au10_r_std,vi_au12_r_mean,vi_au12_r_std,vi_au14_r_mean,vi_au14_r_std,vi_au15_r_mean,vi_au15_r_std,vi_au17_r_mean,vi_au17_r_std,vi_au20_r_mean,vi_au20_r_std,vi_au25_r_mean,vi_au25_r_std,vi_au26_r_mean,vi_au26_r_std,vi_au04_c_rate,vi_au12_c_rate,vi_au15_c_rate,vi_au23_c_rate,vi_au28_c_rate,vi_au45_c_rate,vi_au_overall_intensity,vi_au_temporal_variation,vi_gaze_off_forward_deg_mean,vi_gaze_off_forward_deg_std,vi_gaze_wander_mean,vi_gaze_wander_std,vi_head_pitch_deg_mean,vi_head_pitch_deg_std,vi_head_motion_mean,vi_head_motion_std,vi_head_still_ratio,vi_clnf_valid_ratio,vi_quality_sufficient
300,1.6156896551724174,1.2150000000000176,1.7666851016844167,1.7575000000000358,3.0010000000000163,8.289999999999964,1.7903448275862064,1.3100000000000591,1.2973682009784369,2.3349999999999795,3.4559999999999786,7.730000000000018,4.045977011494253,3.0,3.704325045868483,6.0,9.0,20.0,1.6765895953757235,1.2000000000000455,1.5879053128052374,1.9300000000000068,3.624000000000036,8.659999999999968,58,87,87,352.0,584.6800000000001,0.2664021345009235,2.259887005649718,290.0500000000002,0.4960833276322093,1,0.4296001603676119,64851,27860,0.13874501992031874,0.2375353165712945,0.05,0.11000000000000001,0.02,0.35299999999999954,185.7797104131008,153.5949928212491,49.54353406672961,122.5,60.0,119.5,231.0,0.10620450056742642,0.06017822698361575,0.10668,0.09048,0.0234206,0.18470200000000003,0.34225520274243365,0.17202668528612777,0.35458999999999996,0.2372375,0.0967752,0.56581,2.3744611247290166,7.147331847119894,2.5937,7.1636225,-6.141349999999999,10.447,0.29594650478083273,0.19836206479569857,0.25780499999999995,0.22434250000000003,0.0882865,0.548942,0.1222757436913137,0.026588671469826637,0.123245,0.03384000000000001,0.0880987,0.15518100000000004,-0.34505642139267767,0.07031655339059711,-0.34186,0.09204000000000001,-0.44059099999999995,-0.25796,1.443602553481694,0.6275900253080717,1.4388,0.9354475,0.522336,2.3647,-8.353624910265614,1.2454794107738607,-8.6802,1.0703250000000004,-9.44511,-6.435899999999985,543.7945044766913,308.4522994354924,470.9,415.595,226.67000000000002,929.0060000000002,1550.6412526408315,449.796735294014,1586.2,651.75,916.5,2091.1,2456.1860425308805,450.97716161878225,2475.5,574.4499999999998,1875.6,3031.0,1,0.6003799925007978,0.7419483169161049,0.37292226614189977,0.4959875377365066,0.4170474845229231,0.5710253760910946,0.10153598611849803,0.23542544461242582,0.09378957185405808,0.27784431865862763,0.27511144856930114,0.41426050635196626,0.1910403722476332,0.37231570086070165,0.14730373720880757,0.37453447065601403,0.20035458281033933,0.3700823843942116,0.06907925640889268,0.2047452176412606,0.05533262200829699,0.19308077166737472,0.1723851106265291,0.32831538054516424,1.2030435954153813,1.297423194021695,0.03009032751834911,0.1376431343510339,0.23247526858844803,0.03536857781087118,0.16583342197638548,0.7064142112541218,0.0681842357196043,0.2532709286246144,0.2806725967108362,0.11543482040468972,11.423000892846149,3.814110012129098,0.5747792369674763,0.8638532387418488,11.555599327444453,3.9826749830522234,0.4614343144099636,0.8161367626843993,0.28654816996213717,0.973652653578648,1
301,0.7565306122448935,0.5900000000000034,0.6461394018429056,1.170000000000016,1.5899999999999865,2.8899999999999864,4.57153846153846,3.359999999999957,4.382343456599175,6.840000000000021,10.745000000000012,17.410000000000025,14.182692307692308,9.5,14.647633323586733,20.25,35.80000000000001,63.0,1.2075000000000005,1.0600000000000023,1.0204889214924848,1.402499999999982,2.241000000000008,7.3500000000000085,49,104,77,1475.0,774.4,0.6139462809917353,3.10238936564025,217.35000000000008,0.2806689049586778,1,0.3928922550340458,82389,32370,0.16398176291793315,0.1976071437322927,0.09,0.19,0.02,0.4070000000000004,143.7570549466555,115.8322829780661,31.796341792470784,103.5,29.0,89.5,169.5,0.10205510994659871,0.05118416372670333,0.10976,0.06588700000000001,0.021050700000000002,0.16205100000000003,0.3625355759396355,0.18063350078509122,0.38155,0.22812749999999998,0.0867214,0.5987480000000002,-0.2551891609825147,5.740283375880757,0.15902,4.460025,-5.4738299999999995,4.775570000000004,0.2172950601996231,0.1755723154025138,0.17109,0.12491250000000004,0.0857706,0.40704100000000004,0.09138001709607663,0.02628719658354846,0.08798500000000001,0.027565250000000013,0.061651899999999996,0.12621100000000002,-0.3959399593141798,0.06543992540444109,-0.396875,0.08955749999999996,-0.4825,-0.31604899999999997,1.2961013978992895,0.45382786580519585,1.2258,0.614285,0.775857,1.9523300000000006,-8.528566694470188,0.7391828415416822,-8.5038,1.0749499999999994,-9.52531,-7.5682399999999985,551.428361973336,251.42499848854598,520.875,371.18749999999994,253.45100000000002,854.1750000000002,1589.1316227931713,430.00718845309865,1660.8,563.6000000000001,960.091,2108.8,2512.9171055635156,422.65809646514873,2509.6,472.9749999999999,1920.8,3022.3,1,0.13375816536436913,0.36439918396790083,0.0683780641552887,0.22528610528161783,0.09702811025662116,0.23638492853422047,0.0298505206448429,0.16281587786726923,0.018887449703898666,0.11625052115743732,0.08793241219772989,0.22315526991629786,0.03981244661950979,0.16903228671600243,0.049727550995229484,0.20143112847670985,0.10935480987826944,0.3194532352527723,0.01242437613094259,0.08472300521356733,0.019976088624773812,0.13554871949880268,0.08989147491363712,0.2909378516622016,0.580673957106432,0.6977049508200821,0.001389605321598947,0.02780799374875175,0.4280309261391676,0.05239348577068597,0.013859187366343149,0.23490705708175688,4.1125185063332785e-05,0.38830399736798815,0.09564893085093883,0.044902448688346405,14.174809432609276,2.1688942302222083,0.5695277248507725,0.7890028302155947,13.38629975395919,2.3559712101534527,0.38294438046642304,0.4917709702286252,0.4066396827343718,0.9875005056429756,1
302,1.817301886792458,1.5899999999999181,1.2534444104133444,2.41700000000003,3.5340000000000154,5.7000000000000455,2.15394845360825,1.5469999999999686,1.8081565503974015,2.910000000000082,4.339999999999998,8.860000000000014,6.329896907216495,5.0,5.623444388761712,9.0,14.400000000000006,27.0,1.9704540540540534,1.6269999999999811,1.236560486623346,2.6990000000000123,3.6383999999999785,5.7000000000000455,53,97,89,614.0,676.97,0.30862962908252983,2.9387411275384903,364.5339999999999,0.5384788099915799,1,0.2344126833511248,75879,17787,0.14472742066720912,0.16938464632317557,0.08,0.17,0.02,0.37,97.18103823192187,125.67554955866645,37.32893072870656,109.5,35.5,95.5,194.0,0.06382897100735481,0.06890333382523922,0.032453,0.0957815,0.0018431600000000002,0.1811,0.23536473454795637,0.21980779293773675,0.15151,0.294635,0.0132996,0.619894,2.3269573731652327,6.491738053348218,2.2965,5.693099999999999,-4.25106,9.41002,0.47579699336969133,0.39266336038495275,0.3512,0.448675,0.08688900000000002,1.03284,0.11415323243885984,0.026137912692985495,0.11375,0.030999000000000027,0.0815824,0.146588,-0.4084652246022376,0.051289074266909505,-0.41679,0.06802999999999998,-0.46631,-0.33972,1.6791263158486536,0.4805011840794961,1.6973,0.6547999999999998,1.0395200000000002,2.33094,-9.178665930173723,0.507095270058615,-9.2425,0.7104499999999998,-9.77054,-8.472719999999999,532.1493206297531,279.7181317407037,468.26,350.175,246.78,895.4,1561.2320176351966,445.8460216274884,1619.0,685.3,944.88,2106.0,2452.1770502563563,425.3736096586443,2442.2,503.4500000000003,1906.6,3000.3,1,0.8805645844127008,1.0998812289105644,0.7552250576197174,0.7547431908657118,1.2101789837169714,1.072712487184427,0.3034793835763452,0.4393647493730857,0.12793054722078306,0.2743256695915063,0.6788369935608023,0.7333846803282223,0.14772020594330548,0.2910477825951017,0.17199974635482201,0.35356511918108513,0.28358741862186365,0.43070988177474356,0.09043281174598476,0.22923059552825534,0.17618592783657758,0.31114307808408986,0.3364797496484346,0.4988940704552434,1.1061659517430242,1.1248277528777224,0.05459983221079121,0.231471052207029,0.4338686995781215,0.9315742728147436,0.1726001036192732,0.6953593368366516,0.05428909777218563,0.42887277033528237,0.45167051387229457,0.11767578030579391,14.108558610623943,3.5417259122065117,0.8005384332360714,0.9568827349467353,21.573102673692595,8.668966253027456,1.5204715969213147,1.6597481573986808,0.0661189358372457,0.8948794015219915,1
303,0.8607017543859659,0.4300000000000068,1.4220702226216146,0.849999999999909,1.842000000000018,7.389999999999986,6.242038834951462,3.050000000000068,7.083387423863683,7.359999999999985,15.313999999999988,36.210000000000036,19.07766990291262,9.0,22.90872107662853,26.0,55.199999999999974,120.0,1.1176315789473672,0.6000000000000085,1.6733399223842331,1.2275000000000205,2.776999999999986,14.240000000000009,57,103,88,1965.0,934.1,0.6882881918424157,3.056320283701178,212.34999999999977,0.22733112086500348,1,0.5073227171695643,98529,49986,0.17909709781440344,0.21484008258324513,0.1,0.225,0.02,0.45,169.96011326614502,199.18730244468452,43.504284467072786,189.0,39.0,160.5,256.0,0.11940711130443124,0.052926932096055264,0.12201,0.0578535,0.04116,0.18360500000000002,0.4236270201539631,0.16340878859753166,0.45751,0.17294500000000002,0.16846,0.59337,5.859107426669948,6.42641008299207,6.28055,8.413475,-1.11735,13.354,0.2674035013587805,0.1567683788551093,0.23714,0.1448725,0.13378,0.44972500000000004,0.11247765799223781,0.02786024598927432,0.11232500000000001,0.037711499999999995,0.076923,0.14897,-0.35989155141439605,0.06468847486358863,-0.36480500000000005,0.08411999999999997,-0.44015499999999996,-0.273505,1.5061936430200458,0.4415579401765315,1.4786,0.589675,0.959715,2.1173,-8.52557398271516,0.7465957187248743,-8.4918,1.1404999999999994,-9.5694,-7.5619499999999995,500.2850919363029,229.26746529345127,460.7,287.65,258.34,808.995,1635.6178795929557,442.5261195692098,1744.6,576.9749999999999,976.145,2126.8,2560.7604443158043,468.40762733548127,2560.25,614.875,1906.9,3163.55,1,0.6472000740958035,0.7426010348784592,0.2903728819712865,0.4320761063828567,0.7593330227084484,0.7677521131417405,0.26138359790861404,0.39685538813818183,0.19349330155991162,0.3670113117093338,0.37599820420347874,0.4997353749567332,0.30860578582274983,0.4343456162479963,0.37573110974599677,0.5331860727978316,0.6381625892117615,0.7032041435290675,0.17566567214246273,0.3235642434202066,0.529451856122308,0.5806302100564452,0.5172075571162341,0.6137946977525519,1.3151237635629487,1.2875930080170892,0.06303745737852015,0.19876669185845064,0.4998964660408614,0.8256833241303148,0.34062672556598567,0.44367752622860296,0.4149986195472115,0.37686361126449475,0.460769062396466,0.1606508523727351,6.378513053397973,2.089301561317788,0.7946289392077139,0.8527148640271267,0.38070205034268484,3.318059291934048,0.7789617060715305,0.8018047843793764,0.12856257744733582,0.9818140819662889,1
304,0.7370666666666641,0.41000000000008185,0.8881017559316488,0.9499999999999886,1.7779999999999747,5.319999999999936,3.4865384615384625,1.8100000000000165,4.4844204173214965,4.010000000000012,7.6339999999999915,26.039999999999964,9.490384615384615,4.0,14.51524079155032,10.0,23.80000000000001,79.0,1.0459113300492582,0.7400000000000091,1.2319021025094457,1.3299999999999983,2.4399999999999924,9.710000000000036,75,104,100,987.0,720.04,0.5035831342703184,2.7220077220077212,212.3199999999994,0.294872507082939,1,0.4095760787282362,79260,32463,0.14898118402937127,0.20426446946831164,0.06,0.15,0.02,0.39,164.95079485238455,218.01708098450544,48.12775231968089,205.0,54.5,172.5,283.5,0.11723743785948516,0.05734568357266188,0.12225,0.07257350000000001,0.03041400000000001,0.187588,0.38644396373907525,0.16816122011273535,0.41856,0.20301000000000002,0.11916,0.5735439999999999,5.060366334203278,6.285884854700191,5.3273,8.17633,-1.5809999999999997,12.269,0.2682867707707236,0.17785823011063706,0.23279,0.15493999999999997,0.11622,0.46567199999999986,0.11614225642300466,0.029521573377296637,0.11773,0.040334499999999995,0.0766516,0.152898,-0.35486494686258196,0.060764769447512974,-0.36237,0.08082499999999998,-0.42741,-0.268772,1.4703305972953826,0.4601389575688833,1.4417,0.6172499999999999,0.8915940000000001,2.1202,-8.801770680466994,0.737569780068635,-8.8846,1.0792000000000002,-9.71348,-7.771680000000001,510.9981500201974,230.28861352035577,474.455,309.1475,259.85,809.59,1631.0135960261557,466.53060629255236,1754.9,652.8000000000002,902.542,2157.3,2538.4230591532228,454.6400706824007,2527.9,590.3749999999995,1946.8,3132.4300000000003,1,0.9347424115781126,1.0005921347173983,0.33195421649484536,0.4883058390130555,0.624904757335448,0.9208826040579211,0.33243393655828707,0.5084507690227706,0.1009235963521015,0.2524318888797376,0.6241083735130849,0.6843505141265427,0.13915901030927835,0.29511032919716174,0.10977209278350515,0.2784736069985456,0.3500945368754957,0.5250210808852674,0.22231160904044406,0.3825823030825248,0.15500315463917524,0.32985463573715573,1.1249457486122125,0.7834148081443916,1.3083725939730373,1.540463947364632,0.11524109278350515,0.24876151753946227,0.5273592386994449,0.1697065820777161,0.41554321966693103,0.5884218873909596,0.0999206978588422,0.6360031720856463,0.4624262236320381,0.23655258826530617,15.996029065755076,3.6073346751168787,1.3767648937440453,1.5841004773624587,-2.827832729290813,6.069017134187355,2.3429810554942736,4.294497076905102,0.06173780487804878,0.054485562097000284,0
305,0.8901136363636319,0.4900000000000091,1.2980111485007524,0.9174999999999898,2.204000000000002,8.220000000000027,3.8836458333333295,2.55499999999995,3.453894979200109,5.885000000000076,8.31599999999994,20.089999999999918,11.54861111111111,7.0,11.896445466510334,18.0,27.0,65.0,1.0085643564356466,0.75,1.052193803590236,1.22499999999998,2.1409999999999667,8.439999999999827,88,288,117,3326.0,1651.15,0.6774005995821087,2.9736519772192898,407.46000000000123,0.24677346092117688,1,0.38221830985915495,170400,65130,0.1407911802853437,0.17641595912947308,0.07,0.15,0.02,0.36,162.88732394366198,126.22418240442192,39.949955396338055,114.0,32.5,94.0,192.0,0.07968320924571504,0.05268529515686831,0.073764,0.079302,0.011865500000000003,0.15141099999999996,0.24900296503225858,0.2245238577518851,0.23816,0.19665250000000004,0.05511640000000001,0.44047,1.099579621108859,8.319965113607587,1.27525,8.0825,-9.39283,10.456099999999998,0.29834527610937966,0.24421752139071612,0.21907,0.26406,0.08553770000000001,0.626752,0.11201113843282665,0.027762231621131946,0.11254,0.0367845,0.0761089,0.14697,-0.4559786417933364,0.05405049031154164,-0.46177,0.07613000000000003,-0.5211210000000001,-0.383477,1.520512276370336,0.5953622223193599,1.5122,0.92215,0.697643,2.3991,-7.336366869338246,0.5891489977188603,-7.355,0.7716000000000003,-8.0705,-6.58039,477.4764452701116,164.12073117128884,445.45,251.01500000000004,297.0,692.6610000000001,1479.7952675866118,450.61633895959005,1434.1,639.9000000000001,935.36,2116.5,2490.3386874339403,480.86519555520414,2443.9,573.5999999999999,1937.3,3185.8,1,0.6325557832790887,0.7569890270346942,0.3221069683889341,0.5046644438472639,0.5440098949959317,0.7529322103887858,0.23376628862896665,0.3854846371672588,0.12061571948738811,0.28946336654970223,0.3562471901342555,0.4726351467958773,0.1765878199349064,0.35608461445075307,0.12762161220504475,0.291946398478094,0.35090305299023594,0.5262106530310445,0.12841870915378356,0.27248569758521785,0.11221732107404395,0.2786037873143539,0.20487200667209116,0.3860554745418471,1.3251224107607813,1.3646182361479482,0.0688026748982913,0.21042274816050457,0.2704841334418226,0.030024410089503663,0.17355573637103336,0.10612286411716843,0.007994304312449145,0.38010577705451587,0.3359891037574102,0.10470670773554035,16.4909944158535,2.1193336917565606,0.6265327338219503,0.670139594559459,3.141713137599168,4.984831135745094,0.5831144094310727,0.6572540748671686,0.2238824003221909,0.9681546105394938,1
306,0.43438596491227555,0.2400000000000091,0.6969306581426638,0.5199999999999818,0.8839999999999918,4.1299999999999955,4.716388888888887,3.620000000000033,4.295032543819562,6.352500000000035,10.531000000000017,25.55000000000001,14.675925925925926,9.0,15.37785125847712,23.25,35.599999999999994,89.0,0.6973113207547174,0.4649999999999608,0.7760706768923931,0.849999999999973,1.6979999999999849,4.350000000000023,57,108,105,1585.0,797.6600000000001,0.6385803475164854,3.111686985884525,147.83000000000007,0.18532958904796537,1,0.42150590264424476,85809,36169,0.12493609671848016,0.13485969575769993,0.08,0.15,0.02,0.3,202.42631891759603,182.720091791313,49.68216370932421,166.0,57.0,138.5,263.5,0.1010420458843114,0.06552203441212899,0.091684,0.096774,0.0178452,0.196422,0.29494252144785316,0.1665700853657311,0.29142,0.25059,0.067773,0.51844,2.098255703250435,8.476378559031497,0.71775,11.308300000000001,-8.09522,13.156200000000002,0.3051715932919378,0.2091006014108628,0.26866,0.22627,0.09183080000000003,0.556366,0.1132785151118361,0.030855211681962313,0.11475,0.04270499999999999,0.07151439999999999,0.15216,-0.45114276701042333,0.054032363251164915,-0.45599,0.07293,-0.5168119999999999,-0.37964,1.4556129649700018,0.5435956501905852,1.4515,0.8010000000000002,0.719136,2.2229200000000002,-7.5195640133816255,0.5484989468151221,-7.5771,0.6802000000000001,-8.15784,-6.8273,483.118481507265,191.5821005249537,431.73,251.53000000000003,286.562,775.4,1542.241898777861,508.09372526750576,1552.0,879.5999999999999,889.6700000000001,2210.3,2553.542044196923,504.28867408814904,2545.4,701.8999999999996,1937.72,3207.6,1,0.4712482057074911,0.702493380707942,0.25707351882679347,0.5163613927019403,0.32560046254458974,0.43648255769720545,0.30918277193816884,0.4907035812848312,0.33601189548156957,0.47338025425944735,0.29205283067776455,0.4180576403099537,0.3688204442726913,0.48324345839432775,0.4933987743955608,0.6112973392241415,0.545558249504558,0.6248248677800096,0.2275679070947285,0.36343145701057733,0.2231349060642093,0.3756325503715843,0.25734976389219183,0.41039960627968736,0.5748955755846215,0.6655691611642047,0.04897999401506144,0.1731328521797856,0.4780023781212842,0.44879112168053903,0.18414585810543005,0.539833531510107,0.8652794292508917,0.3145065398335315,0.3379196642857143,0.1085272896185229,4.970430533891505,2.5506359497121336,0.8970040499059283,1.222369920034422,2.027369907605555,3.5564366798075038,0.7321318340053525,0.7491522524762521,0.13580246913580246,0.9853428630619433,1
307,1.1115692307692318,0.6110000000000042,1.4177635689757286,1.4650000000000318,2.8723999999999705,6.315000000000055,4.5364784946236485,3.41100000000003,3.9817448520393444,6.689999999999998,10.486499999999992,22.51600000000002,13.951612903225806,10.0,14.208615536464462,20.0,35.0,77.0,0.8730326086956565,0.5995000000000061,1.1921077830162758,1.0690000000000168,1.6854999999999976,10.509999999999991,65,186,91,2595.0,1175.025,0.7180996149018094,3.0754279822466675,240.9570000000012,0.2050654241399129,1,0.5581575569709152,123879,69144,0.18855740387237524,0.26018635088620395,0.07,0.22,0.02,0.51,177.60879567965515,209.09417303019785,46.44586238123976,198.0,52.0,167.0,272.0,0.12112295662976108,0.0613008571949554,0.120665,0.08959875,0.0396732,0.20271700000000006,0.35967908326446263,0.16101719923295166,0.36976,0.228595,0.14062,0.56273,3.984095668672727,8.018105922838815,4.09695,10.445487499999999,-6.24615,13.852700000000004,0.3254713225340015,0.18650560597527113,0.29427,0.21104250000000002,0.138433,0.5541720000000002,0.12030819399340506,0.027954049866116118,0.12172,0.037812499999999985,0.0830736,0.15514,-0.3833202855200741,0.07621642486438623,-0.38595,0.10830250000000002,-0.4816,-0.28167299999999995,1.4729283326102047,0.552908239835242,1.4691,0.81575,0.72202,2.2667700000000006,-6.8035938302672685,0.7238280667138259,-6.81395,1.0458249999999998,-7.73657,-5.85943,511.27340132367914,172.02980430921545,497.0,205.09499999999997,312.48,744.92,1596.0652595639456,493.0133684943896,1674.7,831.1999999999998,914.575,2191.7,2579.6515098669856,516.5743940257557,2567.4,819.8000000000002,1932.55,3256.05,1,0.6330638206162876,0.877303724677023,0.5162236390009782,0.691498586075248,0.5061644269381268,0.591661800290507,0.31517644702249936,0.443536735048188,0.432433055820494,0.46797090465515495,0.5307277328197603,0.6373912415489335,0.5242435975483004,0.5402657583277576,0.5356952988200049,0.5497300607674901,0.5718277993396919,0.5923352003598252,0.15560508889704083,0.3075270750257138,0.27071235693323553,0.42461046045862416,0.231951444179506,0.3937077036323933,1.3983662189410615,1.2791980541134644,0.10188728567498165,0.24991307312733854,0.31456346294937637,0.9724565908535094,0.31254585473220836,0.2727439471753485,0.08336390315480557,0.47652237710931766,0.4802913008965692,0.12549881441804198,9.880484428977692,3.1488534281988145,0.6819065777260803,0.8343503467286424,4.603498351549636,8.061629192967153,1.0489533798054125,1.1795095074463169,0.09610563262577303,0.9373010107532668,1
308,1.66798,1.1899999999999977,1.5938498736079227,1.8659999999999997,3.765999999999997,7.559999999999945,2.121474025974022,1.5,1.9266913136661286,2.7524999999999835,4.144999999999952,11.490000000000009,5.7727272727272725,4.5,5.383383196457925,7.0,13.0,31.0,1.7422286995515723,1.4739999999999895,1.3844977774191536,2.068000000000012,2.8820000000000054,11.470000000000027,50,154,70,889.0,805.737,0.40547598037572985,2.721092599791255,388.5170000000006,0.48218835674668115,1,0.2702166897187644,86760,23444,0.10929603729603729,0.13953208020454794,0.04,0.13,0.02,0.29,148.34024896265558,200.15993431155093,45.72122309462539,186.5,51.0,160.0,268.0,0.11206322226268896,0.0759504015740214,0.11278,0.13202599999999998,0.00430243,0.21382400000000001,0.3165538244711099,0.18828364981105833,0.341165,0.3123175,0.0196692,0.5490240000000001,6.291953731576864,8.473555521293633,7.1389499999999995,12.418,-3.7737499999999997,16.4887,0.3374816509649804,0.2756910251138922,0.28658,0.2312875,0.05429820000000002,0.6056020000000001,0.12377760822129329,0.02928660978141446,0.12607,0.0394625,0.0845132,0.15945,-0.46776994966729235,0.0481041001780386,-0.47626500000000005,0.062042500000000056,-0.521507,-0.40258499999999997,1.4775615185121993,0.5508204826460434,1.4743,0.815525,0.7295,2.2631,-7.619177192458625,0.509803731748044,-7.68265,0.6664500000000002,-8.2086,-6.93409,494.33780968121295,199.82036217693928,444.75,276.93000000000006,282.464,787.4620000000001,1446.4300352798757,508.7742594022379,1357.5,844.05,859.5880000000001,2158.5,2495.7667868795756,522.9072689878992,2461.6,712.9499999999998,1874.94,3214.6600000000003,1,0.5232318429508341,0.7318188888587823,0.27801342695541176,0.45924238494829367,0.39222327171090277,0.5809550429727484,0.2808391701659404,0.4859629354722878,0.16176631634314892,0.3834335025347248,0.2723564714115938,0.4163408745287938,0.2696079851225846,0.4731105694144006,0.25505350794489196,0.47872189462257325,0.38662095307892075,0.5855239513064963,0.1293177816365157,0.26649985080548144,0.24967278722655048,0.3938246753256911,0.4157863741361856,0.5201000017044117,0.9011371645318895,1.013212285612134,0.16488090404507239,0.33047507568583356,0.4090849069061138,0.15577270126325982,0.2093401998327391,0.6136273603591708,0.44126061886526696,0.545578590606981,0.3343219969471745,0.1044632815105706,13.533221578183424,2.819054688078458,0.5781925589585168,0.7075382692499933,11.43964340700885,6.576479663768687,0.5865504150428609,0.8855938069059468,0.22153809006398648,0.9273430397090648,1
309,1.7165714285714306,1.0249999999999986,1.8636891108875473,2.5215000000000316,3.782999999999987,8.766999999999939,1.9363617021276576,1.2850000000000108,2.1666462752229565,2.2624999999999744,3.625499999999989,14.0,7.414893617021277,4.5,10.153512728773403,7.0,13.700000000000003,64.0,1.9925771428571437,1.0909999999999798,1.942037555482932,2.8704999999999785,5.0686000000000595,11.562000000000012,56,94,82,697.0,624.139,0.2916305502460186,3.8292916085222384,348.70100000000014,0.5586912530702297,1,0.2474178603306839,70581,17463,0.15291593695271452,0.18873389083539405,0.08,0.16,0.02,0.41900000000000087,97.07995069494625,143.56585351886847,38.40080749378046,126.0,47.0,114.5,210.0,0.06294261609135819,0.03420190161443103,0.067917,0.03894200000000001,0.008020860000000001,0.09799020000000003,0.2147611779888049,0.10944098227289559,0.2322,0.11243,0.0371588,0.32325600000000004,-1.2339692622434424,5.603460176324731,-2.4651,3.92909,-5.76396,6.023840000000009,0.16389241448571265,0.20791994114023749,0.08052,0.138483,0.0405834,0.39346600000000004,0.08375956791673825,0.034636039726334396,0.07105,0.05156200000000001,0.0507404,0.13610400000000003,-0.35097197285689746,0.06818976703572609,-0.35248,0.08653,-0.438778,-0.26213,0.9366978938326749,0.5884463143432012,0.60675,0.8951100000000002,0.44554,1.8579800000000002,-8.910909173681498,1.6705751701230593,-8.3203,3.208549999999999,-11.454,-7.08152,739.2393995465175,338.9800589094182,728.49,466.31,305.92,1181.1,1671.4239564940126,413.3811054124784,1641.3,554.5,1169.3400000000001,2205.5,2567.9977410897754,436.04896767651627,2574.0,563.8999999999996,2019.3400000000001,3129.36,1,0.4636634704060565,0.7620508237496004,0.26596113368891944,0.47052625073756704,0.3212794313489332,0.463180980994446,0.12959299759119064,0.2703385383314489,0.3266797319339298,0.5407277596499748,0.18752337198898833,0.33731706347618706,0.3878609283379216,0.5962450459725206,0.3568797202339986,0.6650479163199535,0.4673588130591879,0.549645970390463,0.11034803200275292,0.25588160521319003,0.06352034230901583,0.20348322773596925,0.20217293031658637,0.3972366822300696,0.8599926102890572,0.9298944869892621,0.03197885658981418,0.15134785899017422,0.32647969717825187,0.276668960770819,0.16182037164487267,0.35977288368891946,0.06641431520991053,0.321920165175499,0.2982008835783109,0.0950416502685562,19.112234974577927,4.254591271409892,1.1595528036589782,1.4903284805747228,12.556622202595015,4.81048328294967,0.8398464736608076,1.348260568052699,0.18339401614690518,0.5749146837455004,0
310,1.666689189189196,1.4584999999999795,1.5218656840054567,2.3012500000000387,3.2854999999999888,6.574999999999932,1.931418918918919,1.0199999999999818,1.960833475617331,2.8025000000000126,4.939500000000049,9.925000000000011,7.6824324324324325,4.0,9.005281605034636,9.25,21.30000000000001,38.0,1.6414853556485376,1.1800000000000637,1.5130571558597896,2.1299999999999955,3.513000000000011,10.092999999999961,74,148,92,1137.0,782.9250000000001,0.36510521442028293,3.977610634948399,392.3150000000005,0.5010888654724277,1,0.21962622353205744,84489,18556,0.14328957528957528,0.15616095648874545,0.08,0.16,0.02,0.36,91.96463444945496,90.7516975641302,23.661044361806468,84.0,20.5,70.5,121.0,0.05816104182711037,0.032895654540421704,0.0621415,0.03833924999999999,0.004826550000000001,0.0935665,0.2372448124904182,0.11653208024141609,0.269165,0.13155499999999998,0.024157,0.348325,-0.9836571098427462,5.090220843919272,-1.17875,2.3125587499999996,-3.59735,2.9917,0.13006752698887153,0.18513344867838424,0.067829,0.07139475,0.027386,0.3098,0.0744452992274445,0.032232541239762054,0.0642575,0.03352775,0.0452625,0.124585,-0.38253428055615435,0.05342947937900321,-0.38163,0.07029999999999997,-0.45157,-0.31772500000000004,0.8663000700582022,0.46196351194756313,0.678315,0.4369574999999999,0.487565,1.5718,-9.036305539987065,1.1527746796209262,-8.745,1.4057499999999994,-11.064,-7.8352,737.2302712983245,343.72225641296717,696.02,430.72,344.0,1211.4,1648.5269268841396,411.11125843908917,1607.6,495.8000000000002,1165.94,2203.0,2548.2449324492336,442.99670858603093,2545.5,554.4499999999998,1968.0,3122.9600000000005,1,0.6270649743892055,0.8619024847213286,0.4726817537171677,0.705087881053311,0.7189626388943473,0.7932969905839569,0.2331418099823148,0.4066088624753922,0.29899828872732037,0.4428186108284908,0.6490265515818432,0.6548600959945156,0.3066554845745726,0.45296182306992416,0.3877441049322067,0.5768703480472739,0.5459309675771272,0.6168427296085541,0.2550840676622781,0.38187115102423974,0.5015105505338311,0.5471673647590687,0.5258872041658479,0.6632340873007013,1.5129436624091175,1.4246339006996065,0.06282564989847383,0.20992761397417728,0.5753586166240912,0.7592847317744154,0.4344664963647082,0.4366935219755027,0.5858387371454772,0.30752603654942035,0.507032693503261,0.16545755490258465,15.497670080659644,3.196808045355581,0.9872797947655423,1.4040257380905012,12.211292276514962,7.0255585187415495,0.9725138425995665,1.4533717311037848,0.10471303686811098,0.6096945084410428,1
311,1.573676470588228,1.5049999999999955,0.7945586907055889,2.1937499999999375,2.548499999999995,3.5850000000000364,1.5562790697674447,1.080000000000041,1.2897925557424932,2.1000000000000227,3.1360000000000023,6.710000000000036,4.984496124031008,3.0,4.433810365646247,7.0,11.200000000000003,21.0,1.7495422222222194,1.4950000000000045,1.210029714692787,2.375,3.16700000000003,8.840000000000032,68,129,97,643.0,717.997,0.27961119614705965,3.2028292488543477,393.64699999999937,0.5482571654199103,1,0.2619493132724889,78561,20579,0.1224211778703153,0.14174078318160602,0.07,0.13,0.02,0.3,128.38431282697522,205.22226541620097,45.132544140014765,193.0,44.25,166.0,273.0,0.0749470737587113,0.057850728215777567,0.069226,0.088119,0.004970580000000001,0.155082,0.25467859150434907,0.15234977910437728,0.26268,0.23778999999999995,0.02958980000000001,0.441812,5.839483619714564,6.739075031598603,5.4782,8.6599,-0.5602219999999998,14.125200000000001,0.3088549055563438,0.33021345898206267,0.2017,0.23041,0.0757218,0.6891600000000004,0.11650904328393023,0.03652411015574644,0.11816,0.05591750000000001,0.065909,0.16416,-0.3371121066621313,0.06505890139311211,-0.3389,0.07548500000000002,-0.418202,-0.256738,1.3709204626075127,0.49313925747277476,1.3049,0.7085000000000001,0.794842,2.0971,-9.95301822245979,1.2037599656831968,-10.179,2.1256000000000004,-11.356,-8.2104,703.9169472090655,293.2162816926613,694.74,380.51250000000005,325.68,1068.8,1594.4406839826838,399.0645228151488,1563.0,459.79999999999995,1099.99,2122.9,2549.7714252610135,470.8844947482903,2585.9,633.8250000000003,1897.3,3120.2,1,0.300713668595653,0.48024329856165854,0.20725720496601846,0.39041725907687264,0.3636021125092524,0.4614928345211418,0.0452279215396003,0.17570192042998384,0.12690682100800754,0.344053009042481,0.19925718249108404,0.3524227720595557,0.0904661412421775,0.29549717263899866,0.14736493244061638,0.42372183839717353,0.2787123828140771,0.5136286966426412,0.1585886280196488,0.30218810618511893,0.07467546955117421,0.2850168453720357,0.29441503095350247,0.46399461721932594,1.0533214782989033,1.151963741515451,0.0652971976986744,0.20061830762845823,0.47802974227844697,0.03391427225624117,0.36161765695444453,0.9987214857681179,0.007872956059484557,0.24560931296682592,0.24327186943774212,0.09434992865314362,14.561934864559372,1.581296738735692,0.43770978751683387,0.5360542063558318,-3.652883766201358,2.532085335303988,0.4224772661265982,0.8313056914277381,0.3889935414424112,0.6242615147697046,1
312,1.4808064516128974,1.25,0.962162045213119,2.007499999999993,2.912999999999993,4.689999999999941,2.4912698412698413,1.2799999999999727,2.688857367555725,3.6850000000000023,6.465000000000003,12.659999999999968,9.555555555555555,4.0,11.7625687964559,13.0,28.0,59.0,1.4355980861244002,1.2000000000000028,1.033518981150444,1.8000000000000682,2.903999999999974,5.8799999999999955,62,126,84,1204.0,719.12,0.43650572922460784,3.8356164383561646,300.0399999999996,0.41723217265546725,1,0.26248433524474996,78999,20736,0.13057934508816121,0.16330741475644195,0.09,0.13,0.02,0.29,120.60912163445106,118.68253279320987,40.00839310417078,105.5,50.0,79.0,187.0,0.06496196202991031,0.03600056988893374,0.0712875,0.0476875,0.00648555,0.10392000000000001,0.2398212462763021,0.12236674663295947,0.27503500000000003,0.17168750000000002,0.026448,0.361325,-0.5860921134154128,5.678389152915874,-0.18454500000000001,2.9234999999999998,-4.323650000000001,4.5076,0.156223271704755,0.18498632402203422,0.091585,0.10473275000000001,0.026936500000000002,0.38095500000000004,0.08055506908616898,0.03227181920992181,0.0710595,0.0405525,0.048995,0.1287,-0.4206259288194444,0.06308929268212578,-0.42865,0.08809,-0.49539,-0.338495,0.9785563160686728,0.5000287618383761,0.78059,0.6363875000000001,0.52129,1.74655,-9.089469410686728,1.3944864309559053,-8.7934,2.2374250000000018,-11.261,-7.4685500000000005,710.5159327042059,356.2175419193578,661.19,481.35,289.0,1217.8800000000003,1638.413189142016,418.1895641116319,1606.5,490.0999999999999,1125.4,2198.5,2574.6583649199583,438.350945727689,2570.6,538.0,2023.6200000000001,3139.5800000000004,1,0.6699301830429053,0.819745127842665,0.47716584575584525,0.589721104485894,0.5015999807682922,0.6613175509493092,0.2833517390052228,0.45408004334708296,0.10420120222580172,0.2652670095568133,0.5454833123444136,0.610384292364547,0.18709388744081612,0.3477344657043923,0.23697904017181626,0.39355839134636117,0.42243763323082933,0.5341696529535901,0.16482638072924294,0.30771271324481764,0.13753906618831452,0.2809085895055303,0.2763376142431786,0.42588656016040294,0.9937085104700543,1.0079152083776162,0.1635352970664324,0.32397306237005996,0.3934690291404305,0.1342802752965295,0.23375799287352955,0.8234978278908576,0.08058768975447846,0.32132571874847465,0.3688706923345118,0.13122576532405406,19.29353645234301,2.957502087529641,0.9064912168905195,1.36259555262431,9.209694429303797,5.807731977924925,1.131455490498004,1.4946003463513633,0.1483022710168666,0.9141365629567759,1
313,1.4828627450980498,1.492999999999995,0.6804041480550385,1.9050000000000438,2.4150000000000205,2.9250000000000114,2.349517543859647,1.4650000000000318,2.2708918923045025,2.8774999999999906,5.7070000000000025,13.079999999999927,6.587719298245614,4.0,7.529837028488233,7.0,17.700000000000003,43.0,1.554533678756481,1.4150000000000205,0.8617228797035613,1.9200000000000017,2.5940000000000176,5.15500000000003,51,114,80,751.0,673.095,0.39793045558204976,2.803860441673358,300.02500000000083,0.44573945728314845,1,0.2974091614597843,75381,22419,0.18635910224438904,0.23469768472474145,0.09,0.2,0.02,0.51,95.75357185497673,115.34125072483161,32.02223311516053,102.5,23.0,91.5,175.0,0.08877327255280343,0.03901307340421634,0.093355,0.037373500000000004,0.0288454,0.13037200000000002,0.31310895818136847,0.12893671985005464,0.33355,0.10247,0.10896600000000001,0.44491600000000003,1.4330222908961596,4.765045368167277,1.0543,3.2242565000000005,-1.8537599999999996,6.3382,0.15203368789464738,0.1365055204263114,0.10788,0.09048450000000001,0.0609376,0.30861,0.10509983300229714,0.032959281415583214,0.1009,0.054300000000000015,0.0668214,0.151082,-0.3970396815647442,0.05652260831386736,-0.39416,0.07652000000000003,-0.472694,-0.33102,1.0625409665908383,0.4350535982610728,0.91018,0.4715900000000002,0.6726219999999999,1.7241600000000001,-9.777684365939605,1.044321031480058,-9.5493,1.7242499999999996,-11.3722,-8.55048,676.1434399376288,294.670706814492,648.13,340.95500000000004,327.866,1062.6,1605.22682576224,393.14943619539366,1556.0,507.29999999999995,1156.0,2147.1,2524.9761857215517,430.04597720514425,2517.8500000000004,521.8000000000002,1988.6,3086.4399999999996,1,0.6653537485224722,0.8393965258559,0.18844931204471527,0.36551804600858806,0.20649256787465062,0.3718619237660742,0.08129670751821139,0.23300490769758078,0.07594490585055207,0.30341272853261514,0.2439508742841435,0.41602086712910274,0.10971884079351261,0.3482345408219318,0.11513897145736933,0.42160674644583684,0.1986335185779081,0.41469781700807073,0.08742062056168966,0.227832702816714,0.08929189829110734,0.2396299844375904,0.27760772598158245,0.5244842670327386,0.7399303459476795,0.7623981244028523,0.031163295276492416,0.17056922211166856,0.26329775049250925,0.058872039217482935,0.07651074357447199,0.6448893572181243,0.19764511843130067,0.36858019883630366,0.2221709523558633,0.08076018123862759,12.395577075215167,2.7423864388645844,0.7030171248792554,1.1236931110856851,19.8251826918864,4.691889463071629,0.5355301019010565,0.6938487150510411,0.2646738142831183,0.9607405462184874,1
314,0.7054057971014464,0.3849999999999909,0.9686490116613294,1.0450000000000728,1.2576000000000023,5.894999999999982,2.715114666666664,2.4399999999999977,1.6602330375135779,3.7000000000000455,5.0,9.835000000000008,8.821333333333333,7.0,6.854882315222891,13.0,19.0,33.0,0.7987531914893652,0.5625000000001137,1.3481444469061377,0.9362500000000011,1.4865000000000126,25.39,69,375,96,3308.0,1513.3890000000001,0.6727734904905474,3.248972664629023,375.41400000000164,0.24806180036989936,1,0.48200373696426607,154671,74552,0.1897480274879104,0.20630581603411455,0.12,0.22,0.02,0.46,152.4138332331206,167.0605416353686,40.76602411861815,156.0,43.0,129.0,224.0,0.0994412533519805,0.04830462719491113,0.0985875,0.04930050000000001,0.0314424,0.16017800000000015,0.4108068261835041,0.16391033489341658,0.44837,0.17394500000000002,0.13346700000000003,0.5787,4.108996377190981,5.944031875550181,3.9480500000000003,6.8749275,-1.5311899999999998,11.07,0.23359299561049732,0.16509673483168927,0.19921,0.1602625,0.0922265,0.4157,0.09580434371753944,0.030219504186889106,0.09195,0.0410225,0.0601823,0.13781900000000008,-0.35481547407983693,0.0762074915522571,-0.35808,0.09644999999999998,-0.451299,-0.25816199999999984,1.3988477599527847,0.452273776837386,1.3306,0.6366,0.871683,2.0623,-9.075863874879278,1.2187520053998753,-8.9429,1.6849999999999987,-10.938,-7.586019999999999,614.1347762213783,281.14405441928784,575.74,355.22499999999997,289.53400000000005,961.0,1535.271419587342,436.43231527226914,1562.1,579.6499999999999,938.9320000000001,2078.1200000000013,2512.8844956295006,511.91627919577127,2561.6,735.5,1794.6,3125.0,1,0.7386299379776665,1.0094614484765194,0.3649108596788759,0.4998262019000588,0.7845120539171421,0.8223228493338213,0.24667465889919168,0.4195538117447485,0.08966585941457612,0.26577226444288143,0.34443897861374795,0.5500164411400081,0.24178062705107592,0.3938273836482283,0.390554339537035,0.6027115178836573,0.38076027991542416,0.5284057642253558,0.2460494678545471,0.39842225905292794,0.19629160143602847,0.4022779749420638,0.18213922952227826,0.3414283247804935,0.7781227257449949,0.7997725960351534,0.06093200068277426,0.18955887211299166,0.4846155540382794,0.11944144660044491,0.18423892694315352,0.051340219809263704,0.34092460850604583,0.49699359073189,0.36039018716038274,0.08995367370222834,17.052626981111043,5.442062109590471,0.6612270825357219,0.809983989782978,17.668431352897944,10.5708322951694,0.5088407129918906,0.95275741215339,0.25940798279683147,0.9710707656860026,1
315,1.2127457627118647,1.3199999999999932,0.6450474846066012,1.669999999999959,1.9243999999999921,2.954999999999984,3.5033925925925917,1.8500000000000227,3.6075351595448804,5.689999999999998,9.599999999999959,15.139999999999986,10.14074074074074,5.0,11.819107544777095,16.0,25.60000000000001,50.0,1.3712197309417031,1.1920000000000073,0.8509541103412399,1.7800000000000296,2.3600000000000136,4.8700000000000045,59,135,89,1369.0,899.87,0.5255848066943001,2.8945487760012525,305.7819999999998,0.3398068609910318,1,0.32396272260326636,97539,31599,0.17458011049723757,0.19887102748077337,0.09,0.21,0.02,0.46,111.34007935287424,118.78423367828096,27.19243794610058,110.5,15.5,99.5,157.5,0.05322075216783348,0.0348843687756797,0.04948,0.04134100000000001,0.00999214,0.0960502,0.24325788145094784,0.1322999822685103,0.23916,0.17007499999999998,0.05462580000000002,0.417174,2.579810529311806,6.301882274438874,2.178,5.49765,-3.3420399999999995,9.9808,0.25203997075338774,0.2027736497050524,0.20093,0.18994999999999998,0.08395180000000001,0.479362,0.09860940108864207,0.03803338697349064,0.10059,0.0557285,0.0445886,0.147182,-0.4505596256527105,0.05187375583682858,-0.45208,0.0645,-0.513842,-0.387748,1.726807264153929,0.8317908884129501,1.9983,1.3986,0.30464,2.4965,-8.86076812873825,1.2037911897039653,-8.5828,1.5695999999999994,-10.886,-7.5400599999999995,621.8860525982058,412.3220691532312,527.63,554.6575,198.663,1234.0,1673.8099371148282,540.365737396779,1623.95,745.325,1000.8,2418.9,2589.4983227476628,509.955980705206,2588.1,658.0,1952.3,3242.0,1,0.6436351289548143,0.8562749916694925,0.3491649224899254,0.5257288228639204,0.48242990705650346,0.7949623047415447,0.1934236432307297,0.3412224368790674,0.19464276395438565,0.37319560437509897,0.27124248349481267,0.4365549318155818,0.2428684470547886,0.4275119666265941,0.22585482971791138,0.3834633564265687,0.4171115766097916,0.5413318728258422,0.25928819326073904,0.39412227078854195,0.2291352762582526,0.45164447483980547,0.4362285623767469,0.5384262641981413,1.7933912349309782,1.4090436180060086,0.06734423844636886,0.20333931373768122,0.3987824744919832,0.12072365600617337,0.33396210237503215,0.9312355311669381,0.2567092514790363,0.5152190688502101,0.4146972291311964,0.186645518546194,21.781546602686827,3.089533379958063,1.0594658474299308,1.6804218575796912,7.278026291402459,7.507079322232109,1.0786907950319418,1.7552741871200541,0.109245122985581,0.3974267898018786,0
316,2.3362162162162177,1.5950000000000273,2.403938043172642,3.1225000000000023,4.8340000000000165,13.460000000000036,1.5122794117647016,1.1299999999999386,1.240589854317268,2.0449999999999875,3.0950000000000273,5.449999999999989,4.647058823529412,3.0,4.2435581140274286,7.0,10.5,20.0,1.9727731092437018,1.519999999999996,1.6957868823060482,2.4975000000000023,3.6679999999999966,13.460000000000036,74,136,103,632.0,801.65,0.25655834840641106,3.0728837458063976,469.520000000001,0.5856920102289042,1,0.1839334415023993,86901,15984,0.12995121951219513,0.144593056859618,0.07,0.15,0.02,0.33,84.92422411709877,107.47494369369369,31.373623059956607,93.5,20.5,84.0,169.0,0.0541170844832251,0.03971417765839583,0.047037,0.04090025,0.004674690000000002,0.10469400000000001,0.24142377038442878,0.19853874610505906,0.25363,0.17200250000000003,0.019828400000000003,0.4033540000000001,3.2827131045108233,5.600151365973217,2.6121499999999997,5.0732625,-0.3045969999999996,10.093800000000003,0.20298926072468718,0.21054303324116808,0.148185,0.129475,0.02247880000000001,0.388734,0.09667707409346847,0.040669140518102706,0.098428,0.06222424999999998,0.0386193,0.150227,-0.406550181493994,0.05685617071972985,-0.40486,0.08135000000000003,-0.480607,-0.33858299999999997,1.6826954241741743,0.8683921278183043,1.9104,1.67802,0.30446,2.4965,-10.070151113613614,1.0683583816680813,-9.9275,1.8570250000000001,-11.581,-8.76055,748.5094339594386,342.5390253653806,704.1,419.11,336.0,1255.2,1639.9906012235751,436.2535181523205,1564.3,521.0,1156.9,2268.3,2599.577743583195,452.9635458086039,2596.1,562.0,2023.2,3177.8,1,0.3493150439694058,0.6535947775720496,0.19173934194940184,0.3673444551506409,0.3488673662286722,0.5034290728773655,0.11226274049813688,0.295738125504531,0.0901004445969798,0.2601182116140549,0.21705638030986465,0.3733115111549048,0.10012539015493234,0.27888710021501434,0.08189004004706804,0.26794776755482674,0.27010552559325357,0.43473741260465043,0.08317264777407335,0.21280759549000863,0.09996636909197881,0.2300117610597725,0.3130103976465974,0.4166482642125776,1.0426316640909983,0.9437428940985911,0.0041643128848793875,0.0517878205962434,0.24255736418905668,0.3470876642478917,0.16214944106687587,0.5682682878995882,0.362816238478133,0.3674053736026672,0.23602911891687448,0.08231099365957255,20.081728738455773,3.269797715118518,0.48676217534534816,0.6496522494498187,6.886267333220821,5.681355638602334,0.37138981004062144,0.6849153022577684,0.4072350410637466,0.9699535507714115,1
317,1.9837213114754084,1.919999999999959,1.0983038358192745,2.5249999999999773,3.203000000000088,4.823999999999955,2.1635357142857146,1.3899999999999864,1.8231425426628998,3.1950000000000074,4.719800000000025,8.340000000000032,5.732142857142857,3.5,5.393418844919676,9.0,13.0,22.0,1.90420812182741,1.6999999999999886,1.1701214576790024,2.495999999999981,3.1579999999999813,7.037000000000035,61,112,86,642.0,735.1099999999999,0.32963229992790205,2.649432971821918,375.1289999999998,0.5103032199262694,1,0.24524785687663064,80490,19740,0.1630057803468208,0.19751022292064987,0.09,0.17,0.02,0.38,90.27208348863213,119.5047619047619,37.47835920815111,106.0,45.0,84.5,184.0,0.08391068038881459,0.04190412003876541,0.0898925,0.04923325,0.0185402,0.12896,0.32895504828070415,0.18875931015450922,0.369795,0.1997175,0.07520260000000001,0.49028,2.5030034058210995,5.594651810525399,2.4252000000000002,4.7589950000000005,-1.525129999999999,8.028180000000015,0.17223442202419958,0.1543148724123824,0.129475,0.09318074999999998,0.0638269,0.3341230000000003,0.08824338311372847,0.027662982671910367,0.0835095,0.032719750000000006,0.0584401,0.12682100000000002,-0.3974945928064843,0.059779297533713666,-0.39666500000000005,0.07630000000000003,-0.47628099999999995,-0.32466799999999996,1.2373201134751772,0.4608249043844302,1.1077499999999998,0.5811824999999999,0.771988,1.9504,-9.668469361702128,1.170974808445372,-9.4963,1.812925,-11.351,-8.25226,650.1100097671009,295.3656689168108,603.16,358.19499999999994,332.006,1047.2,1613.1585558759195,435.8348513096235,1581.5,587.8000000000002,1056.8,2210.9,2558.6805787681446,440.0425131363403,2578.3,593.0,2002.23,3110.6,1,0.5697805835724846,1.1642612035606543,0.3238574809983477,0.6282980423764303,0.5596036221410557,0.7744220992857186,0.1024547900252196,0.2610522740541141,0.24901942377598052,0.46916347946077386,0.4615169088181581,0.5194052185537618,0.25673138794677797,0.44932566294722287,0.3915498296808418,0.6564925642847407,0.5630050204800418,0.7848562775641368,0.12584818653795982,0.2762772451646626,0.18022633550743544,0.35346015137853604,0.5541793383337682,0.7677498376611258,1.0232439487781548,1.1453736900441067,0.1365077349769545,0.3242623983279213,0.3125489172971563,0.3412905470040873,0.17831985390033916,0.7108879032959388,0.5083920340899208,0.4091660144360379,0.39268032796951285,0.09943075671360861,26.36182257677561,2.6183207292743544,0.679892953101358,0.6700184160474144,-1.004875979373964,6.659060354453485,0.7596945847847211,0.9470280139674417,0.26181028361388414,0.9685318029650886,1
318,1.3555555555555518,0.9699999999999704,1.3120375258108345,1.6599999999999682,2.684000000000015,7.730000000000018,3.3752941176470608,2.7150000000000034,2.8227320258865145,5.1825000000000045,6.619000000000006,12.680000000000007,10.264705882352942,8.0,9.50946532649695,17.25,21.60000000000001,43.0,1.380875912408758,0.9800000000000182,1.1583063866405134,1.6500000000000057,2.588000000000034,7.730000000000018,45,68,70,698.0,515.6600000000001,0.44509948415622713,3.0411293133495976,189.17999999999984,0.3668696427878831,1,0.292781998334438,58839,17227,0.168396871945259,0.21986081723228254,0.08,0.18,0.02,0.42,104.31856421761077,107.41260811516806,34.26250142615576,92.0,33.0,80.0,172.0,0.0491775864484688,0.0369007592754696,0.049897,0.05905199999999999,0.00309346,0.09489339999999999,0.24810797403460266,0.15745633621939215,0.22378,0.245375,0.0290796,0.44091,-0.6939837958947582,5.97585126283714,-0.29572,3.452,-5.626539999999999,5.040219999999998,0.29598758207602016,0.30899903883509977,0.17571,0.297841,0.059008800000000014,0.724942,0.09538284391548152,0.03796874723359459,0.08998,0.061923000000000006,0.051566600000000004,0.149834,-0.41882028850060954,0.06006607702733816,-0.42247,0.0826,-0.492906,-0.341862,1.0788294438962094,0.46559953007957944,0.91164,0.5055149999999999,0.670516,1.8071799999999998,-9.53970332617403,1.1619626361285103,-9.3264,1.7729,-11.343399999999999,-8.1645,630.2917767968856,310.72331569350854,586.0,401.2724999999999,283.24,1048.1,1572.3378725520197,410.13343895108284,1546.2,533.0,1061.8,2114.8,2505.6222978716173,439.8031110424384,2508.0,557.3000000000002,1952.3,3076.8,1,0.542932482260517,0.7834362062898136,0.35293294557780025,0.5491343000976935,0.6679965306006083,0.7620212092021532,0.12233409306893055,0.2801749538063189,0.30530683153826654,0.46141805528836,0.40286676349467815,0.5015066964414759,0.4859920061454638,0.5797415624869021,0.41496071300050685,0.6879858358709988,0.5686466739736442,0.6676437806547757,0.14818582121135326,0.29885790783420174,0.22225202984034467,0.36215490429580527,0.3149799936644704,0.44033851692852044,0.8111838003674607,0.9463307639824249,0.0216265018373036,0.11677696950884965,0.4575519513431323,0.16371008616320323,0.08825392802838317,0.670932589964521,0.12614039533705018,0.2249746578813989,0.384442656184382,0.09862525650111784,21.62197396988423,3.4931662527705982,0.5680578448128114,0.9158326051587085,19.15643756976862,7.554001090977534,0.642560491418619,1.0972544136328612,0.34162114648081876,0.8904839342791454,1
319,1.1749122807017527,1.0,1.031393407350655,1.4700000000000273,2.199999999999988,5.410000000000082,2.0978504672897187,1.5100000000000477,1.7292227350343252,2.9449999999999648,4.4260000000000135,9.189999999999998,6.364485981308412,5.0,5.483011184711612,9.0,13.0,24.0,1.406594594594595,1.1999999999999886,1.003989217651252,1.740000000000009,2.607999999999992,7.409999999999968,57,107,79,681.0,599.79,0.37424765334533744,3.033812981690205,260.2200000000001,0.43385184814685157,1,0.3027026231775316,67971,20575,0.16632983023443818,0.20349679053611602,0.1,0.16999999999999998,0.02,0.38,109.19362669373703,122.62425273390036,42.45940501250954,107.0,62.75,81.0,190.5,0.08480092281031787,0.055602851849716334,0.077741,0.076718,0.0135808,0.15788,0.262577504746158,0.14129818798936036,0.25931,0.16830999999999996,0.0651372,0.4442500000000001,0.1986160721874119,6.416011504733703,-0.18896,5.52745,-5.35192,7.805180000000001,0.24262883822170594,0.21849067174518041,0.17354,0.18966,0.0747568,0.5083220000000004,0.11518646485346296,0.02759453025183358,0.11531,0.036383499999999985,0.0804898,0.14966600000000002,-0.40958268510328066,0.06501805833211335,-0.41591,0.091165,-0.488828,-0.32472399999999985,1.2836666250303768,0.5601509920239293,1.1603,0.8151700000000001,0.65685,2.1645200000000004,-10.227295922235724,0.8882556309417775,-10.167,1.3519500000000004,-11.47,-9.09708,638.6095351313562,324.06437791205326,585.75,402.15,272.752,1073.8,1606.3067821031718,417.48415292540903,1578.3,563.1000000000001,1079.0,2180.0,2502.9016098314814,429.40895975492043,2469.3,558.0,2005.64,3066.16,1,0.30994880672268904,0.49163963144073447,0.1625202058823529,0.31824572527845874,0.10088319327731093,0.2819158028898967,0.39657317226890754,0.466039645451485,1.1017721218487397,0.8586852998651839,0.5447466512605041,0.6291232743413983,0.892224344537815,0.7355776007853511,0.6104748865546219,0.6262548029390218,1.7988004957983192,1.1994972440504235,0.09016579411764707,0.22425251660275233,0.3927306596638656,0.4005058227126926,0.5598996722689076,0.5455132885998766,1.3752391176470589,0.933610934804122,0.7476674033613445,0.49968038039045337,0.1134453781512605,0.4327731092436975,0.5294117647058824,0.5546218487394958,0.6638655462184874,0.40336134453781514,0.6488318946578632,0.18847608860759493,13.56498483564643,5.295869163955248,1.801911314123274,3.217074251473576,3.332881823695598,6.064833303867809,1.9321126978286984,3.725618333911162,0.12236286919831224,0.011551715769548124,0
320,0.799494949494956,0.5049999999999955,0.8583436289319264,1.2449999999999761,2.006999999999994,4.235000000000014,1.5676100628930814,1.1799999999999784,1.149465398911585,1.9700000000000273,2.929999999999975,6.300000000000011,4.754716981132075,4.0,4.419392628994226,6.0,11.200000000000017,23.0,1.3949103942652339,0.9549999999999841,3.3164157503616463,1.75,2.503999999999997,53.790000000000006,99,159,121,756.0,806.01,0.3092393394622895,3.0330992978936817,389.18000000000023,0.48284760734978505,1,0.2901307259513019,84069,24391,0.12776846516500787,0.15701293294301824,0.07,0.13,0.02,0.31,136.2452271348535,205.92042146693453,51.55212054130906,195.0,61.0,153.0,278.0,0.09781192424955641,0.054491220964420106,0.095458,0.065466,0.018873,0.17065,0.3803451724449387,0.2001111249626189,0.41749,0.23031500000000005,0.086458,0.5776,4.345806428390553,6.043087814196507,3.8582,7.61209,-1.4059,11.654,0.25491427437412156,0.17167584788545454,0.22677,0.163765,0.088243,0.45086,0.10648990192370135,0.0333705499673822,0.10661,0.05040300000000002,0.062982,0.15009,-0.3637088635562297,0.07553998146564408,-0.3666,0.09199000000000002,-0.46024,-0.26277,1.4586592944118733,0.47709893613773596,1.4073,0.6627000000000001,0.88705,2.1582,-9.554690873682915,1.4538704409812637,-9.5815,2.5015500000000017,-11.413,-7.5832,689.308071497596,300.1261065086505,695.0,443.655,319.61,1025.8,1616.2821752630073,420.0088503008954,1668.9,555.3,1025.27,2134.2,2492.132795615747,454.730285659641,2461.0,578.4000000000001,1885.2,3087.2,1,0.863897591187042,1.051086568479381,0.8431090462120151,0.9358485397358056,1.17063962675629,1.3997013579744766,0.23545476651262662,0.4234865252582497,0.09302476753956028,0.2452352384147085,0.5565799315221959,0.661389927193066,0.13381620085888998,0.301414235642524,0.22359194823320733,0.3835445822408617,0.4252370632497783,0.5343502628137994,0.1781367484946086,0.3281842852944844,0.15007505083321665,0.3032958701331135,0.4150654377071372,0.5455950766365841,0.9965185250431781,0.9850371649566048,0.038718120804742566,0.14444759884121844,0.4542781123092004,0.053867338841432105,0.3442094944685618,0.9243336600849554,0.06035569248004481,0.47150259067357514,0.4517046303538921,0.1146818740647132,19.49561241327884,4.38469948725407,0.8567388808415449,1.1692280519919926,13.742116500702128,7.102910339955126,0.7491351903577055,0.9171494657580542,0.18262226847034338,0.8837388801674516,1
321,1.2366463414634132,1.0925000000000011,0.9884170810670688,1.6812499999999915,2.468000000000026,5.059999999999945,2.380737704918034,1.3249999999999886,2.658721086621758,3.302500000000009,5.389499999999988,13.840000000000003,7.516393442622951,4.0,8.84866722071227,9.0,18.0,49.0,1.4556681034482724,1.1274999999999977,1.3437571161703523,1.7475000000000165,3.0679999999999383,10.579999999999984,82,122,111,917.0,759.185,0.38258132075844514,3.1571699087622638,337.7149999999992,0.44483887326540855,1,0.34324926086797825,82191,28212,0.13945625308947107,0.14154154805638494,0.1,0.16,0.02,0.32799999999999957,147.68040296382816,186.33159648376576,42.8314122798338,173.0,34.5,152.0,252.0,0.10737384792995852,0.05536481424933274,0.11829,0.07566149999999999,0.018968900000000007,0.16913,0.33056183166751746,0.14317544887448863,0.37612500000000004,0.15207749999999998,0.0836081,0.46477900000000005,3.8666284826655675,5.869329960123103,3.1862000000000004,6.70654,-1.6409199999999997,11.533,0.2107530908000638,0.16329437990247103,0.169425,0.12028499999999998,0.09479790000000003,0.38917400000000013,0.10639250876467461,0.027896266164494903,0.103395,0.03809475000000001,0.0739501,0.1446,-0.3819626075428895,0.07009309742027675,-0.380815,0.09204250000000003,-0.47695,-0.29999,1.3706196558202184,0.4643987363468107,1.27225,0.6063749999999999,0.8715890000000001,2.0775900000000003,-10.18725404792287,0.9449876727963828,-10.196,1.6270000000000007,-11.404,-8.938139999999999,680.4155129307511,295.50010312947023,653.6,394.21000000000004,338.402,1058.8,1616.219818996263,383.74807829810084,1598.5,436.60000000000014,1125.72,2109.2,2565.1392342336862,462.6264819985282,2613.2,633.5,1920.5,3116.9,1,0.40437211857160826,0.5462306662283464,0.1417925063078922,0.2893952343988468,0.23511322746133537,0.4335631641767667,0.032418862860974895,0.1486416930155618,0.057944562764575214,0.20980474887233963,0.165181066599606,0.3159400579220954,0.052327677731673586,0.2031307796421993,0.15010087317154952,0.35165513208032034,0.4482757320927114,0.4779159640892519,0.19881361947273563,0.3366929547491601,0.02041716040068737,0.11105868593728978,0.2610605629741397,0.3825990651512215,0.7691335495200972,0.8673914482426968,0.0725358603881135,0.20438238445993306,0.46129343224778907,0.5493105327130223,0.19665535018232114,0.8631962781340374,0.0,0.3838383838383838,0.2149633843084071,0.06924321238458499,20.94768257349736,2.6612656278300038,0.6801915030676298,0.7921273588288473,7.546226395798025,2.756035231215933,0.401701657651361,0.5693082497849162,0.41919424340041,0.968813366858626,1
322,1.2452461538461501,1.1619999999999777,0.8225308978207563,1.8909999999999627,2.4376000000000206,3.4829999999999472,2.397623115577892,1.650000000000034,2.1955137523715504,3.839999999999989,5.40899999999997,12.635999999999967,7.874371859296482,5.0,7.689273118302621,12.0,19.0,42.0,1.3118835616438334,1.1075000000000088,0.8487705977105954,1.5972500000000025,2.5041000000000184,5.888000000000034,65,199,94,1567.0,981.3779999999999,0.48618065617937284,3.2842408834545065,383.06999999999937,0.39033889082494144,1,0.33656132710655245,104709,35241,0.14913669064748203,0.14641091810337578,0.1,0.16999999999999998,0.02,0.34,135.40383348136262,128.7925853409381,34.39625807442873,120.5,29.5,102.0,178.0,0.055590995061802734,0.048308127904271365,0.04708,0.060636999999999996,0.0036875,0.11754,0.21420674559866063,0.1382655020041928,0.20781,0.19931,0.026206,0.40079,2.391698056613186,6.458258395902547,1.9252,5.708629999999999,-3.6466,10.162,0.37656758633650866,0.35432370908920396,0.24086,0.33907,0.097749,0.87109,0.11553591995981385,0.03491380959098342,0.11919,0.043534,0.064074,0.15728,-0.44583788624613374,0.06850217339496348,-0.45673,0.08967000000000003,-0.52846,-0.34782,1.4638674129564992,0.601070038010511,1.4,0.8499000000000001,0.70194,2.4951,-9.893751823160523,0.9902671574753431,-9.7408,1.5096000000000007,-11.396,-8.6991,623.6070619603123,321.3340211586411,576.06,467.2,273.0,1063.2,1583.101306142337,428.37169033109126,1572.5,531.3500000000001,1044.56,2156.7400000000007,2477.11887299722,445.1674568891836,2455.1,498.6999999999998,1926.7,3074.7400000000007,1,0.5850522271046407,0.7352196369589653,0.5030040584668688,0.6402261900191248,0.5609065943298797,0.6648945230372885,0.12472777232901357,0.32905431226743576,0.11880568920944798,0.30976942901455146,0.4146784074357864,0.578302245413407,0.1672678035779725,0.3520472574184794,0.1647845285338308,0.3376987439007386,0.2716381230302829,0.4548968383921506,0.1549594992837392,0.33039650157394895,0.18279434283905785,0.3674728552692029,0.30588880830862514,0.4831513339734718,0.9378205133757537,0.9532185181287838,0.05363283336109538,0.19514684198656557,0.21487823566645567,0.020388446546956724,0.3280474397841223,0.8543158876636573,0.15004830595995602,0.478728720391778,0.3247115143704281,0.09494362484294092,18.523190925224654,3.043065042195225,0.7672464960127002,1.0922482322210987,16.382858087435583,5.055919959964266,0.5329048328734891,0.7347057011862007,0.2657184153472177,0.9646313510760218,1
323,1.0654545454545443,0.8600000000000136,0.9169074865235696,1.5800000000000125,2.47199999999998,4.160000000000025,2.93946564885496,1.839999999999975,2.9812969955268724,4.240000000000023,6.740000000000009,14.339999999999975,10.244274809160306,7.0,11.209382386274983,13.0,24.0,53.0,1.1293548387096777,0.9899999999999949,0.7126464912948962,1.4699999999999989,2.132000000000039,4.160000000000025,55,131,87,1342.0,740.4499999999999,0.5200486190829898,3.485080634689799,245.07000000000005,0.3309744074549262,1,0.3501194743130227,83700,29305,0.11349728892331526,0.11678682818792603,0.07,0.13,0.02,0.27,185.08960573476705,196.71163623954956,53.00650532682487,181.0,57.0,147.0,276.0,0.0890868748975838,0.06413430030713031,0.087959,0.10816,0.005434760000000001,0.17442200000000005,0.2728154391077905,0.15899913607315155,0.30233,0.25693,0.026616200000000003,0.45871800000000007,3.6549829305553354,6.570525895106373,2.731,7.6432,-2.72754,12.048200000000005,0.2908985999369391,0.30236536621085747,0.19456,0.20106999999999997,0.0679754,0.6387360000000004,0.11700024119365297,0.03128099340070488,0.1168,0.04298600000000001,0.0772774,0.158176,-0.36337097488483194,0.06847286521242228,-0.36169,0.08431,-0.454036,-0.279754,1.3872170196212248,0.4994330102264593,1.3259,0.724,0.791984,2.1205600000000002,-10.11635218563385,1.0542134310825217,-10.148,1.7662000000000013,-11.452,-8.666899999999998,625.5917815313646,257.94297809515297,609.6,327.86,322.932,921.6180000000002,1636.689321318881,423.31020585740833,1650.7,563.3,1070.8600000000001,2174.6,2574.2375143707354,436.57996574323306,2614.4,542.9000000000001,1997.76,3105.1,1,0.8094661445968072,0.8067493958407566,0.7640613093020876,0.799544035584817,1.2159991660356118,1.090739972751834,0.3824118806283258,0.5216191695108365,0.1796553985878019,0.315958035635709,0.566761012996316,0.6602605661035321,0.19433845256856325,0.33223560568508753,0.26748858943921405,0.4033577098386335,0.5296804038579614,0.6123531216574226,0.3153172769647974,0.4330016625874677,0.2568994221756037,0.3778815970701109,0.3388856345681539,0.6041334016688833,1.7606161326749896,1.547541591463995,0.08672019269340975,0.23578747044275636,0.3542263610315186,0.08918338108882522,0.25399099467867375,0.8376483831354892,0.04891526811297585,0.42637126483831356,0.5477357869349746,0.14521760622729366,24.609673837831306,3.708038738592707,0.9345637523539714,1.106551964736319,14.062385941933972,5.652681347661962,1.0178706702993314,1.299081132090317,0.1141777109805529,0.8424266560467277,1
324,0.6814666666666691,0.6000000000000227,0.5348144683491246,1.0600000000000307,1.5229999999999793,1.8449999999999989,1.6762195121951229,1.4300000000000068,1.063237566372685,2.2624999999999993,3.0660000000000207,6.539999999999964,5.310975609756097,4.0,4.521722801871659,7.0,10.700000000000017,27.0,0.9323725490196068,0.7300000000000182,0.7549945840809328,1.2974999999999994,1.840999999999991,3.830000000000041,75,164,92,871.0,642.13,0.4281064581938239,3.168424881775189,237.7549999999997,0.370259916216342,1,0.27895853262903963,72129,20121,0.16574135090609557,0.20164537923184755,0.09,0.19,0.02,0.43,100.98573389344092,102.93111674370061,29.001672614745836,93.0,21.0,79.5,160.0,0.11911090981449231,0.05625679299602841,0.13186,0.069926,0.022867,0.17997,0.36552775819392674,0.15657131783451503,0.39748,0.15098,0.093397,0.5379,2.797162622856667,5.276269519126534,2.4992,5.07921,-1.3884,8.8357,0.19209096137706377,0.12802316570639125,0.17355,0.08728,0.07874,0.32001,0.09693673707602506,0.023087710046942753,0.093662,0.023842000000000002,0.074766,0.127,-0.3923552937726753,0.06204869072423883,-0.39231,0.07740999999999998,-0.47092,-0.32032,1.5140523592266786,0.4822803002139935,1.4535,0.6297999999999999,0.95172,2.2597,-9.55461453208091,1.0436667834669846,-9.3202,1.2832000000000008,-11.264,-8.4749,672.5316776445158,348.2910971710612,602.91,488.2,253.684,1183.1,1583.5185161425281,414.14639846072623,1543.4,536.8999999999999,1089.1,2134.56,2503.5063982985844,457.7973167666294,2517.1,630.7000000000003,1952.74,3097.7,1,0.7347571666579565,0.8820047880885645,0.3936613177946172,0.5744285860384708,0.5972146805853149,0.7703717095764293,0.28084717841651424,0.38705423134172606,0.2756676252939639,0.42753799694732697,0.4210391646198066,0.5288696250381869,0.34011304139012283,0.45985838758157876,0.48240640862294226,0.5628098324547463,0.49974959498301547,0.5740669386143599,0.23941637219754378,0.3802230184083077,0.25146632176639666,0.39046538127740654,0.3690648250849229,0.49450433623207013,1.1779064649594984,1.1138210082129334,0.07436187525476876,0.21812773379636596,0.40747321661876146,0.7717272014632872,0.29918996603083353,0.804912464071074,0.18813692187091716,0.47143977005487325,0.4384051455448132,0.11809393378279502,18.80908606409488,3.196232005356394,0.6855788869220732,0.730300624323462,16.090729412369612,8.673995784889671,0.9524733098964804,2.0963032936119044,0.1109369642944605,0.9237677141096734,1
325,1.3483409090909098,0.9650000000000318,1.4559321279007866,1.7974999999999568,2.4524000000000146,9.139999999999986,5.476063829787239,5.400000000000006,3.693083010654558,7.855000000000018,10.99200000000003,14.593000000000018,19.138297872340427,18.5,13.91279914616339,26.75,42.7,52.0,1.1615819209039513,0.9200000000000728,1.0231953468743082,1.4399999999999977,2.2440000000000007,9.139999999999986,44,94,84,1799.0,820.34,0.627483726259844,3.494900437105388,205.59999999999937,0.25062778847794737,1,0.44681775065427826,87501,39097,0.18355399061032865,0.16166765348580261,0.13,0.19,0.03,0.41,146.0554736517297,190.0937412077653,34.049068682580724,180.0,25.0,165.0,232.0,0.12417137484400538,0.0515632093917954,0.13289,0.05434,0.04013300000000001,0.17989200000000005,0.3412929927036108,0.11670746547452951,0.36957,0.08104,0.15514600000000003,0.44201,5.677153035488784,5.558418938225669,5.4685,6.0689,0.0,12.026200000000005,0.19509769128056884,0.14029011349636505,0.16498,0.08728,0.106906,0.30976800000000004,0.10594404801716245,0.025462041922921997,0.10475,0.032965999999999995,0.0748062,0.1388,-0.38398202371537454,0.06903368598277113,-0.38445,0.08878999999999998,-0.475028,-0.29813199999999995,1.3534986518147174,0.4067958879091928,1.2854,0.5185000000000002,0.914056,1.92404,-9.315445082742922,1.0291234980856392,-9.133,1.327,-11.013399999999999,-8.14486,656.2893629890106,302.7174262356014,605.15,401.23,328.0,1073.0,1600.9105405559937,436.8324953191357,1583.1,556.9499999999998,1055.8,2183.840000000001,2544.2661364026208,467.27243949567577,2587.9,590.6999999999998,1914.0,3093.040000000001,1,0.1974521261002679,0.42601812129628813,0.10740307439724456,0.2727608654096407,0.2558668818982013,0.3900413106279702,0.09120473092231152,0.24166620507272743,0.18225244592422501,0.3817070419326633,0.31937409739762723,0.42191857466328914,0.2213808711825488,0.4143904556654286,0.3229387913892078,0.5918174376344397,0.24234892732491392,0.4196624887566154,0.03733257990815155,0.146986149148312,0.0377582423268274,0.1637881219175974,0.19581792862610026,0.3327413848819852,0.9154400066972828,0.9490553021689276,0.004214831725985458,0.050618086555201565,0.23551473402219672,0.4014925373134328,0.14328358208955225,0.3184845005740528,0.005243015690776885,0.3632988901645618,0.22362753827292112,0.07852547768762677,16.581143054973044,4.396811058561267,0.9043285382683732,1.373588130666742,15.928266971087707,3.2377304851966944,0.3984012970028435,0.45072680271220306,0.3353597920012235,0.9960255482330832,1
326,1.3768493150684915,1.079999999999984,1.32938329168008,1.8400000000000034,3.172000000000002,6.240000000000009,1.7021212121212128,1.2399999999999949,1.641075819056958,2.1650000000000205,3.8720000000000145,10.239999999999895,5.161616161616162,3.0,5.821775685776323,6.5,14.0,39.0,1.6386802030456837,1.3100000000000023,1.2719006459074764,2.269999999999982,3.591999999999996,6.240000000000009,73,99,99,511.0,614.37,0.27428097075052504,3.0324609815441206,322.8199999999997,0.525448833764669,1,0.24324594899958524,69921,17008,0.1353062848050915,0.1795298090324422,0.07,0.13,0.02,0.3,107.86459003732783,134.95587370649108,43.90719082335103,116.0,66.0,93.5,207.15000000000055,0.10386852902995648,0.05664830710569769,0.11293500000000001,0.08361199999999999,0.0139837,0.17108900000000005,0.31644196382236595,0.22411718534794903,0.35631999999999997,0.197135,0.052350600000000004,0.4742780000000001,0.9767166812162511,5.441474464577349,0.34363,4.609674999999999,-3.80023,7.248500000000006,0.1948518807510289,0.15869770654099266,0.157055,0.1059775,0.054202,0.37728900000000004,0.10008492170431563,0.025512843427583805,0.097816,0.028201000000000004,0.0708568,0.13375,-0.40759299900047036,0.06876992468057548,-0.41084,0.09378500000000001,-0.492745,-0.325764,1.324415548565381,0.4830057081239151,1.2421,0.657735,0.773721,2.04923,-9.779689334430858,1.198761324667531,-9.58905,2.136474999999999,-11.47,-8.340969999999999,667.0417569916314,332.6060463733624,618.66,455.55999999999995,267.14200000000005,1144.8,1562.6849344109864,409.85721781260196,1545.0,485.79999999999995,1060.6,2111.2,2479.6631735927326,465.0034317789436,2468.1,573.4000000000001,1870.5600000000002,3088.16,1,0.6233020726758858,0.5639366796134234,0.8933257614817804,0.6177767774132321,0.37295175350762083,0.5610485997749802,0.17702533955788838,0.33434225098705866,0.1705418317351368,0.3357419584527804,0.555458760573332,0.7847294254649538,0.24816019703240133,0.3949953274122426,0.19386842919148076,0.39401828683954154,0.23418131775512263,0.38852455254563706,0.1672798381952155,0.3470119939977808,0.10103595568789744,0.27577731852515563,0.860323968910871,0.5886676374047896,2.3274808972443726,1.332536582040825,0.1143837128293126,0.24468216622173414,0.370142323609569,0.115776723528818,0.25345715150903403,0.9947511860300797,0.14535177147471484,0.2712223680226103,0.5028085597413084,0.1300934595843789,19.540214113162055,3.2959587820206306,0.7041690920133891,1.0705087742142378,11.311380129678598,4.47575122139241,0.5503951106083526,0.9959347213623295,0.31431141315210875,0.47534394560416865,0
327,0.9175645161290297,0.825000000000017,0.4878182045356459,1.1950000000000074,1.5671000000000135,2.1299999999999955,3.5542933333333373,3.259999999999991,2.7795652646811932,5.460000000000036,7.444000000000008,11.029999999999973,10.453333333333333,8.0,9.784740954954072,15.0,24.0,41.0,1.2242701149425292,1.079999999999984,0.7426847860335732,1.568000000000012,2.2790000000000545,4.199999999999989,62,75,100,784.0,619.9599999999999,0.42998257952125996,2.941044070645076,213.02300000000008,0.34360765210658767,1,0.40453003128718107,68079,27540,0.17158878504672895,0.20927027732288703,0.1,0.18,0.02,0.46600000000000136,141.4533115938836,205.5772331154684,44.116865384694094,193.0,42.0,168.0,266.5,0.1171981287313544,0.054702979622124684,0.11968,0.06064149999999999,0.0371283,0.18419100000000002,0.37884081453311547,0.14700065489345265,0.40537,0.13961250000000003,0.14882599999999999,0.536401,4.484629718402069,5.881498165069267,3.9668,6.924964999999999,-1.0988099999999998,11.702400000000008,0.23087995756434276,0.1562595665198116,0.18968000000000002,0.13881250000000003,0.10829,0.41674400000000006,0.11241000846332608,0.029327399379870077,0.11249,0.04223474999999999,0.0738577,0.15017,-0.3374032883805374,0.06856517558916936,-0.34189,0.0846925,-0.42060299999999995,-0.2488,1.4158176100217867,0.4695863311834487,1.3433,0.645125,0.883976,2.1198500000000013,-9.651388634713145,1.194260539867689,-9.53425,2.0345999999999993,-11.31,-8.115590000000001,655.6616594345264,265.02037053815627,632.105,349.4475,344.0,994.042,1589.2963712209564,409.8267630648336,1586.0,543.7,1050.4,2096.7900000000004,2541.9247664543527,498.20396520823886,2567.9,712.875,1881.7,3182.4,1,0.5046173442814357,0.6915165874337212,0.19487516401847813,0.34615476010084284,0.6235131659982741,0.7015364683732844,0.2927954302248845,0.4259257341014535,0.1604564305802325,0.3165004205302663,0.8589073785471344,0.8792290663214417,0.26477787146555665,0.38840090292873597,0.2003798358799939,0.3751937815090184,0.40008788410579216,0.5510217965139163,0.2001814504289558,0.33877503363425404,0.23271406477486167,0.3823999879357661,0.31216314762170666,0.4182854505759615,2.913041053911366,2.197693644706198,0.13618210888877608,0.2882481875030622,0.3396619117721712,0.1122899639575613,0.45494695162190973,0.09787298847657241,0.1844763693588507,0.5125133255495202,0.5210494521948177,0.09968941189098242,17.346481839069074,3.61898698155417,0.6589550704474361,0.7825648199132321,2.4774274290002563,5.411033377392793,0.7257242079575694,0.7711709533794259,0.17833605866904514,0.9801243452293534,1
328,1.191617647058822,0.8199999999999932,1.5154048287446853,1.414999999999985,2.171000000000045,9.639999999999986,4.848613138686135,3.9599999999999227,4.077367510274491,7.649999999999977,10.576000000000024,16.459999999999923,14.802919708029197,11.0,13.66002181019002,24.0,33.0,53.0,1.0585063291139223,0.8300000000000409,1.029338789119963,1.3100000000000023,2.0640000000000103,9.639999999999986,68,137,101,2028.0,1014.62,0.6546884547909566,3.05302140728028,250.8659999999996,0.2472511876367503,1,0.3933027290393444,106521,41895,0.19351039260969977,0.17760365482185725,0.14,0.2,0.03,0.44,121.9477849438139,139.08705096073518,31.261927963520243,131.0,31.0,109.5,181.0,0.09755347143503282,0.04294850480469553,0.10087,0.044467000000000007,0.034464800000000004,0.14747199999999996,0.35542134016360666,0.19012477176624493,0.36693,0.133865,0.14566000000000004,0.513732,1.0485837958645137,5.105362212597232,0.47441,4.07615,-3.5274199999999998,6.95756,0.18193010319050484,0.1473176813648288,0.14353,0.11550500000000001,0.074946,0.329206,0.09031668891824801,0.027861596164495468,0.085272,0.035587499999999994,0.05945480000000001,0.12907599999999997,-0.3655290374030314,0.06984883792868356,-0.36002,0.09054000000000006,-0.46294599999999997,-0.28167200000000003,1.1559568115526913,0.47157139960445527,1.0039,0.5999750000000001,0.69729,1.89096,-9.006640307912638,1.1815051929562157,-8.8529,1.5768499999999985,-10.8676,-7.593680000000001,574.0741721187619,262.5562260348001,523.2,278.39,311.6,900.42,1571.3810590914354,414.96772065214316,1566.1,583.3000000000002,1046.8,2105.1,2501.857018507082,432.1625755799665,2516.0,510.0999999999999,1935.2,3060.7,1,1.1492663666294858,1.3849042418334419,0.6802715055579062,0.8695076878388722,0.6095381474672102,0.7342816298745101,0.21515649536520637,0.4188961630590642,0.3064724237470672,0.4953116405524249,0.5918369135351359,0.6416360119161936,0.3720485613292818,0.5493492174168989,0.5235069156506019,0.6505776597759634,0.6970672934728258,0.7112869102981706,0.35242746086387944,0.43493433499401457,0.33893240924650947,0.4731093464850651,0.5307056877187584,0.6652835044453036,1.4881990418093003,1.426842725420947,0.07123652425093273,0.2109297773266819,0.27185660986961036,0.6772568175699065,0.30901188507250277,0.7689141890072695,0.44128620331551216,0.40424631716604487,0.5661904104745786,0.17539406167782137,25.70361714219901,3.2408901227133278,0.8029016772702188,1.2481520794216074,6.297951051103413,4.823912200755503,1.1050437468203298,1.5899208113923355,0.17849363751003094,0.8171548379021155,1
329,0.8401874999999941,0.7815000000000012,0.3980670303819233,1.1542499999999976,1.3899999999999864,1.9399999999999977,7.2156538461538515,3.6850000000000023,8.51613466373958,10.683000000000003,16.778000000000013,45.08000000000004,18.942307692307693,7.0,23.566120941152317,27.0,45.49999999999999,125.0,1.195234374999997,0.8949999999999818,1.023216989483837,1.3899999999999864,2.539300000000009,6.400000000000091,48,52,77,985.0,651.98,0.5754992484432042,2.625168570469117,152.9899999999996,0.23465443725267585,1,0.3517252120233898,70629,24842,0.17506694855532062,0.19733757942576555,0.1,0.19999999999999998,0.02,0.44,120.54538504013932,117.26272039288303,29.47097054794895,106.0,20.5,95.0,169.5,0.12405229470944366,0.058608967873155775,0.12987500000000002,0.07034999999999998,0.03427840000000001,0.19485800000000003,0.4177161284190484,0.1738216384374495,0.46525,0.16524249999999996,0.12191400000000002,0.5905320000000001,3.988856472179333,5.243050561089078,4.4168,4.180949999999999,0.0,8.914380000000003,0.19776981307527572,0.13135285770155533,0.17391,0.10045000000000001,0.0926217,0.32129800000000003,0.09932722887086386,0.02207304197043608,0.099091,0.021211249999999987,0.075282,0.125318,-0.4178418222365349,0.06456681979423515,-0.4203,0.09743750000000001,-0.5022989999999999,-0.3355,1.521074677159649,0.43746026313997693,1.4524,0.5733750000000002,1.03462,2.1799,-9.699914153449804,1.1012687411271178,-9.5785,1.6210749999999994,-11.376,-8.322339999999999,590.0577916637161,249.470063017281,561.63,230.375,318.788,872.35,1604.8217287237808,385.31312914217415,1599.7,462.9000000000001,1106.9,2077.4,2554.8186606143868,410.1480986735989,2570.4,437.25,2012.3600000000001,3077.84,1,0.228581252969409,0.46384693142374817,0.13628001061715228,0.3228113315308317,0.14015108076792554,0.312293001165084,0.05176377020410142,0.17761321027161586,0.11841423066854122,0.2886767016642835,0.3955264439327096,0.5062639537178615,0.15783605914577978,0.3096050668598811,0.1636177876569545,0.31470649650755467,0.1321472413826538,0.37208149606566376,0.11484651820429534,0.27720647207586435,0.1825251915450623,0.3265015306781216,0.10849501168371552,0.2832502762003871,0.9168447498424394,0.8580107872152938,0.0030789689727056774,0.044321988709748704,0.3285984389392544,0.8947011198914044,0.2675619333882775,0.991467494061182,0.06404227468851505,0.25835070538614435,0.20357916554238897,0.07531257115152858,21.50415040596585,2.3956531813926003,0.7738321851560114,0.849644580732445,13.002221513304416,3.6975648612768723,0.3910806649542575,0.615296520828012,0.4144126738794436,0.97579275198188,1
330,1.8709259259259274,1.5449999999999733,1.2045458165394392,2.249999999999986,3.5299999999999727,5.569999999999993,1.6855263157894718,1.2050000000000125,1.2153918522726075,2.347500000000011,3.5689999999999773,5.919999999999959,4.228070175438597,3.0,3.4869055494614245,6.0,9.0,17.0,1.9146039603960412,1.5049999999999955,1.6368585862167344,2.1899999999999977,3.675999999999954,12.689999999999998,54,114,89,482.0,695.77,0.27616884890121707,2.508456934686446,386.75000000000034,0.5558589763858751,1,0.18581742297572293,77151,14336,0.11113178294573642,0.18534850391781704,0.04,0.09999999999999999,0.02,0.2610000000000014,100.32274371038613,107.23388671875,35.44462607654251,93.0,42.5,76.0,172.0,0.06590324254884207,0.03892325278936907,0.068899,0.043694750000000004,0.0024562,0.11002,0.31033504712032645,0.17580445094308772,0.34813,0.22185500000000002,0.011102,0.5200849999999999,-0.21014543779157366,5.235888346868665,-0.029006,3.3651,-4.34435,5.132,0.1487131993059919,0.14330996226281412,0.11331,0.10301699999999998,0.008581450000000001,0.29135500000000003,0.07994857160525949,0.0321796637748113,0.069072,0.04113574999999999,0.0485135,0.128705,-0.3785051583426339,0.060391850623059344,-0.37449,0.08123249999999999,-0.46214500000000003,-0.30467,1.1575912234933037,0.46770650835028854,1.0037,0.6023225,0.693725,1.8745500000000002,-9.902498835100447,1.2918764342738425,-9.89965,2.1083750000000006,-11.575,-8.11875,715.2412531403535,297.63321032172297,689.47,368.22,351.28,1112.5,1617.3471725800805,391.9402404389609,1588.5,492.70000000000005,1156.0,2130.4,2575.047095967125,447.6500891277954,2617.0,597.7000000000003,1975.0,3117.0,1,0.6279117219677692,0.6920897050282395,0.2861934010178117,0.4175052059473095,0.39323934961832063,0.47000479902408154,0.05562923155216285,0.20669259363996517,0.18570533435114506,0.46520637653115726,0.802727402374894,0.5074639264542125,0.29736450008481763,0.5496190082101449,0.2923102503816794,0.6567779140306741,0.20750546310432572,0.41482387624379213,0.14030838982188296,0.2767774864346251,0.18711845394402038,0.3080210716128833,0.2813870064461408,0.40862394359097437,1.0543285553859203,1.13725193872638,0.024609891603053435,0.12737703388689234,0.19236641221374046,0.11348600508905853,0.19423240033927056,0.8676844783715013,0.02374893977947413,0.6741306191687871,0.345452782260996,0.09083185616122932,26.900259391493986,2.6516056191800255,1.1057030629639988,1.2801525235679052,15.465590230886573,3.9947228399359,0.45437114986500027,1.1076382237655877,0.3764825482887157,0.25491805639563353,0
331,1.0729999999999955,0.9449999999999932,0.8253227651450318,1.5125000000000277,1.8549999999999671,5.2299999999999045,3.328842975206619,2.519999999999982,2.9270268643453567,4.78000000000003,8.230000000000018,12.140000000000015,12.206611570247935,8.0,11.683086139444676,19.0,33.0,47.0,1.2811711711711693,1.0300000000000011,1.073678310689274,1.6299999999999955,2.257999999999993,10.06000000000006,60,121,102,1477.0,790.63,0.5094544856633328,3.666923210606015,284.41999999999956,0.35973843643676506,1,0.3823394576295095,85071,32526,0.17572123176661264,0.1905363809243502,0.11,0.21,0.02,0.43,130.54977606940085,124.33379450285925,31.66894937018713,113.5,32.0,97.5,175.0,0.08677509143422185,0.04254781660777643,0.088854,0.04299599999999999,0.02422,0.13533,0.3210034126261514,0.13410753566782554,0.34789499999999995,0.12648499999999996,0.105905,0.46240000000000003,1.081322437953883,5.173795611348234,0.26417999999999997,3.628165,-2.37825,7.202500000000001,0.15846569058569143,0.13786116956266697,0.118845,0.09094174999999999,0.067625,0.293365,0.08254989769472422,0.029618480583501167,0.0759325,0.0375575,0.051563,0.124735,-0.3657043236088052,0.05880556918317061,-0.36246500000000004,0.0726,-0.44284999999999997,-0.29664500000000005,1.1414707575478078,0.4727438966688495,0.9787300000000001,0.61482,0.6904399999999999,1.8811,-9.250182955174322,1.2561437007198726,-9.0225,1.7141749999999991,-11.329,-7.7693,659.5263749861851,329.19468926009387,591.0,450.3299999999999,273.742,1157.5,1551.5361881415117,401.40613963036327,1512.2,457.70000000000005,1083.4,2089.3800000000006,2465.99694155409,476.8957761833256,2413.9,637.6000000000004,1886.5,3119.3,1,0.23060001058726934,0.49641082537922876,0.24948740983535717,0.44068588534101155,0.431036844604814,0.5883808282032612,0.13391455559396742,0.2793652801681626,0.12113682693055615,0.29963751241491776,0.2067940368609827,0.3400905488195097,0.15685806896849747,0.327189112776657,0.15440173562075968,0.35704071864731,0.3684472651570805,0.5355055748999759,0.12827559046713624,0.2768491542558052,0.06281433148956397,0.20197944573960705,0.2519408643533123,0.40163063353047357,1.417511840369906,1.4107137383888284,0.02232119584287628,0.12095993455747087,0.3337366578799533,0.25258199732077263,0.12657188539821096,0.426213214640681,0.0028520807225271166,0.2941964478631001,0.2811100411915771,0.10182837842326214,21.16773111793796,3.2104072617220316,0.8071358975213859,0.995635810317709,3.317000019353819,5.024216136837672,0.5756628097728101,1.0376850180631612,0.33495710652239513,0.9081256856292117,1
332,1.3466216216216242,0.8500000000000085,1.396141668861905,1.8774999999999835,3.2820000000000125,6.569999999999993,1.9669078947368392,1.2199999999999989,1.9011098675139042,2.759999999999991,3.919000000000011,9.620000000000005,5.842105263157895,3.0,6.392949717789342,8.0,12.900000000000006,34.0,1.3206854838709694,1.095000000000013,1.038268921182037,1.6849999999999739,2.656000000000029,6.569999999999993,74,152,97,888.0,748.22,0.3995749913127149,2.9701976786968634,327.5300000000004,0.43774558284996445,1,0.3309880907437279,87411,28932,0.14344075359444722,0.1513134056776079,0.09,0.15,0.02,0.33,138.44939424099942,163.64032904742155,46.374253080995814,148.0,58.5,119.5,237.5,0.08045518067738835,0.04398204351584223,0.0833065,0.051557000000000006,0.014482,0.13122900000000004,0.359055684282331,0.18612861186875493,0.395915,0.2737925,0.06934000000000007,0.5823520000000001,2.274338158909408,5.537638605628371,2.50695,4.7864425,-2.7840599999999998,7.897250000000003,0.21918892588731856,0.17917653080965756,0.17483500000000002,0.15568249999999997,0.0698967,0.4205440000000002,0.0916723512344463,0.030928587621325308,0.085846,0.04200525000000001,0.057262600000000004,0.13586900000000002,-0.35694577002972494,0.07286314820977648,-0.359915,0.08525750000000004,-0.44677,-0.26902,1.3226067015761096,0.44290363979940084,1.2337500000000001,0.5604749999999998,0.836126,1.9707800000000004,-9.33534589381999,1.4930083307443385,-9.15625,2.3901249999999994,-11.454,-7.48682,633.2037103043343,310.52604176263566,589.2,388.49500000000006,281.83,1034.0,1581.0539134266514,432.9679641589964,1607.4,571.3999999999999,993.43,2121.8,2505.817533277632,475.18374715244306,2544.1,639.2999999999997,1852.0,3081.3,1,0.49515356532723775,0.6896853354653842,0.27271540776387554,0.40003820509275206,0.4657827369666346,0.6551175766803305,0.41766747694096884,0.46871541556535695,0.5072518804138595,0.7256882694700427,0.30392751323387873,0.43688744901436816,0.6411450824510748,0.819369554089381,0.648430354307026,0.8658784327043065,0.28121739605389795,0.5075419284730458,0.16608007775906322,0.3173845213299982,0.3384290959656721,0.4461531855440437,0.3338499701636189,0.48563652922823525,1.142087338386269,1.088581857398127,0.04059163735162015,0.1578386336404319,0.45203721527109403,0.7867340391401989,0.2916666666666667,0.4344722489573308,0.6192252165543792,0.43294834777029195,0.4324521095060498,0.10659383439227707,14.702910536871256,3.4738879691976523,0.7568326014786785,1.411491145937851,6.13507374387747,3.5970130226710095,0.5864870775804248,0.881346261758306,0.33048543689320387,0.9714554420212496,1
333,1.2887931034482802,1.1699999999999875,0.915813332858886,1.8375000000000057,2.491999999999928,3.8500000000000227,2.683051948051946,2.0049999999999955,2.209714481151464,3.8974999999999795,5.970000000000018,11.840000000000032,8.766233766233766,6.0,7.489206265740576,13.0,19.0,40.0,1.3805952380952404,1.1800000000000068,0.8792231661247044,1.8324999999999534,2.4779999999999176,4.300000000000068,58,154,99,1350.0,878.93,0.47010569669939556,3.2672620344151624,347.9100000000006,0.395833570363966,1,0.27756112658619625,96930,26904,0.1175360419397117,0.1258823003851524,0.07,0.13,0.02,0.28,141.68987929433615,115.06456289027653,33.99991929588666,107.0,26.0,83.5,169.0,0.06726289747441272,0.03574453743766639,0.0707445,0.0391295,0.01004,0.10622,0.3077741948322183,0.14649887487214516,0.354785,0.19227750000000002,0.04502140000000001,0.454984,0.802760129018079,5.102243958476851,0.60789,3.1069174999999998,-2.6562799999999998,5.79112,0.16022255243608385,0.1421037949511233,0.127845,0.09198675,0.0354174,0.296167,0.0780738232567648,0.031877761107696856,0.0681765,0.03770325,0.0477029,0.12683,-0.36900618636633964,0.061600594129295555,-0.367915,0.0726,-0.445748,-0.30030599999999996,1.2340968971156705,0.5220774766606632,1.0599500000000002,0.6988399999999999,0.717232,2.08137,-9.543734545049062,1.2786037051027255,-9.2369,1.8752250000000004,-11.527,-8.08793,708.0780403797535,302.73352852293004,680.0,430.58,336.0,1117.1,1582.1807383519945,417.399564387356,1536.3,540.8,1074.8,2159.6,2535.3596714307823,434.5588438499525,2525.7,540.3000000000002,1996.5,3096.1,1,0.5994272524332811,0.6600877094023498,0.4933789380080237,0.5371704169532946,0.47299376724228154,0.6347449185937871,0.1559562691086691,0.29456195716268274,0.2963882720041863,0.48170015147567596,0.5156703621140765,0.6475271395765536,0.4659556550497122,0.6034891741346905,0.5302014471306471,0.707975772113314,0.29863618859236,0.49083374514352346,0.1497092495377638,0.32100759562932063,0.21241878035932324,0.3793925694808946,0.2698055441130298,0.423184706039395,1.0607668025815455,1.0126951942800524,0.032406425466596896,0.13802305863700257,0.2549101691958835,0.16225361939647653,0.12670504099075527,0.9930577359148788,0.0017442874585731729,0.20491889063317634,0.3966939252672498,0.0849257835687373,23.19305936838936,2.1824910916148204,0.547015025416026,0.6521768680147205,4.249946096969015,5.023367544793099,0.4747586778042894,0.5990277063725886,0.3606824001661015,0.9910594546267322,1
334,1.3758412698412683,1.0,1.1004912641287954,1.6329999999999814,2.9679999999999875,5.960000000000036,3.296305970149252,2.1759999999999877,2.950135653920255,5.017250000000001,7.764600000000031,13.032999999999902,11.17910447761194,7.5,10.333145297311614,17.0,27.0,47.0,1.4720772532188848,1.1200000000000045,1.1557428479175773,1.7930000000000064,2.7548000000000004,8.220000000000027,63,134,100,1498.0,908.03,0.4864431791901146,3.3914037649562507,342.99400000000014,0.37773421582987365,1,0.39581228762971804,98001,38790,0.20491283676703648,0.2371777966984547,0.13,0.23,0.02,0.49,115.89677656350445,140.41386955400876,34.24499735329597,129.5,34.5,109.0,192.0,0.1450681296469451,0.06673854154742481,0.15546,0.09031999999999998,0.044559600000000005,0.22459099999999999,0.44845506185777256,0.17444684058768195,0.513115,0.19772750000000006,0.155217,0.607521,8.250849219230858,6.910950420075506,9.35205,6.1719,0.0,15.275099999999998,0.30883693866803297,0.15415204498865556,0.29052,0.17114000000000001,0.14772000000000002,0.496471,0.11496768194637792,0.02234014593554431,0.11605499999999999,0.023520000000000013,0.08777370000000001,0.14134,-0.41687584418664597,0.06574592623245254,-0.42193,0.08076,-0.496141,-0.33697600000000005,1.9501787868007219,0.47253860692363636,2.04125,0.6189750000000003,1.28098,2.494,-9.292802810002577,1.2454811293074814,-9.0305,1.8371750000000002,-11.2911,-7.83239,670.7308255726359,305.9911093548354,687.805,377.46999999999997,233.73300000000006,1038.8,1581.3686915115143,423.9646875930944,1570.0,460.0,1053.3,2121.5,2559.9574890780664,457.70057360540403,2605.3,569.5999999999999,1928.57,3102.8,1,0.36418507263706906,0.5869979771328651,0.16499287266251114,0.341795377813677,1.2213540214985372,0.8891436508705043,0.06981190688207609,0.21795259165559638,0.3889576768858924,0.5642365279208138,0.36468398867828516,0.43637514558310525,0.5320184447271339,0.641034310045345,0.6816874215748633,0.822522264097181,0.5231419935122759,0.5620878476117435,0.09010772929652715,0.2506369555347343,0.0759424723317644,0.21705481832874526,0.15163262269431368,0.30356425141841864,2.473798437348938,1.5234373187082562,0.022852868210151377,0.1171009350482777,0.220200992240173,0.1913242590001272,0.10800152652334309,0.9400839587838697,0.264088538353899,0.41814018572700673,0.5089405377814528,0.10883004284805527,11.743103145402024,2.4909189268457794,0.9597175068504459,1.1969214260369896,18.336448744400673,5.5834812332999375,0.8986943384144859,1.944348083199306,0.15000633472697328,0.2681292517006803,0
335,0.8488607594936741,0.650000000000091,0.7961012392552307,1.1400000000000148,1.461999999999921,5.659999999999968,2.5512426035502944,1.5,2.7969944129149145,3.039999999999992,6.256000000000001,13.56000000000006,8.242603550295858,4.0,9.845869363209317,10.0,22.0,59.0,0.9077407407407443,0.8500000000000227,0.6850696689411614,1.2275000000000134,1.5909999999999769,5.659999999999968,79,169,102,1393.0,785.4100000000001,0.5489616887994802,3.230819185453198,245.09000000000097,0.3120535771125921,1,0.3973135766775087,83010,32981,0.14664739884393063,0.16078498160599905,0.09,0.16,0.02,0.37,162.55872786411274,206.80973894060216,44.651194957325345,196.0,43.0,171.0,271.5,0.09550346854006549,0.049750439071192774,0.096918,0.05288799999999999,0.020757,0.15641,0.3178261131985992,0.13511972960644927,0.3478,0.14339000000000002,0.095273,0.45708,6.095012003537734,6.473853220268587,6.2932,7.9568,-0.29506,13.478,0.21524732507337557,0.17087166915612084,0.1735,0.11976,0.09796,0.38632,0.09858344334920105,0.032429106476533874,0.095527,0.047347,0.058631,0.14332,-0.3303365689457567,0.06712374425160729,-0.33288,0.07961999999999997,-0.41341,-0.24846,1.353847342106061,0.4506751552663639,1.2767,0.5805,0.85632,2.0147,-9.370887741426884,1.2655413478171682,-9.142,1.9292000000000016,-11.319,-7.8637,688.1120653987791,302.22637422262613,656.11,418.05,318.69,1067.940000000001,1616.8472219435505,438.416313036836,1633.0,583.5,1013.0,2165.4,2559.545240711061,500.6286433187403,2576.5,714.0999999999999,1883.1,3182.0,1,0.34537189114718886,0.5794819371536485,0.19589977998099722,0.36197152105216185,0.7285506408476887,1.026749000793184,0.07299769752550915,0.21741624747863858,0.4536710743173462,0.6403559455114965,0.3358419686867435,0.46466981143256253,0.5142540201181477,0.682690318160054,0.7801783679101085,0.8449436589102143,0.3916910177221466,0.48893851026337637,0.08432259135787169,0.23046652081584118,0.1740719541454951,0.3069523001603156,0.3065405065063825,0.4280420306544968,1.1179096603048706,1.0668835630874405,0.03873297087619283,0.15393379603241264,0.5164208699962821,0.7682488536373776,0.2633535754120709,0.3727847316891808,0.013673730739042426,0.31573511794109144,0.3957167243890492,0.08663545845185963,16.641587547399336,2.552363877776855,0.6646997833844325,0.8131903386420563,14.548629306718954,3.757471607419328,0.5305252200480105,0.6890283838422702,0.2878253016993679,0.9762669665087141,1
336,1.1640714285714222,1.1300000000000097,0.6655188592675744,1.7825000000000024,2.0330000000000212,2.4700000000000273,2.793963768115939,1.8760000000000332,2.445333385911312,3.989999999999995,6.648300000000006,12.099999999999966,7.079710144927536,5.0,6.6485931760284345,11.0,17.299999999999997,29.0,1.4037991631799163,1.2069999999999936,0.8530312486239892,1.934500000000014,2.6180000000000065,4.150000000000091,70,138,102,977.0,849.02,0.454131822571906,2.5339305490355786,335.508,0.3951709029233705,1,0.3512371756185878,94449,33174,0.21710732984293193,0.24422118761545816,0.12,0.28,0.02,0.55,97.06825906044531,114.7173238078013,34.733499710082725,102.5,36.5,84.0,174.0,0.12373471451299209,0.054948359072912435,0.135095,0.06197,0.0346286,0.18391400000000002,0.41933638130129014,0.17327089772848753,0.47199,0.15285750000000004,0.129499,0.58535,3.2137163605555554,5.531893834644826,3.2864,4.230425,-0.37171799999999994,8.74558,0.22187687514208418,0.14658454014102523,0.193765,0.09373749999999997,0.105683,0.372468,0.10568216458702599,0.021043359831924305,0.10299,0.018659750000000017,0.08402760000000001,0.13233,-0.416779941208778,0.06960134425231572,-0.41625,0.09023999999999999,-0.509507,-0.336563,1.5312505558569964,0.43835627230374347,1.4743,0.568975,1.02473,2.1933,-9.923311439681678,1.0822727958762037,-9.8627,1.6612249999999982,-11.423,-8.495759999999999,672.56016784831,327.26137993296726,603.84,441.31,303.25,1128.8,1599.9247362447938,389.44719240860763,1576.2,456.0999999999999,1131.4,2109.6,2548.3070954272434,431.38394062465693,2567.0,499.5999999999999,1975.6,3104.1,1,0.526042166166125,0.6060731713350407,0.30582540691981736,0.4605208516902357,0.3968578966964249,0.47354700944881567,0.19021559859299791,0.3714511608680347,0.24552730369852305,0.41932805122063255,0.39771317953675894,0.4990201635836815,0.2784489211749701,0.5300477860352832,0.31424328094787507,0.4733211148996102,0.4672728742337598,0.6072373735246278,0.23027426708355617,0.36086640062213093,0.27329106142263543,0.4130514773187045,0.2826471346114288,0.4580469102217746,1.2394612695931213,1.210568627513399,0.19401549672933724,0.34445048743604745,0.16427366602213353,0.12922203480478875,0.22845270909614515,0.8422676595219484,0.1321430040729008,0.3385444522154112,0.3815597041005237,0.1007631874140424,23.49039331871633,2.802221370278496,0.7367284358517396,0.8950374428396493,21.18674956092998,7.573557889150378,0.6656663953947011,1.1122637692492887,0.2570812928501469,0.8864617520085636,1
337,1.5260810810810785,1.2300000000000182,1.7589276659278512,1.8875000000000313,3.9110000000000253,9.289999999999964,3.840778443113777,3.234999999999957,2.8863501793958095,5.905000000000008,8.112000000000073,12.830000000000155,13.805389221556887,12.0,10.6701147229915,20.75,29.69999999999999,45.0,1.096099773242625,0.8799999999999955,0.9740106808304729,1.3099999999999454,1.9299999999999784,9.289999999999964,74,334,108,4611.0,1811.62,0.7081065565626354,3.5944247829001688,483.3799999999976,0.26682196045528184,1,0.494140092668302,187119,92463,0.2035285053929122,0.1911407522166496,0.15,0.24,0.02,0.45,145.67200551520688,170.08023209283712,33.50229156812701,162.0,30.0,141.0,212.0,0.10606733124281424,0.04869358182385648,0.107,0.04958549999999999,0.0346894,0.16554800000000003,0.3779680766953181,0.14531914417171762,0.39998,0.1351,0.15121400000000002,0.538398,3.41090977270612,6.219767192339482,2.4682,6.965598000000001,-2.78518,11.514800000000003,0.21378946201924226,0.14542399727628952,0.18288,0.12899000000000002,0.0967404,0.36310800000000004,0.09547043976347296,0.02980344249603158,0.090741,0.0396195,0.0611052,0.13723,-0.36445961535619653,0.07709381160337143,-0.36475,0.09381499999999998,-0.464386,-0.27304199999999995,1.3404269238506212,0.45535234340517194,1.2733,0.6219000000000001,0.810512,1.9982800000000003,-9.28517384359149,1.119177797766384,-9.1661,1.6469000000000005,-10.965,-7.897119999999999,612.9238141360837,287.44306579335057,569.0699999999999,415.3825,304.6,975.9369999999999,1573.4513010607811,436.917810504013,1603.9,585.0250000000001,961.0,2096.4899999999993,2512.312984943753,467.9836363043039,2574.9,596.3250000000003,1862.6,3060.4,1,0.47871349100118543,0.5370349899844323,0.1127362946977045,0.28300259008507017,0.3449328930739663,0.46450199383985946,0.2352728679275784,0.4076367445707293,0.08919706247081222,0.24121182115306686,0.16418187744728238,0.29995983473211846,0.13340830432517872,0.2944739177216818,0.23547039440313253,0.3971647653722991,0.2093703034091317,0.3623339803563771,0.15376866206847004,0.29566794552741255,0.17990321618708913,0.32987213569784746,0.12507271250493948,0.27140208880985556,0.9838987815676976,0.9499245878089114,0.002668837787836333,0.03958880143549217,0.3954269497431476,0.8889966591227503,0.18189819305241225,0.447623666343356,1.7961705643567913e-05,0.32781908970075796,0.24632826420514317,0.07347114343192776,21.88374701658845,2.3588319674542118,0.7892024795498821,0.9689159803284451,0.6364316929868001,2.8899994611342827,0.5278698881160983,0.5721867154099499,0.2763972369247331,0.9924886141641579,1
338,0.8993333333333311,0.7399999999999807,0.47620443789056127,1.1599999999999682,1.6799999999999502,1.950000000000017,4.440476190476189,4.3700000000000045,3.7159888036854483,7.269999999999982,9.509999999999984,13.759999999999991,13.380952380952381,7.0,12.190848208609255,21.0,32.60000000000001,44.0,1.1705109489051084,0.9700000000000273,0.7513766646735107,1.509999999999991,2.0979999999999905,4.479999999999961,45,63,75,843.0,545.48,0.5128510669502088,3.0134048257372665,160.35999999999984,0.2939796142846664,1,0.3723755424856315,59679,22223,0.1940873362445415,0.19965181759146822,0.12,0.22000000000000003,0.03,0.4860000000000014,115.11586990398634,181.25833595824147,43.77013458207573,167.0,42.5,143.0,250.5,0.05904566831080412,0.04254818155088534,0.063996,0.06266550000000001,0.0062875000000000006,0.10657,0.28402637398263963,0.15495266003618446,0.31005,0.24076499999999995,0.05631240000000001,0.469716,3.817543277504117,5.561147324656696,3.2848,5.86595,-1.048599999999999,10.228,0.3111889478893354,0.35166801481807464,0.17398,0.229455,0.0830366,0.7635879999999998,0.10107988272915448,0.043659006971803485,0.093671,0.07573900000000001,0.049662,0.16365,-0.3245449929802457,0.0721981682451342,-0.33017,0.085505,-0.410506,-0.23101400000000002,1.226342964946227,0.42013587986868833,1.103,0.5066149999999999,0.8174180000000001,1.8586,-8.556753660621878,1.3312500482454463,-8.2827,1.6610500000000004,-10.85,-7.064,677.0444425981007,282.1809971637207,643.06,360.14000000000004,353.873,1043.6,1590.518537533376,401.97791126645575,1582.0,502.9000000000001,1086.0,2120.57,2520.8629071889677,437.75873294658595,2550.6,494.6749999999997,1919.8,3052.4700000000003,1,0.42688581975175394,0.6741611402815872,0.5250515833783054,0.6121545673925486,0.6282892765785213,0.8388469093304941,0.1661148113194819,0.31818950775426735,0.10924710051268213,0.2640320182845606,0.35610197463572585,0.46105045520386595,0.23432273765515382,0.3620168681928143,0.33356882744198596,0.41618491192117235,0.3615640932271991,0.46886918985381354,0.40513123124662714,0.5077934922256708,0.33107785260388556,0.4428305528652412,0.45501173009983814,0.7929000490369249,1.4449202241635184,1.3186084323805312,0.06978174986508366,0.24255988646288332,0.34181057744198595,0.2674042093901781,0.3773610361575823,0.9243119266055045,0.0742039935240151,0.45223961144090663,0.4176477866056973,0.13363273603280618,23.245397848783668,2.995588537305885,0.8759889998550826,1.1327830575860112,5.696686346430438,6.167473302059182,0.5549542577129716,0.7363784658059743,0.2647970877713361,0.828288469414349,1
339,0.9544264705882403,0.9880000000000031,0.49127574969713517,1.264750000000003,1.566000000000014,2.0060000000000002,3.0366304347826056,2.314,2.615650015025464,4.472499999999968,6.834999999999944,13.73700000000008,7.333333333333333,5.0,6.660867042544395,10.75,18.0,30.0,1.1505258620689696,1.0,0.7495587318113257,1.4457499999999897,2.0054000000000003,4.903999999999996,68,138,95,1012.0,810.33,0.5171411647106728,2.414957463817401,266.92200000000093,0.3293991336862771,1,0.2983926108774004,86289,25748,0.18577200577200578,0.18046561542444126,0.13,0.21000000000000002,0.02,0.42,96.37381357994647,78.23660090104086,12.63647669402874,76.0,11.5,66.5,92.5,0.09322901187911682,0.03986969590014615,0.0989005,0.03737650000000001,0.03033290000000002,0.1336,0.3822663020192636,0.17771293774825034,0.36913,0.14787,0.13318900000000003,0.6426489999999999,-1.8342176464485394,4.313803247587897,-2.0079,3.7069855250000003,-5.20743,1.974719999999999,0.14755634294907954,0.11103640439932894,0.120185,0.10319724999999999,0.0566274,0.26528099999999993,0.07775719710435762,0.022361517375075052,0.0740505,0.01780224999999999,0.0577747,0.10504,-0.4273396993941277,0.04889207964732032,-0.42875,0.06628250000000002,-0.48847,-0.365727,1.037584423256175,0.41177033077073727,0.928265,0.4589874999999999,0.641598,1.62283,-9.626583559888147,0.844108403151634,-9.51645,1.0918249999999983,-10.8233,-8.65607,705.4400953548208,324.1535629224026,684.5,464.65,289.0,1141.0,1587.3354193757748,388.9533843308975,1552.3,477.75,1122.8,2114.6800000000003,2528.9332196377036,426.95346357450507,2505.0,505.4000000000001,2002.1200000000001,3100.5,1,0.16772526231258986,0.3556143931575978,0.3513342601355515,0.5614292217371141,0.2589705255699322,0.4150615080391613,0.0671398752515917,0.2220186274784128,0.05968184029574863,0.1877607970242687,0.2869594939823372,0.4004293668531855,0.10542962234545082,0.24973805904155702,0.03794489377695626,0.156416007238964,0.12053154323269666,0.26521480507619505,0.042876689792565204,0.160585367532651,0.08099303618812898,0.23056120091860338,0.1390842621893613,0.2914351608925881,1.025159402957486,0.989193649213991,0.0005607006366810433,0.020993150250202375,0.12951324707332101,0.2742657629903471,0.02144177449168207,0.7303347710002054,0.00028753337440952967,0.21852536455124255,0.19602795776193413,0.0828957296253697,26.638465886097645,1.8853833353261757,0.4335034479409051,0.6669623427596196,11.593156749739142,2.831421879589259,0.46909775786511926,0.6991386963888512,0.35572895277207395,0.9404063031052062,1
340,1.7327843137254908,1.3349999999999795,1.3575920481373314,2.125499999999988,3.4099999999999966,6.810000000000002,2.520470588235291,1.9149999999999991,2.0513450570912255,3.7750000000000057,5.536000000000002,9.29000000000002,8.676470588235293,6.5,7.383290308429347,13.25,17.300000000000004,35.0,1.5315695364238426,1.2199999999999989,1.0167074211709213,1.852499999999992,2.7420000000000186,6.810000000000002,51,68,84,590.0,536.89,0.319231127419024,3.4424010455563896,231.26700000000025,0.43075304066009845,1,0.2362883983247401,59931,14161,0.15409140369967358,0.20259850657459436,0.07,0.15,0.02,0.41,92.00580667767935,98.98605324482735,34.9185661699516,84.5,28.0,72.5,167.0,0.07873596258084882,0.04311401587405326,0.083964,0.056838999999999994,0.010465,0.12835,0.336282515902408,0.18542793638080238,0.34819,0.25054,0.047439,0.57813,0.3248401143960878,5.226722939281383,0.0,3.9114,-3.7258,5.9746,0.16983336011094555,0.143071680189394,0.13404,0.123006,0.045307,0.32102,0.0857166521177883,0.0270536832523167,0.080735,0.028608999999999996,0.057735,0.12429,-0.3836998328507874,0.057563026666972536,-0.3866,0.07352999999999998,-0.45451,-0.31269,1.2433375955087917,0.5253548047138539,1.1179,0.7424299999999999,0.67222,2.0577,-9.691475199491562,1.2383536055612767,-9.409,1.9206000000000003,-11.604,-8.252,622.0596233358926,251.29206318232363,596.29,297.7275,333.655,935.1050000000001,1579.7087847175858,403.30896815103245,1547.0,540.1000000000001,1097.81,2128.7,2495.1212364801713,434.0890036328072,2460.6,531.3000000000002,1959.5,3078.8900000000003,1,0.5854154996218952,0.7917324049296717,0.2232869081496132,0.36190917623846774,0.317379,0.44978705837218835,0.1454696462102263,0.27717491184517656,0.10704728322959689,0.36209535592861414,0.41134496864638476,0.5207803746307333,0.15789150933628063,0.4366190311198953,0.34463838328194984,0.5879271907371476,0.34815284648944217,0.5144898526545391,0.12949617747658657,0.2660159861668511,0.15169949845849573,0.30708569498451505,0.20777839753359315,0.3746255825447282,0.6756495620964458,0.7942134676613949,0.03349957628991914,0.13947239640927517,0.41766040369961027,0.17101971962073179,0.1634576231749171,0.9956372520504916,0.030132045837938458,0.3945669245535455,0.2741963754871735,0.10524964355522315,22.101799380695585,2.6618536095574616,0.693997614069402,0.9276054708655896,11.306588144858061,4.966168169852058,0.5491359372850094,0.7997331574464632,0.32878224494538694,0.9569336299592139,1
341,1.2276249999999964,0.7750000000000057,1.287897748027775,1.6300000000000239,2.6790000000000234,6.730000000000018,2.333999999999999,1.5600000000000023,2.0979311020838836,3.439999999999941,4.9819999999999816,10.980000000000018,7.624242424242424,4.0,7.721164549589429,11.0,19.0,42.0,1.1586181818181827,0.8999999999999773,1.0759109035587944,1.5649999999999977,2.3419999999999845,7.080000000000041,80,165,111,1258.0,790.29,0.48730212959799557,3.2665991534886145,318.62000000000023,0.40316845714864197,1,0.38173623358808545,86751,33116,0.14910400720396216,0.15964576524966245,0.09,0.17,0.02,0.38,153.61206210879413,195.01062930305594,43.65427019376984,181.5,48.0,156.5,257.0,0.1143489915538803,0.054162980874576286,0.12467,0.06670825,0.0264185,0.17455500000000002,0.3707491267803479,0.1542686541021839,0.41021,0.16132249999999998,0.11362,0.52648,4.982853605781736,5.485434666082296,5.2466,5.842625,-0.19065500000000002,10.9955,0.225512539207362,0.1619105644506766,0.18548,0.1261775,0.108465,0.399865,0.112474744806136,0.027278061401046792,0.113,0.03538100000000001,0.07819599999999999,0.14671499999999998,-0.3703348381933204,0.06745093362962823,-0.375765,0.08252999999999999,-0.45047000000000004,-0.28581500000000004,1.4497111082256313,0.4333453133678573,1.3982,0.549425,0.95684,2.0702,-9.40237542577606,1.1847276586130606,-9.19255,1.7443749999999998,-11.249,-8.01895,633.6256380419612,283.8393991106423,590.38,412.65000000000003,297.938,986.35,1560.3419521563105,451.8493614681972,1563.7,651.4000000000001,953.658,2135.0199999999995,2494.709563432104,474.38089605992735,2526.6,648.7000000000003,1865.28,3063.0,1,0.7175724042697256,0.8265390725114827,0.5434155364639344,0.6273829490438699,0.5601295014537778,0.7478807574948751,0.15565874648504402,0.31326768880651024,0.40742659608874027,0.5672013376670252,0.9156158596805671,0.8404748639655694,0.37832466132950976,0.5466831220624913,0.5157902665790417,0.7618293269636605,0.48874826769426855,0.5660333317514145,0.29605122348349067,0.4128878907601495,0.33532982172302545,0.41628810443188813,0.32501338045166694,0.442671936768608,1.3892556863822838,1.349608648902696,0.06926618098538256,0.20981632408857717,0.3145736248854901,0.4807025929023778,0.14119568247898992,0.8125224041104074,0.005815111323535269,0.408332337595093,0.5069712952193185,0.11599812085898646,22.04543333311639,3.5230166021655847,0.8125726622827776,1.4112600657330157,7.3138274412459525,3.7856879601919324,0.7671947611054875,0.9332785675117693,0.20584772370486656,0.9742318873989831,1
343,1.8187012987012983,1.0600000000000023,1.8239961484988299,2.6399999999999864,4.09799999999997,8.400000000000006,1.8665354330708612,1.4500000000000455,1.5567507944902677,2.4699999999999847,3.7620000000000005,7.810000000000002,5.68503937007874,4.0,4.940115060347645,7.0,11.0,26.0,1.7467088607594956,1.339999999999975,1.4412465785035105,2.1700000000000728,3.555999999999995,8.400000000000006,77,127,111,722.0,786.51,0.30139476929727455,3.0457709344020327,413.9700000000005,0.5263378723728884,1,0.24180955462094253,92730,22423,0.16846731780616078,0.1974786093435258,0.09,0.195,0.02,0.41,86.12099644128114,113.08912723542791,36.14649141111004,97.5,33.0,82.0,180.5,0.1301266074388708,0.06671349674324288,0.14403,0.10050600000000001,0.02609200000000001,0.20843,0.35005482775270924,0.1551529802647323,0.39521,0.1844,0.0948636,0.507158,4.191595300671319,6.134985231901456,4.136,6.2792,-0.9079339999999994,11.1586,0.22081939364554698,0.143696879019778,0.19154,0.10745500000000005,0.09656300000000001,0.3852,0.10550485762074654,0.021550283534133043,0.10502,0.0222705,0.08050020000000001,0.132508,-0.39954122443027246,0.059707444170633055,-0.40468,0.06622499999999998,-0.468528,-0.327414,1.730702389956741,0.5006972399547651,1.7653,0.6886999999999999,1.03254,2.41538,-10.46028914953396,0.8195068638721423,-10.489,1.2413999999999987,-11.479,-9.36662,711.0866484223811,315.6703372477641,669.07,410.07500000000005,334.0,1148.3,1595.8041288847178,413.2160442606401,1548.2,512.45,1098.5,2170.9,2535.703422219345,439.3901778045043,2521.8,544.5999999999999,1992.0,3096.2,1,0.49053481530805687,0.6391920128965396,0.4697909037914692,0.6010576644364893,0.7691326852132702,0.8646869380322552,0.10008555933649288,0.2614986723305139,0.13353354672985782,0.3459990051523902,0.621096977914692,0.6663240976815986,0.24774733327014214,0.43549198264478145,0.22283344184834122,0.47530906485157787,0.48583828995260664,0.7342354913463893,0.15386591744075828,0.29092604950106826,0.12650528469194314,0.3020032892093285,0.347827076492891,0.5045624139427578,1.8915780898104266,1.632333796245986,0.02926428137440758,0.1412638839671133,0.27165876777251186,0.129478672985782,0.21454976303317536,0.5243127962085308,0.033507109004739334,0.41985781990521326,0.43497387165538254,0.11924057228846321,19.218509757261533,4.128560531373494,0.905139642589628,1.2022114456565447,14.328026846466344,5.4573409053899935,0.638491397819065,0.9521943816095689,0.19448913088314151,0.8338186131780438,1
344,0.8660714285714316,0.6700000000000443,0.8054576011677563,1.212500000000034,1.7470000000000028,4.75,3.5754437869822437,2.519999999999982,3.1477689964678324,5.349999999999909,8.359999999999937,14.599999999999909,11.502958579881657,7.0,11.225037663043537,17.0,27.0,51.0,1.105642857142859,0.9100000000000534,1.186289961370733,1.3425000000000296,1.8329999999999869,13.329999999999927,84,169,112,1944.0,1015.4900000000001,0.5950329397630691,3.217211419114609,309.5800000000005,0.304857753399837,1,0.39766162310866576,109050,43365,0.2014166279609847,0.21440504020555415,0.13,0.22000000000000003,0.02,0.47,118.45942228335625,89.24654675429494,20.087979438331438,84.5,16.5,72.5,111.0,0.06149226591711293,0.028535042381929995,0.064538,0.028251,0.017267,0.091593,0.3814998115086592,0.18014087989559793,0.38479,0.21223999999999998,0.11261,0.609932,-0.20154732480493484,4.7408261804920055,0.0,3.1748,-3.1150999999999995,3.8500399999999995,0.15889718336750605,0.14466716000671354,0.1163,0.12249,0.051805,0.31399199999999994,0.07137554569387755,0.030151507737003817,0.06204,0.024918000000000003,0.0452852,0.11842599999999998,-0.37488229028017983,0.0628450967026212,-0.37479,0.08327999999999997,-0.45727,-0.29283,1.1026460636457973,0.4579720494049841,0.97239,0.5965699999999999,0.639424,1.78986,-8.45697338406549,1.2506492358252235,-8.3202,1.482400000000001,-10.165,-6.99144,649.436873146254,304.4461440669683,610.8,427.26,304.3,1052.2,1591.0182876643212,408.9158346214211,1566.9,524.3999999999999,1080.0,2148.2,2522.7109194653654,429.768714912018,2488.6,502.7000000000003,2009.3,3109.8,1,0.5424793403487673,0.8510116352203679,0.7186919717378232,0.6666898847694589,1.472862173782321,1.3979941867328864,0.22583498857486473,0.4627845500667705,0.5573731401082381,0.4856381088048825,0.4910865965123271,0.6809825572251181,0.7990375580276607,0.562946325474991,0.40650096632591703,0.41110667397939793,0.8905984449789538,0.6421084994927841,0.19112063860493084,0.34547427414486725,0.20789648286229706,0.3635165596574905,0.45034340950090196,0.5897783942530892,1.9034145093205053,1.2100529880567668,0.0575860234515935,0.18933336670384956,0.645219482862297,0.607937462417318,0.34034876728803365,0.7763078773301263,0.16957306073361395,0.1455201443174985,0.6367733031526501,0.20437731416537733,16.12868268546854,3.1789080005796406,1.0149381900290884,1.512687897209266,19.52873513357236,4.594008433214691,2.0243252765166457,3.2812675326074388,0.07807807807807808,0.05088941866862278,0
345,0.9536666666666662,1.0499999999999972,0.5778333997862122,1.2749999999999915,1.5800000000000125,2.3499999999999943,4.673737864077669,4.269999999999982,3.7332931634022772,7.150000000000006,10.628000000000043,13.210000000000036,13.941747572815533,10.0,12.857565671784128,21.0,32.8,50.0,0.9308539325842683,0.875,0.606622266464005,1.240000000000009,1.693000000000035,3.719999999999999,51,103,76,1436.0,744.737,0.6463959760291216,2.9829973306743947,165.69199999999975,0.22248391042743917,1,0.4986836967338044,79389,39590,0.21114666666666665,0.1955630976323385,0.14,0.24,0.03,0.5,141.7072894229679,224.9733644859813,48.24195686530292,211.0,50.0,181.5,293.0,0.09370687642025763,0.04494926523436774,0.088504,0.04557725,0.0440383,0.15159099999999998,0.40020542132399595,0.14693093384938855,0.41812499999999997,0.14142749999999998,0.192759,0.560631,3.823612575308003,6.050508857051248,2.80625,6.9818075,-1.8703100000000001,11.286,0.24085067420834552,0.16162796865900925,0.20455,0.15605500000000005,0.10627,0.4196159999999999,0.09284963979431675,0.03574615071119231,0.088657,0.05369399999999999,0.0486758,0.14325,-0.2573418139852488,0.09547085498151436,-0.26661999999999997,0.1348575,-0.37502,-0.12361700000000003,1.3107635332154584,0.420759350796974,1.2117,0.5466,0.877108,1.9312,-8.584510431927255,1.3523230202979892,-8.4289,1.8194999999999997,-10.714,-6.924220000000001,601.5988291778025,235.1036968718305,570.0,261.01250000000005,358.993,886.3519999999999,1606.3324965962383,441.0035262626195,1624.8,587.425,1021.7,2153.1699999999996,2589.4373402753263,517.2904591777394,2618.6,706.5999999999999,1885.53,3227.0,1,0.5060052714453583,0.7715983484694549,0.3151110321190756,0.5254476279137754,0.5677343754624189,0.6575106502438628,0.13157861700831264,0.298923296015384,0.4165633829481656,0.4757226333070349,0.44612607681594635,0.5584904767909097,0.49119565665665665,0.5065517197850794,0.6056184645079863,0.649793122645611,0.3512358498933716,0.47013787224655185,0.1412369311050181,0.3001768250282583,0.39673643465204333,0.5985999852996269,0.2771012369325847,0.40967684541128074,1.1100908619924272,1.046821761129366,0.04132605401053227,0.16594721604015536,0.4236410323366845,0.9496017756887322,0.3175349262305784,0.584062323192758,0.030334682508595553,0.3262392827610219,0.41411858896784987,0.10424384088987265,11.605625263811552,3.7653013361650274,0.784201339304928,0.948596492325504,14.529716735468753,5.731663126779094,0.747197685547442,0.8992154019550178,0.1975085910652921,0.973199540963417,1
346,0.7898484848484841,0.5549999999999784,0.8537058119790433,1.0399999999999636,1.6399999999999864,5.6299999999999955,2.2370547945205517,1.5549999999999784,2.1559497693491085,2.8525000000000205,5.124000000000003,11.269999999999982,7.715753424657534,4.0,8.589856939470556,11.0,19.0,47.0,1.0994270833333293,0.8400000000000034,0.9437327177754381,1.337500000000034,2.254999999999995,6.839999999999918,66,292,93,2253.0,1171.64,0.5575262025878265,3.4490676954165465,422.1799999999985,0.360332525349082,1,0.39932559072196167,122181,48790,0.14396577161404545,0.16339358122946399,0.08,0.17,0.02,0.37,166.42522159746608,186.88480221356835,52.76957488970903,180.0,44.0,114.0,254.5,0.13196507145689895,0.06048263233286014,0.14146,0.073826,0.0353748,0.2015,0.47298154390451935,0.1927484791938928,0.52995,0.22665999999999997,0.1494980000000001,0.66942,4.43484423774337,6.647449280389128,4.3186,8.526791,-3.0082599999999995,12.332,0.35153761769407665,0.1851072301989063,0.336295,0.22056499999999996,0.14781700000000003,0.5810810000000001,0.1197071036635581,0.026451241047565223,0.12212,0.031869999999999996,0.08543,0.15082099999999998,-0.3624786049395368,0.07634982591094941,-0.365305,0.10007749999999999,-0.46079099999999995,-0.26437,1.6398788348022135,0.4918178929490575,1.6388500000000001,0.713975,0.9717380000000001,2.322,-9.605969032588645,1.043622945827477,-9.5121,1.4951999999999988,-11.153,-8.3058,583.5579054755918,240.11673245049798,563.43,360.18500000000006,313.0,894.1,1544.0724873071426,467.97022564025383,1565.2,697.0999999999999,881.241,2133.9900000000007,2484.888389526955,527.1891131926182,2497.7,802.3000000000002,1791.0,3156.3,1,0.7032903927206977,0.8497503039985417,0.5348469114876491,0.6435225009746592,0.8294295434395872,0.8854271641344335,0.45761423036542337,0.6052601095044248,0.30081458916853804,0.46906645488987536,0.5275098186298814,0.6012129837640747,0.35703345390650065,0.4962615682350215,0.31023063653066585,0.49672231151565477,0.5436162776400595,0.6361320775510735,0.16543341453527372,0.318272743341473,0.10536765924932193,0.25084985631765855,0.32063971273586284,0.457869266756953,1.2071853773221735,1.2185189001453105,0.022427293242730906,0.12010306701580817,0.5857272011432237,0.34984980606025257,0.30412085508472103,0.4660678351657966,0.01551517979526962,0.4406369389600163,0.45610280792674035,0.10501600752241518,11.568256059675466,4.529896823240773,0.9020649037846958,1.1192739395862978,15.4733202797871,7.888345509422555,0.954079897116037,1.260773246026726,0.1613349951530259,0.9684726465880984,1
347,2.579444444444448,1.6900000000000048,3.0173991846466377,2.4875000000000043,5.866999999999994,17.810000000000002,2.206379310344824,1.4549999999999983,1.6240686437376766,3.5600000000000023,4.151000000000006,6.5400000000000205,7.603448275862069,5.5,5.944976596260346,11.0,16.0,26.0,1.8960135135135152,1.454999999999984,1.9750808193743956,2.0775000000000006,2.9229999999999934,17.810000000000002,54,58,91,441.0,538.59,0.23760188640709964,3.4461201844182283,280.61000000000024,0.5210085593865468,1,0.23825640522555222,61161,14572,0.1412015503875969,0.15120610093126735,0.09,0.15,0.02,0.34,101.24098690341884,142.6008440845457,50.14654927346801,119.0,85.5,93.5,213.5,0.11126692098542341,0.06348110791977982,0.11989,0.09801425000000001,0.019403600000000007,0.191638,0.34737994540839284,0.1740683962165858,0.42106,0.2877425,0.07230810000000001,0.52049,5.7207122138971,7.69991559196947,5.96025,10.036712499999998,-2.66333,14.863900000000001,0.25627359511849435,0.16226990435197322,0.23624499999999998,0.1452875,0.08136470000000001,0.438564,0.10574514072913808,0.02506394798718224,0.10161,0.028726,0.0804749,0.14064,-0.39891197502058745,0.061448308416791504,-0.39448,0.08424749999999998,-0.483697,-0.326621,1.6649932720285479,0.5214894287877092,1.6668500000000002,0.761225,0.952246,2.4207799999999997,-10.354525953884162,1.0900596171283752,-10.5395,1.8993000000000002,-11.606,-8.84226,631.8893353583752,288.34377810907347,594.0,350.44000000000005,311.75,1010.9,1567.097508789717,402.1307786955849,1528.6,497.4000000000001,1078.7,2116.4,2505.0337956860885,440.1323341975748,2499.6,560.2000000000003,1941.9,3073.7,1,0.4176822793143186,0.5144898970478541,0.45712611639297035,0.5314674987385574,0.9518428718668971,1.070181223880003,0.513595430207433,0.5414037592678016,0.06190381201382887,0.19422176283300874,0.767233385119562,0.7549541801937527,0.09180005927686545,0.27024866957990057,0.5096715601411698,0.5343843888603808,0.5867989581532699,0.6364132447136363,0.11105116774704696,0.24651979549609326,0.09984323681936041,0.22607065253116204,0.7160015576923077,0.7703103997140583,3.1039552439498705,2.1976594702123715,0.035621063526361275,0.17398272098539555,0.7335061941803515,0.3985883030826851,0.18431287813310285,0.9885479688850476,0.0025929127052722557,0.4923653125900317,0.6017233387300901,0.08631869739969747,15.576660855109813,2.3064914807679258,0.47909693421586597,0.5747264874197873,-14.887859402907539,7.593942750136474,0.37381992302546446,0.7716664049370046,0.4506911122251665,0.759610493423443,1
348,0.86176470588235,0.7950000000000159,0.5602492648405014,1.2849999999999824,1.5929999999999496,2.3799999999999955,2.671081081081086,1.509999999999991,2.8819995409066643,3.8800000000000026,6.520000000000039,12.920000000000016,8.64864864864865,5.0,9.581935564636225,10.5,21.0,46.0,1.1354634146341436,0.9899999999999949,0.7831384046620605,1.5,2.006000000000003,4.860000000000014,68,111,95,960.0,665.24,0.44568877397631007,3.2378832338358743,232.76999999999944,0.3499037941194147,1,0.4251459549624687,71940,30585,0.16443548387096776,0.1807373000908244,0.1,0.2,0.02,0.4,155.12927439532945,203.0015040052313,48.47101165739085,188.5,46.5,163.5,274.0,0.0966695404208599,0.052114336425752084,0.094078,0.061406,0.0249062,0.16516600000000004,0.37891938362835054,0.17319144538579273,0.4,0.22653000000000006,0.10894000000000002,0.587512,3.882876364180448,6.353962017181403,3.3343,7.7185426999999995,-2.9062799999999993,11.890200000000004,0.2653965078223672,0.17983170826505354,0.2345,0.18821000000000002,0.100034,0.46873,0.10089559857119502,0.03392332955712809,0.10067,0.05160200000000001,0.0555832,0.14567600000000003,-0.3459904152852705,0.06655737394471634,-0.34956,0.08199999999999996,-0.425556,-0.2631,1.4200018659473599,0.49984735942865754,1.3544,0.7124999999999999,0.82977,2.1721,-9.596508497629555,1.298793097206417,-9.4629,2.3381000000000007,-11.3476,-7.91784,572.4807456366038,244.70641656507914,527.7,294.36,328.11,878.084,1572.2138816493984,424.8650409789212,1581.0,534.4000000000001,986.7040000000001,2117.4,2529.7269815729087,472.8520039280976,2578.4,590.7999999999997,1868.6,3091.86,1,0.37968705872217245,0.5073282891302924,0.2621875500034461,0.3628946832564132,0.1717106151354332,0.3308976944671778,0.05775527383003653,0.20060311740082631,0.025588838927562203,0.12683304024594946,0.6031814890068232,0.9779172706739818,0.02919659011647943,0.14217355916456034,0.006670849748432009,0.08413925927368449,0.23761935336687573,0.4416855975924686,0.0461158561582466,0.17178390423276518,0.06404138707009442,0.1956272412858651,0.26976693342063546,0.3958402459869154,1.1120413755599974,1.497648544562062,0.11817875504859053,0.30359981747157117,0.299331449445172,0.7777930939416914,0.6759942104900407,0.838100489351437,0.1616238196981184,0.2148321731339169,0.24169585186534465,0.07370206956752924,15.668682117981868,2.220213216485475,0.6140811295127119,0.743072836268706,4.29600174895139,3.438896841482959,0.4274217416009197,0.7283688247005532,0.2846338948092128,0.6733537188040524,1
349,2.103333333333331,1.79999999999999,1.4267194127887526,2.9025000000000176,3.9750000000000796,7.309999999999945,2.421690140845073,2.1299999999999955,1.9534243335722028,3.3299999999999272,5.448000000000015,9.849999999999994,6.962441314553991,5.0,6.359975909584853,11.0,16.80000000000001,27.0,1.6129508196721278,1.3400000000000318,1.0427893619130346,2.0599999999999454,2.938,7.309999999999945,66,213,93,1483.0,1136.16,0.45400295732995394,2.875033926563527,491.949999999999,0.43299359245176644,1,0.291071472627242,121599,35394,0.1700816914944738,0.17727214614097492,0.11,0.19999999999999998,0.02,0.41,102.68176547504503,119.81140871334125,29.60153724593013,109.0,20.0,98.5,171.0,0.10487646393955953,0.062235856355127295,0.10644,0.09771824999999999,0.0187866,0.18676,0.3491443994359411,0.31068702896869493,0.378185,0.250845,0.09314940000000001,0.54366,6.782775573636491,7.0482313299202595,7.242850000000001,8.3382,-0.052692399999999875,14.708100000000002,0.24750140168756005,0.16328088141446373,0.21983,0.127435,0.10963300000000001,0.41891700000000004,0.10243894521415212,0.026776611522824206,0.1026,0.03510825000000001,0.0682742,0.13664700000000002,-0.42799785658586204,0.06288107109353636,-0.43385,0.07599,-0.5032139999999999,-0.346332,1.7984571201333561,0.47330461714247446,1.8114,0.7303749999999998,1.2058,2.4275700000000002,-10.196939987003447,0.8294813990688794,-10.138,1.2508999999999997,-11.362,-9.128530000000001,588.5266714801683,281.79604152380955,568.56,338.375,261.746,919.8620000000003,1596.5995252042421,420.3838877407615,1612.6,515.0999999999999,1027.3,2114.2,2529.0284507227657,460.3927508792322,2580.4,656.0999999999999,1930.46,3072.540000000001,1,0.4284708659707223,0.5309139713302246,0.16163717986561074,0.31466768209583396,0.36088194192464607,0.5423692024117155,0.15843833009359254,0.2888795933241003,0.05089186285097192,0.17349575192223707,0.4875553554115671,0.5522775074796648,0.1863979515238781,0.3348302446910065,0.09224232541396687,0.24881354327984684,0.3054694558435325,0.4611667347595825,0.131781505399568,0.2956048281626949,0.2725693072954164,0.4048232724785237,0.26853352123830093,0.3724034646734902,0.5711599452843773,0.7315603190108102,0.009853469522438206,0.08221559707611545,0.16378689704823615,0.07379409647228222,0.1039116870650348,0.9851211903047756,0.014758819294456443,0.15598752099832014,0.24899164411704205,0.09554064003703004,20.261636144368182,2.5382226245416337,0.8182319888212212,0.9495819933307034,15.261558943145147,3.0260949463442497,0.5891944467632222,1.4893134298972803,0.38328560822992896,0.24848999881210196,0
350,1.1941034482758661,0.6350000000000051,1.3557188917457714,1.635999999999978,3.2840000000000034,6.600000000000023,3.6698239999999998,3.0200000000000387,3.279127962282652,5.37600000000009,8.205999999999952,14.789999999999964,11.536,7.0,11.238892472125535,16.0,29.0,50.0,1.1713459715639785,0.9499999999999886,0.9136076961605396,1.4950000000000045,2.299999999999983,6.600000000000023,58,125,87,1442.0,817.0,0.5614785801713585,3.1434750004359886,247.15399999999946,0.3025140758873922,1,0.45580013381870965,88179,40192,0.18994328922495274,0.19264131777266413,0.13,0.22000000000000003,0.02,0.44,143.9798591501378,182.06920531449043,40.436527763313066,172.0,38.5,145.5,234.0,0.07939629159733877,0.055523272281906,0.084446,0.09102575,0.00752762,0.14986900000000003,0.33283964897370616,0.19522966211202739,0.349435,0.3291525,0.06202970000000003,0.58393,3.4344435912932645,5.431854210285083,3.04425,5.4433675,-1.4153499999999999,9.982460000000001,0.3637189304513087,0.35094298505543087,0.245025,0.2709825,0.103461,0.8277440000000004,0.11537140144605892,0.0346467673013171,0.11422,0.052356500000000014,0.07107720000000001,0.16206900000000002,-0.364794627211883,0.06462985237571552,-0.36881,0.08206250000000004,-0.44502,-0.28149499999999994,1.3712580334394904,0.4257380061269215,1.3106,0.5507,0.887205,1.9774800000000003,-9.900543807225318,0.9523984330009101,-9.8633,1.4015250000000012,-11.231,-8.683349999999999,625.0450429921492,251.02200106106088,598.67,299.125,352.0,914.15,1585.2171004265747,399.7098714365251,1567.3,470.4000000000001,1085.5,2112.8,2547.17496517063,421.3569221684132,2562.0,435.3250000000003,1985.6,3059.37,1,0.8625246545706922,0.9106902708273394,0.4621196533148259,0.5988098783797632,0.5927343201136889,0.7006815288315255,0.12307280897613854,0.28629210225338275,0.2637371820345033,0.4064580837510437,0.39631576693766934,0.4980116564123147,0.3928807106219843,0.5070733785854042,0.34354058748099675,0.5047608903191885,0.4535820575715513,0.5647405175217904,0.08586141205631569,0.23378720902424827,0.20014990409147995,0.35873925442819726,0.5396187691850088,0.6035588392492509,1.3245286377156456,1.288828523944256,0.01377188921938,0.0884031955806912,0.23597065238945072,0.24780223411990218,0.22136294533677045,0.25454425275960074,0.002776125322228832,0.5640161279661577,0.43245988242070577,0.1664160388919317,15.348687786929938,5.944461680517169,1.7979352898895755,2.366581768864666,5.074485543995819,3.7422574812242066,0.7317616522886637,0.9518432298283728,0.12669354305729957,0.5719523719523719,0
351,0.5749999999999965,0.469999999999942,0.3996102267626977,0.7425000000000068,1.2020000000000408,2.009999999999991,3.448135593220337,1.9850000000000136,3.4967994928904513,5.049999999999997,8.383000000000028,14.939999999999998,9.966101694915254,6.0,10.512246452646721,13.0,25.299999999999997,46.0,0.9536893203883496,0.8650000000000091,0.6134400696173691,1.2999999999999936,1.7099999999999795,3.010000000000005,60,118,89,1176.0,717.75,0.566882619296412,2.890287062524579,196.46000000000004,0.2737164750957855,1,0.40361751062253926,76959,31062,0.19044757817290006,0.18651401005287718,0.12,0.22000000000000003,0.02,0.45,127.1586169258956,202.40971283239972,38.8570641689045,190.0,32.5,171.5,258.0,0.12670959434005538,0.056093470231707944,0.13635,0.06308050000000001,0.03751630000000001,0.18854,0.34653771704297537,0.1288301982060786,0.37465,0.11584749999999999,0.14675900000000003,0.47394,7.465736787140751,6.630350917494404,7.1716,8.3274,0.05813160000000016,15.255,0.22357404860305194,0.1649323281336765,0.189475,0.10955500000000001,0.111731,0.36805600000000005,0.1106554864109523,0.024878998071826933,0.10965,0.029983000000000024,0.0808483,0.14235,-0.34054468347176614,0.07070130752705828,-0.341775,0.096555,-0.431519,-0.25172199999999995,1.4082037724550898,0.42970771477993364,1.3574,0.5558000000000001,0.915381,2.00989,-8.977176694997102,1.1615835154468166,-8.6839,1.5188249999999996,-10.93,-7.7066,652.3878520480989,338.5858021180044,627.0,495.01,244.1,1091.3,1584.2306624634384,441.40157381064546,1568.8,546.7,1000.0,2171.6,2509.503603899903,474.6178894448187,2536.0,593.0,1856.94,3088.5,1,0.41605378037898993,0.6539720278504322,0.28220331528838194,0.46357864250613984,0.29152120103946283,0.4472103372256233,0.07353494917670868,0.2306494637900297,0.2269680264465091,0.39742754894241744,0.2870848065955294,0.4299761449590464,0.281179626621286,0.4338202069346501,0.3190318865789715,0.5278803737374597,0.3882893690552847,0.4939492977042453,0.1319151659001012,0.28778536187295517,0.21248378727807926,0.3429451134954853,0.34097517523686877,0.6629898634061786,1.4825550321037624,1.2791159070899767,0.052006529252138715,0.18178956086006556,0.47787692024652745,0.2640051513200258,0.11530677950510533,0.914865237788612,0.05749241100174777,0.35369331248275226,0.34184304649657676,0.09305130107696453,10.235919267367477,3.3744553352919486,0.6851804866463007,0.9570773909337513,18.643217124649478,5.584641040135604,0.7289673991291521,1.0765575449249523,0.218139598415517,0.9480294499783456,1
352,1.0972972972972936,1.1500000000000057,0.4921747033740605,1.3100000000000023,1.6619999999999433,2.4399999999999977,5.3709677419354875,5.1200000000000045,3.6671377208219935,8.25,10.500000000000021,13.64,18.0,17.0,13.636604755118183,28.0,35.0,51.0,0.9672592592592549,0.8699999999998909,0.5442132338484115,1.2549999999999955,1.717999999999984,3.5600000000000023,37,93,43,1674.0,711.06,0.7024723652012493,3.351351351351349,130.57999999999942,0.1836413242201775,1,0.42468853192301115,76011,32281,0.16734577501296008,0.15956721270253474,0.12,0.18,0.03,0.37200000000000044,152.26743497651657,199.04502648616833,45.744714053668254,193.0,36.0,164.0,255.5,0.07456638532763576,0.05397167595270423,0.068409,0.07428499999999999,0.0092102,0.14772,0.3032488444593197,0.1492285670470817,0.32222,0.20203000000000002,0.067071,0.47966,6.461784912765218,6.075472715772674,6.439,6.770399999999999,0.0049039,13.414,0.3030576517526099,0.31284715803268964,0.20307,0.1853,0.10504,0.62193,0.11857915909166383,0.03970034753466563,0.12054,0.06317800000000001,0.06374,0.1701,-0.32807751009572195,0.07768229356846068,-0.33135,0.09671999999999997,-0.42468,-0.22956,1.3828018856293176,0.6122235552468198,1.2768,0.76147,0.63122,2.4965,-8.865591276602336,1.1424120234296864,-8.6923,1.4680999999999997,-10.665,-7.5491,632.6003747314094,310.7447746526118,575.475,410.42249999999996,275.2,1031.0,1589.3497794659786,444.24945050777967,1621.5,575.0999999999999,984.0,2124.0,2542.0268090372865,502.2326254490278,2626.9,718.7249999999999,1831.41,3090.8,1,0.30190080017849175,0.47868598210231167,0.3271759606871932,0.47148195753340805,0.23478052565818833,0.37795925789050555,0.0674882829986613,0.20537900151549132,0.2063794506916555,0.3773525753998999,0.26413357193217313,0.39443691057587643,0.25308609736724674,0.42004489925499355,0.3538984936635431,0.53319430221199,0.2383453479696564,0.38505111282654314,0.17713443565372602,0.3320968487820895,0.25511638688085675,0.4105684348649643,0.32069334725568943,0.4418429255071359,1.0115702927264614,1.0238756410771472,0.011173037081659974,0.0813724473648331,0.4301651048639,0.7425256581883088,0.24917447568049977,0.9895136099955377,0.0004908522980812137,0.4062918340026774,0.28734828791037165,0.09527911093119473,11.491521051208844,4.4072569331027385,0.9558150599505797,1.37393956354015,11.151834060178393,3.397014204732696,0.7882929634906325,1.0296696330335338,0.13032870514128556,0.986466736817491,1
353,0.8887500000000089,0.8599999999999959,0.47268569984010117,1.0900000000000176,1.442000000000036,2.4599999999999227,3.5810344827586214,2.8899999999999864,2.972345636869615,5.3899999999999935,7.6250000000000036,12.439999999999998,10.741379310344827,6.5,10.739165100836296,15.25,28.0,42.0,1.0877948717948713,0.8700000000000045,0.7263472073428271,1.3300000000000196,1.8819999999999935,4.330000000000041,48,116,80,1246.0,739.7,0.5615790185210221,2.999518536350505,212.11999999999992,0.28676490469109084,1,0.407735368956743,78600,32048,0.20464878671775225,0.21100434409390081,0.13,0.22000000000000003,0.03,0.48,119.54198473282443,190.92291250624064,42.39652071030799,181.0,51.0,146.5,251.0,0.06379466389510828,0.04586855962323358,0.060541,0.06075924999999999,0.0100804,0.11983,0.28055475904144095,0.1405961127621481,0.29474,0.1997525,0.0740262,0.4557,6.0002551166325935,6.401433963430738,5.63195,8.245675,-0.16773899999999983,13.2913,0.30198773211900903,0.3266268894250204,0.196135,0.187255,0.0895251,0.648339,0.10745499199307289,0.04241376827913543,0.10675,0.07005099999999999,0.052507700000000004,0.166383,-0.3187617726535197,0.07954455325309134,-0.3208,0.09988999999999998,-0.42005,-0.218567,1.395607097790814,0.6463323858032273,1.2195,0.89385,0.7057140000000001,2.4965,-8.713927461932101,1.222749359348929,-8.4293,1.5081750000000005,-10.81,-7.373,614.004065941787,276.9039061330144,601.23,368.4950000000001,269.07,929.2440000000005,1541.6913067101682,445.15647092550336,1559.3,587.5250000000001,934.645,2103.5900000000006,2488.491243641782,507.00969703167345,2531.45,714.5250000000001,1779.51,3096.1,1,0.3889748868421053,0.5441256828746976,0.1330936943062201,0.27864529246720454,0.5141669665550239,0.6777164846275036,0.24425508311004787,0.38491176952230705,0.10590486258373205,0.3027099205776052,0.37356648397129183,0.4617885256755354,0.2243882124401914,0.4099332106875414,0.18799335583732057,0.4657449907293602,0.33678843181818185,0.49929294364419335,0.10097592210526316,0.2380727320691901,0.11335778153110049,0.28553445901772706,0.4288902648325359,0.5618383207652834,1.2437083519138756,1.1239374432771376,0.03485287153110048,0.1418416534000375,0.3799521531100479,0.08186602870813398,0.10291866028708134,0.9180382775119618,0.00023923444976076556,0.365311004784689,0.3164940835269993,0.09023726560054138,19.648999959560644,3.4034795413296792,0.8853028412744043,1.2973875893906277,8.883804562643748,4.537400782218064,0.5566452031177639,0.9146865268146207,0.29069100640351714,0.8869572591587517,1
354,1.508064516129034,1.166000000000011,1.10864937985396,1.8374999999999986,3.12,5.289999999999964,1.7851829268292647,1.026000000000007,1.7418029076152048,2.3764999999999787,4.533999999999994,10.199999999999989,5.951219512195122,3.0,6.570262717070497,7.75,15.900000000000006,36.0,1.4644943181818186,1.2375000000000043,0.9978065944699473,1.896749999999983,2.788499999999999,5.6200000000000045,62,82,95,488.0,533.76,0.2742524730215822,3.333674898384404,257.7510000000001,0.48289680755395703,1,0.24176071843414643,57681,13945,0.15494444444444447,0.18938760144277375,0.09,0.18,0.02,0.3810000000000002,93.61834919644252,115.43929723915382,36.65240715871195,97.5,47.0,87.0,180.5,0.09285836303857296,0.04896184035845915,0.10207,0.064558,0.01678120000000001,0.14425800000000003,0.3569882998813912,0.2981493147387154,0.38952,0.26728999999999997,0.06264660000000002,0.6017220000000002,-0.43286859159770524,4.915895670556031,-0.56027,3.6484,-4.3402199999999995,5.001860000000001,0.19002840923315167,0.15293453487107367,0.15599,0.11223,0.0633572,0.359344,0.09323423339591251,0.023782936951593343,0.088696,0.025079000000000004,0.070389,0.12634,-0.41111378501254925,0.058380745287961805,-0.41476,0.08278999999999997,-0.483028,-0.33592399999999994,1.2443754815346002,0.4990666086980953,1.091,0.6586799999999999,0.724274,2.0361800000000003,-10.414423054858371,0.8435489606449794,-10.344,1.4476999999999993,-11.5086,-9.31002,685.6107182666296,321.47829348687816,668.3,484.835,273.535,1106.8,1583.5223200041617,410.62405541414574,1567.85,562.1000000000001,1057.5,2119.3,2487.799093951585,464.54727657912855,2461.4,659.5,1923.0,3110.0,1,0.20229226808834733,0.39981893960257187,0.15815976331360948,0.3604977321472237,0.33858387837600323,0.5331162629396561,0.010706985939422344,0.07934837114052905,0.048043564590778604,0.1902997279759669,0.4481270388423458,0.5428587147752936,0.11107552381510341,0.30543568394654363,0.13547903796355965,0.33595903795197396,0.33745736293866074,0.551133288686492,0.0441481355674029,0.15782213082444657,0.07251377110551292,0.27134156980970636,0.3080769878727518,0.4615800102871596,0.843336070595817,0.9458378003705263,0.00408403315952897,0.048021071465680625,0.3092155369383092,0.030640342140722948,0.060519069658445133,0.9231940945573848,0.0016989864666940068,0.465815220575312,0.21872031586920315,0.07131979682111889,19.827897178728747,2.9206920438537383,0.6390228784638406,0.8844881875347442,5.2950544721009205,5.171119229563402,0.4610185321305405,0.4975155307852403,0.19755469755469757,0.987306907045726,1
355,1.0176800000000024,0.8075000000000045,0.863466303685329,1.3992500000000234,1.9622000000000244,3.670000000000016,3.2906435643564382,2.5,2.551309171154098,4.740000000000009,6.289999999999964,11.160000000000025,10.108910891089108,7.0,8.36293210945223,14.0,23.0,35.0,1.0982259887005634,0.9499999999999318,0.6874280854445232,1.3700000000000045,1.9466000000000008,3.670000000000016,50,101,77,1021.0,630.9399999999999,0.5267616572098778,3.0720163680401957,194.38599999999974,0.3080895172282622,1,0.4220097821253891,67470,28473,0.21505287009063445,0.2459866628343228,0.13,0.24999999999999997,0.02,0.5270000000000005,117.741218319253,146.3012854283005,32.8697194258073,134.0,28.0,120.5,193.0,0.13536306398511574,0.0652154719167382,0.1455,0.09965800000000001,0.0430552,0.212988,0.38435517983760054,0.16853938227565285,0.42113,0.25600999999999996,0.14942000000000005,0.577648,5.8812793799919225,6.03658301869719,6.0736,5.5328,0.0,12.295,0.24312702807119027,0.1440497828526648,0.21204,0.11002,0.130652,0.407568,0.12612943350862219,0.02751877302899265,0.12416,0.02943000000000001,0.094554,0.162718,-0.4602491222210515,0.07101849769794005,-0.47912,0.07768000000000003,-0.53166,-0.350084,1.4854078073964807,0.7070015071219247,1.6359,1.17468,0.34806600000000004,2.39884,-9.626690116952902,0.9970846076295887,-9.4631,1.4717000000000002,-11.155,-8.44162,600.6110044156461,317.3815532494069,539.0,413.34499999999997,257.36400000000003,1048.5800000000002,1574.8356752468787,414.89545824202514,1566.5,478.79999999999995,1052.3,2095.7,2496.5425636843506,493.7188097224606,2464.1,691.0,1896.91,3169.1,1,0.44867545510608203,0.5924937057907876,0.2722295917397454,0.39647459376094685,0.7222260152192361,0.6912819565128449,0.10374543247524752,0.24773866893097313,0.09559156158415842,0.2444846648720697,0.562745082602546,0.665312251953437,0.1455237124752475,0.28920414751359647,0.17001320746817541,0.3299814788258518,0.21464372854314004,0.358511291045353,0.2865578304384724,0.38834057080230827,0.0771850569165488,0.21848709434701297,0.2630604755304102,0.4270404199119381,0.8542115051768034,0.831461513622713,0.03839443190947666,0.15048725223780066,0.19954738330975955,0.011089108910891089,0.26975954738330976,0.7936633663366337,0.18359264497878358,0.4241018387553041,0.3039145062275207,0.10294111373850208,14.723344487442114,2.8889983248133384,0.9157911195658719,1.010807977849023,18.04289306288912,6.033081351633733,0.6615850675780924,0.8013275586871994,0.16250961432809582,0.8905740539472383,1
356,0.9758928571428569,0.7199999999999562,0.9543037416763852,1.2175000000000225,1.8899999999999864,6.110000000000014,3.198369696969701,2.480000000000018,2.88048285351341,4.6299999999999955,7.290000000000019,13.529999999999973,9.872727272727273,8.0,9.242958752551987,14.0,22.599999999999994,41.0,1.0747540322580618,0.9550000000000125,0.7517278376641527,1.3024999999999523,1.9099999999999766,6.110000000000014,56,165,84,1629.0,889.9300000000001,0.5930028204465527,3.0867999037388327,266.5389999999993,0.29950557909048947,1,0.34915094339622643,95400,33309,0.15435125115848006,0.1439963857407711,0.11,0.16999999999999998,0.02,0.35,135.72327044025158,117.77489567384191,30.419732624234435,107.0,24.0,93.0,172.0,0.10438592117389565,0.0571173373341289,0.10649,0.080904,0.0242364,0.17594,0.3509530486431865,0.17178255609243662,0.39587,0.24745,0.09159540000000001,0.545672,3.976572358779699,6.071696983149543,3.7933,5.241099999999999,-0.20575799999999944,10.9312,0.2155443683756042,0.1432201281223758,0.19522,0.10677,0.0919742,0.357192,0.10894008298886187,0.030713830016242772,0.10465,0.04044500000000001,0.0748326,0.151872,-0.41913672169683874,0.061706834177938964,-0.42383,0.07540000000000002,-0.492972,-0.343156,1.475256361644,0.6546770840916095,1.4141,0.8475999999999999,0.39153800000000005,2.4965,-9.707584727851332,1.002543120903435,-9.5633,1.5633999999999997,-11.2,-8.46878,637.2848649707946,302.59551989976353,602.91,397.69499999999994,266.0,1017.1,1588.988132111285,404.7455670105178,1611.5,474.29999999999995,1048.6,2072.0199999999995,2543.216782160048,451.263116837526,2591.3,579.0999999999999,1896.68,3069.1,1,0.6285545696750632,0.8493126770803378,0.5459967665574759,0.6032232078622317,0.626403699310968,0.6004125452482816,0.081068657893746,0.2249057213017554,0.17499239862193608,0.3296972123557647,0.5716441255318347,0.6110624381884019,0.20806155819119695,0.369690778282853,0.23286035551037315,0.40130614425151195,0.33536399337324446,0.48877102883212425,0.21945295496818407,0.3461322885023807,0.060488166271320455,0.2008580098985808,0.49920173417673863,0.5965551628944277,1.58916024063406,1.2630328798355068,0.03325124232840092,0.14209881467025387,0.3699687488233744,0.10704469294777665,0.10629165254715915,0.2533227907677247,0.03976053315260364,0.2861553522346474,0.41475003307461017,0.10754592751713231,20.72256181760484,3.0272808858304727,1.0776337752735157,1.3715209592010615,7.20844920286502,4.214489504338386,0.7264082441184642,0.7632037180281337,0.12534254288824656,0.9297442705422023,1
357,1.1166666666666618,0.9200000000000159,0.8646515033365882,1.25,1.802000000000004,4.310000000000002,1.5395977011494262,1.1700000000000017,1.2768919292857828,2.325000000000003,3.2039999999999966,6.509999999999991,4.64367816091954,4.0,3.906896382641273,7.5,9.400000000000006,20.0,1.2419999999999993,1.009999999999991,0.841780969136272,1.5,2.211999999999996,4.430000000000007,33,87,39,404.0,360.935,0.37110560073143384,3.0161633506289878,155.24999999999991,0.4301328494050173,1,0.2603601648947711,41481,10800,0.14044213263979194,0.17616581647936685,0.08,0.14,0.02,0.34,111.23164822448832,134.43800925925925,39.29237892272904,118.0,60.5,100.0,196.0,0.0730603413311974,0.04192796521975058,0.073206,0.04694600000000001,0.012191200000000001,0.123261,0.27288834685846663,0.13623638929478954,0.313145,0.19446249999999998,0.053529000000000014,0.411731,0.22615813331166668,5.866582231514449,0.0,3.37075,-4.6876299999999995,6.420780000000001,0.18936390550047222,0.1819013397251457,0.13814500000000002,0.11363774999999998,0.0616111,0.39155200000000007,0.08221828160555555,0.03257536702958394,0.0733955,0.046914750000000005,0.0479346,0.130203,-0.38417814888888896,0.058210938300619866,-0.380685,0.07650499999999999,-0.460321,-0.316798,1.2363147907407408,0.52833047429883,1.05295,0.775225,0.705708,2.07041,-9.485519796296296,1.3227263014217725,-9.245650000000001,2.5524000000000004,-11.295,-7.8535900000000005,644.1650400660734,310.1053360310511,605.9,418.64000000000004,283.84000000000003,1059.0,1569.4741814367358,404.79359771396673,1562.7,461.79999999999995,1042.6,2092.340000000001,2499.173099182522,466.5312789272751,2534.1,575.3000000000002,1867.74,3082.0200000000004,1,0.7470498467889909,1.0730826542716416,0.5816087776376146,0.8264103855498803,0.7297518604357798,0.80702931913469,0.3236825402522936,0.4372614551541697,0.15562746123853213,0.34910819592877984,0.3730398194954128,0.49230747739165026,0.18924783474770643,0.36534581114071635,0.3537923694954129,0.5637326724995949,0.4569022391055046,0.5582274918150898,0.2902795649082569,0.43022763883854487,0.15735506720183487,0.3254832835451752,0.45861489965596336,0.6194153159417013,1.2299123443807338,1.1636811140455798,0.06668079013761469,0.2453947031504682,0.5857798165137614,0.5630733944954128,0.4994266055045872,0.857454128440367,0.6456422018348624,0.40905963302752296,0.43668181539154655,0.11231002967247226,14.368505133144009,3.20080486231977,0.74622255498813,1.0196730235910836,14.919453873502446,7.662594505931532,0.7313892793892527,1.710524418350739,0.2181262951248773,0.7246726118743473,1
358,1.499909090909093,1.1640000000000157,1.5233781065027479,1.812499999999993,2.940000000000004,9.409999999999997,2.3597425742574263,1.4600000000000364,2.5948592691707346,2.823000000000036,5.337999999999965,11.61,6.465346534653466,3.0,7.719801408767251,8.0,14.0,38.0,1.6890866666666662,1.355000000000011,1.3683573945265741,1.9732500000000073,3.0916999999999972,9.409999999999997,44,101,50,653.0,585.035,0.4073841735964516,2.7398524759371297,253.36299999999991,0.43307323493466193,1,0.29320430306678397,64791,18997,0.1429420617005267,0.14550138151625366,0.1,0.15,0.02,0.33,123.07264897902488,139.80675896194137,41.67926380502171,125.0,63.5,100.0,204.0,0.07768945447793862,0.04626544615066349,0.075832,0.063524,0.016015200000000004,0.13620800000000002,0.2860379698855083,0.1503148808154188,0.29752,0.20035,0.06695620000000002,0.48574800000000007,1.0748367980833815,6.4083622747339,0.18519,6.4983,-4.83458,8.827260000000003,0.22651641596714744,0.18684037759666336,0.17286,0.17991,0.0643228,0.4657380000000001,0.1050436050423751,0.034723329546323935,0.10568,0.050865999999999995,0.0592954,0.15076600000000007,-0.38754583839553614,0.0621313563934024,-0.39009,0.07347999999999999,-0.463034,-0.31638999999999995,1.3803344106964257,0.6617446269844011,1.3183,1.06209,0.59592,2.4959,-10.013609885771436,1.1181593130218248,-9.8786,1.7728000000000002,-11.432,-8.646479999999999,638.284926963274,269.3054062816506,623.9,320.05999999999995,317.27599999999995,964.2160000000001,1608.0154226037018,420.0484440445819,1592.6,566.1000000000001,1073.1,2147.84,2544.3359552001484,443.8186856617899,2556.9,571.9000000000001,1983.3600000000001,3108.6,1,0.22878262875696798,0.513133341188821,0.31495860571231543,0.5586672280199768,0.4322132223435435,0.5280735280783164,0.06203636710533878,0.2019906366575207,0.2387945572668238,0.4856742186917854,0.24273119780472385,0.40641919724711056,0.33293812275156603,0.565797756016227,0.20383771036147347,0.471035298270308,0.4015956946152521,0.6863445463628409,0.04872384897419689,0.16809972679844487,0.08710196620883857,0.2914490327805293,0.3816766768001839,0.6083376120442664,0.7180011880926384,0.824758731584682,0.03430089115568071,0.17941410603297636,0.36836963392908456,0.05028446640997644,0.08465030745359461,0.7050169530486754,0.0004022757312798115,0.5288776507097294,0.2662637627106817,0.0767524316584565,15.436104238060228,4.815522398924195,0.5026237311731662,0.7616184849583296,13.740681846501205,5.519999137792509,0.3812682909131448,0.7074569447392031,0.47010181695449177,0.9081352676887198,1
359,1.7066000000000012,1.3799999999999955,2.0116462843485565,2.4000000000000057,3.530000000000042,12.910000000000025,3.6806829268292667,2.330000000000041,3.37619176565683,6.133750000000006,8.400000000000057,13.470000000000027,13.737804878048781,8.5,13.123179457885906,24.0,34.0,54.0,1.2242608695652186,0.9799999999999898,1.3245644832498715,1.5,2.5119999999999787,12.910000000000025,75,164,90,2253.0,975.37,0.6188748885038495,3.7324064993240933,309.7380000000003,0.3175594902447279,1,0.376619355837421,103359,38927,0.15966776045939296,0.17229264134035957,0.1,0.18,0.02,0.38,141.5261370562796,134.31219975852235,35.197452437084834,124.0,40.5,100.5,187.5,0.09364746335974311,0.05502990666699865,0.092892,0.08858400000000001,0.0159826,0.16328,0.2869116380117656,0.9810575769648587,0.29421,0.17953000000000002,0.0741762,0.43688600000000005,0.6119565280835411,5.736177823921465,0.11864,4.3065,-4.4832600000000005,7.243140000000003,0.22795026225249057,0.22520431533210977,0.15921,0.13108000000000003,0.0792224,0.4748680000000002,0.10862873714167542,0.02854479760057091,0.10718,0.03700800000000001,0.0745656,0.147184,-0.42718861802861763,0.0622266710782425,-0.43008,0.08345499999999995,-0.50605,-0.34885199999999994,1.221156621111311,0.4932924786915123,1.1027,0.6528399999999999,0.68857,1.9736,-9.409731176304364,1.134762893168973,-9.2824,1.7584,-11.077,-7.983719999999999,600.0433573612323,317.3832520424953,543.15,436.515,251.836,1023.1,1603.1167972388637,403.4608884015114,1593.0,486.70000000000005,1081.16,2122.1,2502.1766524164846,436.16926836410533,2462.4,550.75,1976.4,3089.1,1,0.8805645844127008,1.0998812289105644,0.7552250576197174,0.7547431908657118,1.2101789837169714,1.072712487184427,0.3034793835763452,0.4393647493730857,0.12793054722078306,0.2743256695915063,0.6788369935608023,0.7333846803282223,0.14772020594330548,0.2910477825951017,0.17199974635482201,0.35356511918108513,0.28358741862186365,0.43070988177474356,0.09043281174598476,0.22923059552825534,0.17618592783657758,0.31114307808408986,0.3364797496484346,0.4988940704552434,1.1061659517430242,1.1248277528777224,0.05459983221079121,0.231471052207029,0.4338686995781215,0.9315742728147436,0.1726001036192732,0.6953593368366516,0.05428909777218563,0.42887277033528237,0.45167051387229457,0.11767578030579391,14.108558610623943,3.5417259122065117,0.8005384332360714,0.9568827349467353,21.573102673692595,8.668966253027456,1.5204715969213147,1.6597481573986808,0.0661189358372457,0.8948794015219915,1
360,0.8459999999999978,0.789999999999992,0.4109932220504695,1.0699999999999932,1.4059999999999946,1.8999999999999773,4.831666666666665,4.924999999999997,3.2968880829876555,6.80749999999999,9.959999999999983,11.829999999999984,14.571428571428571,13.0,11.261275528580777,20.0,32.19999999999999,41.0,1.1519512195121935,0.9749999999999943,0.7316610554481425,1.4074999999999847,1.8939999999999801,4.189999999999998,35,42,41,612.0,379.85999999999996,0.5342231348391511,3.015818262455035,94.45999999999987,0.24867056283894035,1,0.439827429609446,44040,19370,0.1841254752851711,0.20324668802988233,0.11,0.22,0.02,0.46,143.32425068119892,219.12196695921529,39.705247324550314,209.0,40.0,182.5,270.0,0.1390495153112287,0.058197795488184746,0.14508,0.06365499999999999,0.0497879,0.20721,0.4385520301488901,0.15572900041275503,0.476905,0.15866250000000004,0.199355,0.590782,7.808881442717295,6.401727295620698,8.46345,7.175624999999998,0.0,14.561100000000001,0.29729748528936506,0.15449880144782976,0.27198,0.16634749999999995,0.153559,0.48480000000000023,0.12291928878988125,0.025835563784106372,0.12434500000000001,0.03422499999999999,0.08938320000000001,0.15454,-0.37315882297367065,0.06573397099119797,-0.37417999999999996,0.08354500000000004,-0.457414,-0.291419,1.719101416623645,0.4720779391280809,1.7312,0.6604500000000002,1.09239,2.34161,-9.231170129065564,1.1942693703045102,-9.0445,1.9716500000000003,-10.977,-7.73128,616.675508233958,288.6520353715258,570.59,380.13,286.1,1006.7,1596.6558873367405,424.421111501525,1595.7,518.5999999999999,1054.7800000000002,2146.1,2574.0915579784214,488.72616142097144,2616.8,665.2999999999997,1895.74,3162.56,1,0.4049653522654755,0.5526050388546571,0.38002924521378434,0.5845114233128028,0.6853890574345883,0.7992081582574002,0.12695266919272497,0.3182395821324264,0.2247818857689853,0.37401775792904196,0.28461095046266754,0.41820042969957627,0.31875225175494576,0.46690676364289196,0.31069265244097,0.4702927851138733,0.3419991239629866,0.4690030302872753,0.17129723205169112,0.3339291669190503,0.18213102217613275,0.35797102077473475,0.2690955238513083,0.43122585832052646,1.3557024965698787,1.5274641234455637,0.057977383375877475,0.18992681109638182,0.3000159540523293,0.3686981493299298,0.15443522654754308,0.26308232291001915,0.0311104020421187,0.3612795149968092,0.36531263189442975,0.09866381845119379,12.137315974242568,2.6363994467088654,0.5218355155321815,0.75263212875945,18.213819115900456,6.279590888209446,0.7391717286710341,0.8004386558353912,0.1994718036352338,0.9657938550022703,1
361,1.0967567567567535,1.0800000000000125,0.5527477018620723,1.240000000000009,1.8719999999999912,3.019999999999982,5.087466666666668,5.170000000000002,3.710828512460374,7.7549999999999955,9.881999999999994,13.419999999999987,17.36,16.0,13.826197356226814,28.0,35.0,52.0,1.1106837606837592,0.9200000000000159,0.6444048821427778,1.25,1.8239999999999896,4.090000000000032,37,75,43,1302.0,599.5400000000001,0.636421256296494,3.412307369745256,129.94999999999982,0.21674950795609935,1,0.3963795547662445,64191,25444,0.15109263657957245,0.15249311644581612,0.1,0.16999999999999998,0.02,0.36,157.40524372575595,146.84302782581355,36.520256740324236,134.5,44.5,113.0,203.0,0.08805893104136535,0.04382995407249104,0.092008,0.044921,0.020508500000000002,0.13648,0.30510506085737304,0.13042223195662103,0.340955,0.12327499999999997,0.08676950000000003,0.425441,0.5552070385364329,5.339218038763049,0.0534535,3.0383500000000003,-3.4042899999999996,6.6673800000000005,0.1733844292644081,0.17180952410570752,0.12017,0.10386800000000002,0.064269,0.34501300000000024,0.08594598421549283,0.03095149825011101,0.07699349999999999,0.04185175000000001,0.054670500000000004,0.13149100000000002,-0.37253680832416286,0.056467032902887404,-0.37132,0.07419250000000005,-0.44713,-0.30402599999999996,1.1193961094953624,0.4822955130159409,0.93729,0.6320625,0.6700560000000001,1.8641500000000004,-9.785224489074045,1.0220720390038516,-9.63965,1.5135000000000005,-11.321,-8.54825,630.7650180656622,282.73762591152763,570.69,378.04,328.0,1014.3,1584.9696676379385,424.51698532302385,1547.1,556.3,1085.5,2182.7400000000002,2570.0202694111595,442.6393659861704,2610.2,481.39999999999964,1955.06,3107.3,1,0.1052784750492624,0.28153421697380926,0.18765161005485434,0.3979823412670325,0.26562883383927144,0.44314139518696294,0.013142235500878733,0.08890945438135289,0.006316297385098792,0.07061527464728128,0.20762325648399638,0.3475050452853415,0.016842464397933646,0.10714422985346517,0.054234863077168884,0.18321499429707305,0.10947603301911914,0.28363648028365807,0.1424690175214358,0.36961299028834754,0.05961104452255419,0.21346985651091538,0.10376674719071205,0.2533523167886743,0.8930977896895138,0.9474553355752287,0.015478967779730521,0.09463642087810008,0.24045374660488897,0.019119135112105234,0.09479682590403153,0.41231293603877084,0.0,0.27224796293337594,0.15575840253653786,0.07165185261199708,24.14321447600326,2.2090903951993477,0.6637207718115625,0.8731790059285314,7.365105675587875,3.47213120414824,0.6483687956248964,0.7713518012444393,0.2541092611309112,0.9757182416060921,1
362,1.2422727272727245,1.0349999999999966,0.7537779502924654,1.822499999999991,2.4080000000000163,2.759999999999991,3.4252564102564125,2.9450000000000216,2.769875830022163,4.667500000000011,6.82100000000001,12.509999999999991,10.025641025641026,7.5,8.850574889301678,14.75,22.299999999999997,40.0,1.3159375,1.1300000000000097,0.7382130424841824,1.5875000000000021,2.410000000000022,4.839999999999975,44,78,51,782.0,536.0799999999999,0.49837710789434453,2.9269753340569653,168.44,0.31420683480077605,1,0.34577000626916754,59019,20407,0.1315731785944552,0.12993665431872758,0.09,0.16,0.02,0.31,157.67803588674832,180.35022296270887,47.61021235102861,172.0,47.5,136.0,245.0,0.074774098641916,0.04962643559281858,0.073667,0.06510149999999999,0.0076835600000000025,0.14123200000000005,0.32871700722100755,0.1889239394298284,0.35361,0.31844,0.04200880000000001,0.5593640000000001,4.98469924894154,6.222666411631697,5.04,7.7009,-0.9756399999999996,12.178800000000003,0.2769766028909688,0.23763378987347078,0.22251,0.16679999999999995,0.0918506,0.5068100000000002,0.10445894753760966,0.034320829328032765,0.10414,0.05137800000000001,0.0597226,0.14894400000000002,-0.38690780565492233,0.05834757004568869,-0.38827,0.075125,-0.460276,-0.312982,1.443596610476797,0.5659596260996226,1.4,0.7261500000000001,0.745986,2.3976,-9.52186950066154,1.2474755521209513,-9.2849,2.258000000000001,-11.264,-7.98196,653.5243125633075,292.8860608452784,627.845,429.93249999999995,299.39000000000004,1013.0,1618.4695428079244,411.49219650388824,1597.8,495.29999999999995,1099.0,2174.5,2577.7427254091303,451.57277865683375,2612.8,579.0,1966.5,3108.81,1,0.5189796138882339,0.771562572568259,0.24498999717047867,0.3787196700214659,0.5818466114713511,0.652187942921232,0.08744941476066966,0.24157527393614547,0.05366319164112237,0.20876725091577483,0.1908505606578637,0.3376702758600888,0.1315117665644895,0.32017847923372006,0.2243081461329875,0.44828510032208396,0.2832982095614242,0.42474861228756666,0.09957638569912756,0.2492743861708622,0.01137369794859703,0.08176023989198263,0.23901963328224476,0.381255768871301,0.6923034585003537,0.7754693102718901,0.04399219340957321,0.1647552418803639,0.23691346380570621,0.02935628389530771,0.11270926668238623,0.32091487856637585,0.703489742985145,0.26839188870549396,0.24308306290632262,0.07734715910679546,15.213170306736014,2.391466455907438,0.5857474989352933,0.8159952085938219,6.652996217908957,4.508378596717338,0.35317262341846367,0.4267077434332232,0.45113347212583854,0.9702616224355355,1
363,0.7985476190476194,0.7874999999999943,0.5367206954043116,1.090750000000007,1.560799999999949,2.16700000000003,4.325207317073169,3.787499999999966,3.1540037070125493,6.97499999999998,8.506000000000004,13.185000000000002,13.237804878048781,12.0,10.22661687668093,20.0,27.0,43.0,1.0231615720524048,0.7300000000000182,1.4137118923266596,1.1599999999999966,1.9016000000000086,19.906999999999996,42,164,66,2171.0,1069.252,0.6633927268782287,3.0606174242317454,234.3040000000007,0.21912888636168154,1,0.4566739195983995,122709,56038,0.20244942196531793,0.2112143126806722,0.13,0.24999999999999997,0.02,0.4830000000000018,135.3445957509229,128.87969770512865,30.942152793830306,117.0,24.0,105.0,180.0,0.1296806116928511,0.061361085435401946,0.1329,0.0753635,0.0374727,0.20702300000000004,0.4330505868835807,0.17546309988850708,0.48345499999999997,0.16760750000000002,0.13453,0.60622,4.122160381259824,6.402933655348732,3.9193,5.196300000000001,-0.4561979999999978,11.442,0.24028989814906138,0.15817547900981815,0.20637,0.12168749999999998,0.118457,0.41128900000000007,0.10318866495801063,0.022177086830702387,0.10221,0.02314100000000001,0.0788744,0.13022300000000003,-0.404567284663978,0.0706040878252493,-0.40286,0.092555,-0.50081,-0.319777,1.6050369799064923,0.45429083703981854,1.5524,0.6298750000000002,1.07817,2.2949,-9.731296930654198,0.9532489778886838,-9.6926,1.3795000000000002,-11.077,-8.510739999999998,600.1833857316844,268.24571832192066,566.38,319.15000000000003,298.36,928.14,1609.7052190189715,417.6690952028185,1592.7,557.0999999999999,1078.8,2177.2,2540.757672407451,422.62527859889883,2530.1,514.2999999999997,2029.1,3099.8,1,0.5156240192661811,0.629064914901686,0.3166094728322111,0.4608361414913665,0.4975338374879758,0.5789679047102461,0.09269253522055791,0.2315156516800595,0.04840376688195685,0.19732372752619687,0.32227152073656723,0.47349712408441896,0.049634851642160235,0.1926350623599391,0.16087739969767761,0.3497431843527803,0.2937146609042188,0.4478008065317592,0.27035572310017864,0.3738819104660339,0.20569935935138106,0.334081295632227,0.41175260013741927,0.5233551054850869,1.058429487618524,1.0928583202986484,0.035109138188814074,0.1441020075460002,0.4299024323210114,0.08047272227566304,0.10218496633227979,0.9853236223718566,0.00038477394530713203,0.488085749622097,0.3056220266475589,0.08940139564879382,22.61800341374161,2.5881048057591967,0.5390369615969782,0.7251238957077276,10.81886900185438,5.343877192553013,0.48327641457173937,0.8092174804032939,0.35291054593290944,0.9902301660600134,1
364,0.857205479452066,0.6019999999999754,1.1018216045209674,1.0049999999998818,1.4992000000000187,6.5090000000000146,3.0438808290155426,2.544999999999959,2.081761136968916,4.151250000000061,5.694999999999993,14.170000000000073,10.652849740932643,9.0,8.892489971281346,16.0,21.0,65.0,0.7328008474576285,0.5365000000000464,0.8503755293085187,0.8299999999999415,1.4092000000000335,11.378,73,386,87,4112.0,1640.307,0.7162915234770073,3.499759136226764,345.8820000000007,0.21086418578961175,1,0.3582843574760453,178149,63828,0.1495501405810684,0.1491642888493347,0.1,0.16,0.02,0.35,143.74484280012797,101.18283511938334,27.611363559271318,92.5,28.0,76.5,144.0,0.07985351741874427,0.04246737715373909,0.08114299999999999,0.05191350000000001,0.016918800000000005,0.13204,0.351694794349942,0.16478417543425136,0.38542,0.17975250000000004,0.07913020000000005,0.5322560000000001,1.0979581333804598,5.968228857079655,1.3432499999999998,3.372275,-2.67359,6.48306,0.18439007697012597,0.1646253300944144,0.14561,0.110888,0.059874000000000004,0.34517900000000007,0.07979292506862193,0.029295762697440088,0.073852,0.030550250000000008,0.051016,0.12011300000000003,-0.390440942985837,0.06414696598670341,-0.39378,0.08617999999999998,-0.47027,-0.306907,1.2542749918531053,0.4556458355930373,1.1454,0.5811849999999998,0.77137,1.9416,-9.241648047878673,1.0273286734723475,-9.1178,1.2856750000000012,-10.815,-8.0289,623.2899498481012,290.2833546069137,573.9,348.95000000000005,326.808,968.1,1639.0031542742265,435.39213547943217,1635.5,550.4000000000001,1065.6799999999998,2202.7,2601.5448687380317,446.3231507821643,2646.0,570.7500000000005,2008.0,3130.4,1,0.34919291219446624,0.5378136239347746,0.4133139946237591,0.5613700331254918,0.4728076390238283,0.6355910206102623,0.03997963069065494,0.1694608144136198,0.12994277390987116,0.28761614875718167,0.38435541037998505,0.5343841355533311,0.17006247531729418,0.3383507267794876,0.36783536719725046,0.5208170837814206,0.3028336222614773,0.4543268376209819,0.2942359281503812,0.43724330608573503,0.34899441566022155,0.4885129839628502,0.2918140641308731,0.4428933118009871,1.5946953647395403,1.5438581902965223,0.0847238619842169,0.2273091873598788,0.333845356271961,0.8263666212246309,0.39467368138092584,0.7558610625756034,0.00587546322075229,0.523530654173307,0.37462767573313,0.11322190700707703,23.786350695950183,2.372415029509504,0.4931357606828265,0.49208709250628124,6.691560931334839,5.818794190850593,0.8070637476731194,0.8291036555767228,0.146168766359716,0.9872022751510844,1
365,1.826454545454537,1.5079999999999814,1.2304005086028833,2.4010000000000105,3.686799999999994,4.969999999999914,1.853247706422014,1.540000000000191,1.36525320089568,2.641999999999946,3.8519999999999084,7.489999999999895,7.061162079510703,6.0,5.760451678691314,10.5,15.0,32.0,1.3634113300492623,1.1479999999999677,1.0473623759574004,1.6607500000000357,2.4409999999999883,14.558,55,327,80,2309.0,1309.492,0.4627840414450784,3.810155574477082,553.5450000000005,0.4227173590980323,1,0.1683801196170523,138609,23339,0.06927574948055804,0.07445504564981946,0.04,0.06,0.02,0.17,145.8346860593468,126.40070268649042,66.50451321212385,91.5,88.5,73.5,232.0,0.06691117608828356,0.04902796155475391,0.06883,0.0770705,0.0004344460000000001,0.12740600000000002,0.2428041221497665,0.16076110020279274,0.2792,0.249415,0.0018256200000000002,0.428532,-0.11017686071943952,6.431191925129385,-0.006894,3.26795,-4.909899999999999,7.204840000000001,0.174925517592399,0.20588839488666857,0.1027,0.1705545,0.0012046000000000001,0.4279780000000001,0.09136205039269034,0.0355532487004367,0.086105,0.04999550000000001,0.050221600000000005,0.14186,-0.42152569454561034,0.06671041328941843,-0.43239,0.08649000000000001,-0.497692,-0.329348,1.2097336256909037,0.5309215266143898,1.0518,0.81151,0.654576,2.0250600000000003,-10.168428017481467,0.7902712522267499,-10.101,1.2250499999999995,-11.2692,-9.18346,624.8226266009602,286.5380501422517,580.0,356.345,309.55800000000005,993.158,1587.3906728209001,415.09662956347023,1552.2,526.8499999999999,1080.3,2155.9,2531.504545005556,429.2224570795499,2525.8,482.8000000000002,1990.4,3090.4,1,0.40575316013989865,0.5710819577171571,0.35541823595505617,0.47123033759955124,0.5113897699383124,0.5803731215216318,0.17507790476977306,0.31569637060595945,0.05233815344789601,0.18879649397445755,0.4059808130920908,0.5056603741871935,0.10773162389843578,0.268491204314481,0.09496971034368804,0.2606280423395338,0.29673282044503196,0.43600980454987065,0.11241024895351398,0.2781810124349048,0.022410639788499668,0.12197506945344773,0.31982277522582064,0.4580601196612461,1.2964729437376075,1.073011739032847,0.012571593467724167,0.08581982408665524,0.4310696188587795,0.06614893148270544,0.18407138136153336,0.9946298744216788,0.24077439964749944,0.4776382463097599,0.29779145665738205,0.0904494938743474,17.6356003979287,3.472297232500509,1.0650759898788609,1.295290009305492,9.23670908769869,3.348258423826858,0.4788557259652904,0.7070880217910342,0.34158361625232725,0.8766141637609716,1
366,0.6534590163934347,0.44599999999999795,0.7576779361164822,0.953000000000003,1.4740000000000038,4.150000000000006,2.732944055944057,1.9550000000000125,2.4579986266510643,3.8974999999999795,6.465000000000003,11.685000000000002,8.909090909090908,6.0,9.302912613243105,14.0,20.0,45.0,1.0311859154929572,0.73599999999999,1.3216335876797762,1.2749999999999773,1.9220000000000483,20.444,61,286,70,2548.0,1246.201,0.6272037977822199,3.25988777183856,366.0709999999998,0.2937495636739176,1,0.36858864486444076,131271,48385,0.1618768819003011,0.15680778700397846,0.11,0.16999999999999998,0.02,0.37,136.61814109742443,123.3538079983466,36.25132643366859,112.0,42.0,89.0,181.0,0.0819758969266378,0.04188586625327127,0.083219,0.04471699999999999,0.021552400000000003,0.13055599999999998,0.2936502684477483,0.1341407384385125,0.31106,0.13503000000000004,0.0873448,0.44596,0.6388041930893046,6.12087560059704,0.11226,4.7338,-4.310779999999999,7.72196,0.18141136095711688,0.17715179518847493,0.12541,0.12082499999999999,0.05757760000000001,0.38554,0.0947406490683063,0.03439397013168172,0.089213,0.050872,0.0555968,0.14442,-0.38146492055389075,0.07311916195638474,-0.38102,0.10002,-0.47977,-0.29122200000000004,1.0626235568874651,0.47402098544445165,0.90047,0.6174000000000001,0.614754,1.7796,-9.590279981399194,1.0364166429468427,-9.5489,1.461500000000001,-11.042599999999998,-8.288680000000001,667.9817171067169,354.68335062692046,599.03,391.64,264.2,1176.6,1649.3298199413268,421.89838998045076,1627.3,535.3999999999999,1113.64,2205.6600000000003,2559.9046880024384,437.8438031206086,2539.0,560.7000000000003,2019.8,3149.6,1,0.4876588153706427,0.7032560328337892,0.29022748962027506,0.492334945828644,0.36882764713260097,0.473360072860921,0.19595288789897067,0.419458024811555,0.2742630903468558,0.44218054588424316,0.498864908528674,0.572954198640782,0.3410669100423839,0.480146486508952,0.40137791553498836,0.5708849985372112,0.2743947121356284,0.3873632629426095,0.31906074699420467,0.43446925686103116,0.3091781219185192,0.4326623635429536,0.4006892399878903,0.4789371960558042,1.0836300403079318,0.9710669614815218,0.0013711005535853298,0.028766760182640547,0.3330161750713606,0.6867053023094888,0.33401089871118417,0.6533604359484474,0.010941960038058992,0.25707118761352826,0.3747545447409394,0.13339953210439487,10.14252594225108,2.329025219789423,0.7409778405187626,0.8789546609330348,26.718063926493485,5.104810320704105,1.0215654071162843,1.3531742135311344,0.1271453893043967,0.5873052148667292,0
367,2.7809534883720888,2.1859999999999786,2.053089458211216,3.4790000000000134,5.350600000000009,9.383999999999787,3.2157785016286686,2.5399999999999636,2.5400948691778793,4.427500000000009,7.013999999999997,13.975000000000023,9.889250814332248,7.0,9.011435826782499,15.0,23.0,53.0,1.2502326203208516,0.7969999999999828,1.5190726631890301,1.4562500000000043,2.7269000000000343,17.462000000000003,43,307,68,3036.0,1566.5549999999998,0.6302006632387637,3.0752276033077903,467.5869999999985,0.29848106194803153,1,0.4397224207549129,163701,71983,0.23938476887263055,0.23440658175020007,0.18,0.29,0.02,0.52,110.21313247933733,127.02984037897836,27.416318014311702,120.5,26.5,100.5,165.5,0.10612790392628121,0.04385475166174412,0.10912,0.042867000000000016,0.042522199999999996,0.15509,0.3736484292616632,0.15210858085287143,0.38826,0.12625499999999995,0.15968400000000002,0.53305,2.0818980751996263,5.005831093618802,1.7473,4.13905,-2.0825599999999995,7.54978,0.1849196822507856,0.13966059105912804,0.14485,0.10083499999999998,0.086396,0.3349980000000001,0.09396546569926234,0.026494515574455063,0.088848,0.033315,0.0652114,0.13163,-0.42236273006529323,0.06521800542938712,-0.42298,0.07923000000000002,-0.50632,-0.35006,1.2573854057207952,0.4437930246329088,1.1658,0.5628799999999998,0.779898,1.9118800000000002,-9.79420863120459,0.9268247668942096,-9.73,1.3852499999999992,-11.096,-8.616819999999999,583.1101053774939,247.61956785860633,563.61,316.4,298.4,875.0,1593.7999245317608,371.6774785190864,1579.6,416.4000000000001,1125.3,2077.9,2524.49485214947,409.6117346343577,2515.5,434.4000000000001,2014.1,3078.0,1,0.6719924418433421,1.0656992798149152,0.2900239356822661,0.49274024890397644,0.5013664954847652,0.5683463181634042,0.08545368282911406,0.2275268791372784,0.2258310882907075,0.4612654210408659,0.40899772087835934,0.5096422671872743,0.27035000288022176,0.43262957173063504,0.3542140905212552,0.6021351156557452,0.4007590138380579,0.501589101494038,0.1989196546982264,0.3915802597566976,0.11424056406869221,0.2551758269782361,0.3382141962448838,0.4805012921894312,0.8993532133962794,0.9164718583402309,0.08382484375338371,0.23158350332006858,0.626524027113065,0.052926781731164864,0.3674123481386838,0.9283842605626178,0.022023951317755593,0.34517183879420493,0.3459672103149682,0.09789621358343233,20.652096649486857,2.3297679181958157,0.5695441813289597,0.6994090227106149,14.590557144569997,6.545046389187603,0.7103183186201681,0.7721688143106855,0.17904574520413183,0.9481525221262964,1
368,0.8682666666666645,0.8419999999999987,1.1122400300494546,1.0489999999999782,1.7114000000000262,6.780999999999949,3.7044349593495975,3.099999999999966,2.8434018647509,5.500000000000043,7.7050000000000125,13.019999999999982,14.325203252032521,11.0,12.343983054169161,22.0,32.0,68.0,0.9131469648562273,0.5699999999999932,1.4861857576349122,0.9800000000000182,1.7046000000000052,19.397999999999996,45,246,68,3524.0,1292.776,0.7049102087291231,3.8670413731727806,285.81499999999915,0.2210862516012048,1,0.5664230882787127,135480,76739,0.24109016650958215,0.24399448210092697,0.17,0.29000000000000004,0.02,0.54,140.96545615589017,153.70588618564224,34.309094454349264,145.0,40.0,120.0,200.0,0.08301777597955357,0.04836757504884962,0.092118,0.0722035,0.0103256,0.13723,0.29570756789412167,0.15512320965510581,0.31369,0.20671,0.06995900000000001,0.49306399999999995,1.246466686682417,6.109292823748072,0.10819,6.3187500000000005,-4.286440000000001,9.38722,0.28688165192262993,0.31225592711919253,0.17851,0.21375999999999998,0.0784426,0.6585239999999999,0.0976751690235734,0.03289246374255818,0.091645,0.046593499999999996,0.0598028,0.14594,-0.3738004295299652,0.06976135283592533,-0.37785,0.08962999999999999,-0.45816,-0.28539,1.154123835859211,0.5088909034502697,1.0035,0.7261799999999999,0.631098,1.9285199999999998,-8.970260587185134,1.1368513626384722,-8.8162,1.6213499999999996,-10.684199999999999,-7.6019,563.6128565452102,256.384928799477,519.63,295.8299999999999,301.6,872.06,1602.851626630826,387.4764634627286,1606.7,478.3000000000002,1097.8,2103.0,2483.5627247885586,442.68012406104816,2396.9,484.9000000000001,2006.2,3132.1,1,0.3419259951783992,0.5406531809373545,0.24660109430036037,0.45441540745123615,0.558582577221743,0.7148846811359993,0.11092421009490941,0.2557358634782438,0.2447088710856215,0.3991930939860512,0.2424962079378775,0.3874940639257843,0.37333706509161046,0.49866148653613507,0.3722540247424251,0.5257635272029126,0.4147586745165711,0.48045868993537716,0.09885346731462213,0.23620121341741881,0.237824727325788,0.3566742948873598,0.2906982859463026,0.4405863778332456,1.3775273696898949,1.3704930700349651,0.0778145747094351,0.219821592836872,0.33799421407907426,0.2708978328173375,0.11312998020606,0.40605491549510225,0.016469573161447496,0.3675328630157844,0.35630765322539715,0.09981984188554752,16.3928115333664,3.0417704150328864,0.9559574679400987,1.0743761956827478,17.260024087409384,5.196805972683759,0.6345944615472017,0.7241282505415887,0.21667721118562572,0.9713207856644934,1
369,0.735456140350881,0.6240000000000236,0.680578290485253,0.8689999999999714,1.2534000000000218,4.238999999999919,3.3313454545454553,2.519999999999982,2.6452480891947414,4.767499999999998,7.207999999999995,13.399999999999977,10.181818181818182,7.0,9.41100112361912,16.0,24.0,52.0,0.5837421602787464,0.3300000000000125,1.169043775122569,0.6715000000000444,1.2062000000000028,17.675000000000004,57,220,68,2240.0,993.175,0.7379323885518667,3.056368161376238,167.53400000000022,0.1686852770156319,1,0.4705741098272003,104109,48991,0.20610433319310056,0.20348305546178116,0.14,0.22999999999999998,0.03,0.47,136.991038238769,218.36567941050396,45.64518151844179,205.0,43.5,179.5,277.0,0.094703043788225,0.05416933490518402,0.099872,0.0825735,0.016099,0.16056,0.32418884365604095,0.16186703807140312,0.34667,0.17848999999999998,0.093378,0.49688,7.209945998810516,6.332172073260162,7.6345,7.2046,0.036687,13.887,0.2663854159039395,0.22493849143704273,0.21605,0.12281000000000003,0.11716,0.43438,0.11584694075797596,0.03293249948653104,0.11264,0.045973,0.074882,0.16154,-0.3426429650895063,0.0809561578951233,-0.3458,0.10403000000000001,-0.44531,-0.23747,1.4867658700577657,0.6283093669777974,1.4016,0.9022000000000001,0.68583,2.4965,-8.76859617889,1.1367067944570275,-8.6297,1.5933499999999992,-10.427,-7.3908,557.9844724994231,281.9887938936131,499.6,315.99,277.34,898.0,1544.123528495616,511.3612227301225,1585.1,783.0999999999999,845.645,2172.0,2502.1474630826024,548.4489337628631,2562.7,797.5,1758.45,3151.75,1,0.524231585367519,0.6927193824025293,0.24272811594004987,0.3779241341158503,0.6279427704072923,0.8938622855954803,0.336051601140282,0.4465197773524152,0.1443698278310744,0.3045933423449152,0.20166253289406302,0.3471108402599834,0.10575272145027481,0.2540725821631369,0.25200553634222117,0.4361877466134538,0.24242133539312416,0.4221423715176395,0.1867215158922536,0.31741244382590206,0.2285403226588372,0.34875627702449585,0.20557412068553482,0.35693283302187684,0.5994953848622444,0.6644075594928504,0.00556169065583285,0.06236396076720776,0.4236113481956915,0.9785258270458502,0.3065105322453996,0.4300297019562323,0.011027278003482298,0.4140862380936124,0.2787899329657574,0.09023170854752963,6.495247375405556,2.7667548326281994,0.7089799468982022,0.9448487355299475,13.377225380072215,4.351273698796903,0.7828520014997243,0.8941867025147616,0.1208593254828702,0.9523946728134204,1
370,1.7924722222222167,1.7349999999999568,1.5319575981605134,2.237499999999926,3.755999999999972,7.518000000000029,5.031910828025479,4.730000000000018,2.97762743447617,6.889999999999986,8.659999999999973,14.260000000000105,19.656050955414013,19.0,13.017241567844552,28.0,37.400000000000006,57.0,1.2480235849056616,0.8470000000000013,1.78670769072203,1.4190000000000094,2.2492999999999483,22.406999999999996,36,157,56,3086.0,1160.3600000000001,0.6808318108173327,3.906279667345982,264.58100000000024,0.22801630528456704,1,0.510619637434739,120861,61714,0.22806356245380635,0.23162976443152833,0.16,0.25,0.03,0.52,134.33613820835507,110.41845448358558,27.405354036926912,102.5,25.0,87.0,151.0,0.11700870604458795,0.04819543052707977,0.12538,0.04790299999999999,0.0389677,0.16770700000000005,0.3645523240749246,0.593497580739878,0.39505,0.08489999999999998,0.14177,0.4763140000000001,2.079204581849302,4.794233642846974,2.19355,2.61606,-0.193043,5.880140000000001,0.17270703363216774,0.1382706844440425,0.139335,0.07481,0.0878263,0.28130100000000013,0.09602492152672003,0.021924992397742996,0.094378,0.019850000000000007,0.074011,0.12118700000000004,-0.39122552011213013,0.05373952540685885,-0.38777,0.06834749999999995,-0.46219,-0.33061,1.253703182260103,0.40801752512178496,1.1662,0.46035250000000016,0.8292,1.8414400000000009,-8.96229844605762,1.071202368395659,-8.8327,1.2485,-10.5847,-7.7431899999999985,585.0022766238068,263.031825642978,542.81,251.60000000000002,316.31,902.68,1576.8057041256488,392.19469613163665,1575.5,446.5999999999999,1085.7,2072.9,2559.5369181410983,408.10183171761287,2632.1,440.3000000000002,2003.5,2991.8,1,0.7310066277555852,1.3313063092328794,0.3239967551117029,0.6429865918892705,0.49731334170735314,0.6148277523852713,0.1567236280810771,0.3530754097801476,0.29990361807959764,0.4727453557991185,0.673316586210978,0.7080817516876892,0.29901658266015685,0.45769286305581475,0.4361202964935642,0.5955771808688297,0.3685494780292943,0.5080994996265247,0.2831028821127386,0.42594342920225553,0.19798150788578192,0.35303597681910515,0.7295568524929724,1.3953306535479235,1.1312251415594021,1.2384045646646638,0.157852263027075,0.34503372825398304,0.3809439266163634,0.7299304630862553,0.3266459535434236,0.8589140405385413,0.0002663115845539281,0.33525669477733394,0.44897611151480565,0.0952305544221713,21.5451292502756,2.992187494517851,0.584627023479043,0.7871328649386251,13.242867715192506,10.859367823198285,0.7693399438690905,0.8724328323702453,0.16593774118857732,0.9538267791811447,1
371,1.7344603174603195,1.3379999999999939,1.4072981523810564,2.2835000000000036,3.33680000000004,9.028999999999996,1.722857142857146,1.3400000000000318,1.3611929541778398,2.3899999999999864,3.541999999999974,8.129999999999995,5.585034013605442,5.0,4.664008286673899,8.0,12.400000000000006,24.0,1.913905172413791,1.461999999999989,1.6286308665957476,2.5312499999999787,3.6915999999999887,15.174000000000003,63,147,86,821.0,859.28,0.2947351270831399,3.241727868593534,444.0259999999995,0.5167419234708122,1,0.22181638696939782,91170,20223,0.13157449577098246,0.1361731592164134,0.08,0.15,0.02,0.33,101.15169463639354,114.33625080354052,40.448917700120326,96.5,58.5,77.5,182.0,0.05484372668780102,0.034070683156467,0.05504,0.045484,0.006264840000000001,0.09557879999999999,0.2387660061102507,0.13687386696164427,0.24556,0.19546500000000003,0.03037,0.3970619999999999,-1.3375813506304703,5.425913603140253,-0.9411,2.76576,-6.18846,3.3746999999999976,0.204564448752915,0.22422622530484154,0.11803,0.19083950000000002,0.0350586,0.5000499999999999,0.0877341134480542,0.03701902177707324,0.082905,0.0606945,0.0459904,0.13927,-0.4180898828067052,0.0545718086494685,-0.42448,0.06356499999999998,-0.480426,-0.349244,1.067712308262869,0.5017574353778156,0.87322,0.6779899999999999,0.59897,1.8541199999999993,-9.630156811551204,1.1986292603292772,-9.3442,2.1979500000000005,-11.331800000000001,-8.20262,597.5783563301001,268.39217659015407,577.41,341.425,290.945,929.6,1571.6508894838482,436.1953680012023,1558.0,592.7,1007.7,2149.6,2502.818028331285,460.6898775447367,2524.1,594.5,1908.85,3075.7,1,0.29498604776703496,0.5877728722116958,0.3024496502455495,0.4906658257951434,0.6571937967311233,0.7652367196277389,0.1135428324508901,0.2794926089936696,0.21127422103284224,0.4431486568603403,0.3533901913367096,0.44124206303738545,0.2914717982274402,0.46992706911727156,0.30175933003376304,0.6025478457761652,0.21811113455340697,0.3982497772462756,0.06943833693984039,0.2055774007855129,0.043960056131062,0.17126310291652685,0.2022638791436464,0.4256069716968776,0.8088373323357887,0.9214791452463986,0.05709098699355433,0.21983884606827847,0.5654158993247391,0.1820902394106814,0.37054941682013504,0.9713014119091468,0.006292203806015961,0.5349140577041129,0.280412113851618,0.07890165125437812,16.25691940004322,3.1614886879337902,0.7044604561643221,0.8018882994680563,16.525187580066866,6.656670249266909,0.48863093844435923,0.7212840731230005,0.311689293953031,0.9620314860847102,1
372,1.5864714285714356,1.180499999999995,1.623536199793783,2.15475,2.8804000000000207,10.539000000000044,2.1545731707317097,1.5850000000000364,1.7686581487345356,2.9199999999999875,4.945000000000042,9.049999999999955,6.615853658536586,5.0,6.2346390650355294,9.25,15.0,31.0,1.5102740384615365,1.080000000000041,1.6788746178899812,1.7479999999999336,2.80600000000004,16.342999999999996,70,328,89,2170.0,1468.049,0.4813872016533514,3.0706098768925956,628.2739999999992,0.4279652790880953,1,0.3556163333795773,151371,53830,0.1452117615322363,0.15532826675283729,0.09,0.17,0.02,0.35,146.93699585785916,220.8334943340145,55.91754575175991,209.0,63.0,166.0,298.5,0.08843370170192631,0.0493196594000546,0.0844285,0.052171,0.020055700000000003,0.15388099999999996,0.31904648747700726,0.14086875838181048,0.3341,0.14818499999999996,0.0952027,0.484523,4.0602743744609135,6.921628578260951,3.101,8.0001,-2.4600599999999995,12.718,0.22129817256668216,0.18488197149284588,0.17342,0.16308499999999998,0.07605490000000001,0.4144969999999999,0.09398702929463124,0.03749530712931939,0.0905975,0.06100649999999999,0.0485238,0.14642,-0.2986878579589448,0.08780779553826769,-0.30284,0.122915,-0.40984,-0.18136,1.2540346719301503,0.5028084733194227,1.1469,0.7252874999999999,0.694616,2.0069199999999996,-8.84576498606725,1.447068596001268,-8.6301,2.414674999999999,-10.995,-7.085590000000001,657.2054896525208,255.5583765213893,644.52,341.43999999999994,353.3,960.7860000000003,1662.9330256930357,432.4482016702313,1683.0,560.3,1060.3700000000001,2195.2,2616.1472006124964,475.54329949602067,2647.5,674.1999999999998,1970.3,3190.1,1,0.7175333444924683,0.8187435170535367,0.5608949247333828,0.7574188659259479,0.4949621689982353,0.565671813880865,0.4734531124012173,0.5597067039841235,0.29918266970154217,0.46650887150595577,0.3843383511674893,0.5228578624266036,0.3653349683128309,0.5223948126878897,0.3304459031226823,0.4563628382393378,0.5271211869517403,0.5758812688724403,0.23638158123833153,0.3481815756496483,0.2925201138589806,0.3952680544990887,0.2976920979003095,0.4512861243872722,1.1550511681286924,1.1796248435997365,0.09587693539807166,0.23843637290230849,0.28329198741720163,0.5807012608373188,0.18889542466944578,0.5370195135674279,0.054295286565560985,0.537684458198,0.44505632331471245,0.12243748476799414,9.416197294242789,4.536103008050418,1.1600371290213694,1.7060760039091198,16.09040795260574,7.003537042676516,0.887235507928895,1.0145309345700972,0.12809312429165093,0.9086885679055839,1
373,0.9822173913043509,0.8025000000000091,0.9304707296997411,1.2882499999999197,2.0254999999999654,5.579000000000008,4.387772020725389,4.009999999999991,2.9983456077074617,6.3900000000001,8.861999999999991,13.95999999999998,18.590673575129532,16.0,13.726164118630576,29.0,37.80000000000001,59.0,0.9475153846153843,0.5925000000000722,1.4592751532319852,0.9677500000000165,1.774599999999998,19.805000000000003,46,193,68,3588.0,1213.5900000000001,0.6977974439472969,4.236927873033866,246.35399999999993,0.20299606951276783,1,0.41357204964034466,126510,52321,0.17176953381483914,0.15806857290501852,0.12,0.18,0.03,0.38,144.46288830922458,81.5577779476692,17.08248199904135,77.0,13.0,68.0,99.5,0.058631792352389196,0.04667259067313617,0.06517,0.08650300000000001,0.0022763,0.11662,0.22269311972101452,0.1749693744538655,0.25484,0.288772,0.015484,0.43978,-1.451027294945827,4.102935318194915,-1.5909,2.6994320000000003,-3.6379,1.4822,0.17189766147729785,0.17026075420211345,0.12016,0.14566099999999998,0.048159,0.33769,0.08322360479587547,0.029044251946542195,0.080518,0.037206,0.047104,0.12156,-0.4398842836528354,0.060729993140961815,-0.44818,0.07898,-0.51026,-0.35959,1.3925492352974904,0.7805232733821615,1.0231,1.78811,0.60585,2.4964,-9.869175067372565,0.7723621251798456,-9.8716,0.9887999999999995,-10.858,-8.9236,614.1529568829608,297.6317655901127,562.53,334.60499999999996,299.9,1016.1,1589.5152615058626,410.7447606042257,1549.5,496.5,1094.0,2153.3,2548.381363388388,434.5398948936601,2516.7,566.5,2027.8,3125.0,1,0.7674048873020716,0.8306803204464555,0.44437830506641524,0.5255158989945741,0.39183394844846237,0.5008778608364022,0.221418203793572,0.34884187466631095,0.2000217985912759,0.3967818999998442,0.31091545093036793,0.45578063849597655,0.25548052336319016,0.42146860320331864,0.39900039158647843,0.6091984811420474,0.47271711852139436,0.6397996758749862,0.18018099914034552,0.333479416070236,0.18093391009678045,0.38613099847907817,0.3396795546157899,0.5262138222997947,1.326392485205624,1.3382448861448468,0.06951318147028646,0.20961004763046917,0.46146806799589585,0.14888660880175258,0.15931338565208952,0.9454258062727046,0.0034663486869471174,0.4390338592939741,0.397133625580861,0.11509200616036763,14.96436889657614,4.794409952054217,0.7949760286878794,1.3249390333585462,13.93734980745387,6.658973763396373,0.8355849584851781,1.0416925538914468,0.1793495847265667,0.96818704821129,1
374,0.897980392156863,0.8350000000000364,0.6731064505211448,1.4725000000000392,1.6240000000000236,3.3319999999999936,2.839089552238809,1.8499999999999943,2.64843500525405,4.25,6.6089999999999804,14.720000000000027,8.966417910447761,5.0,10.00908127972577,13.5,23.30000000000001,56.0,1.058416666666665,0.7200000000000273,1.30939844610974,1.3877499999999827,1.859999999999971,17.627000000000002,51,268,69,2403.0,1242.38,0.6124341988763508,3.158201862064249,355.6279999999995,0.28624736393052,1,0.39484658574656945,128769,50844,0.1667016393442623,0.1740591744976999,0.11,0.19,0.02,0.41,142.11495002679214,169.71147037998583,38.462635974534535,159.5,39.125,137.0,219.5,0.07096959008489007,0.03840612328314222,0.06858,0.029098500000000006,0.0215224,0.11281,0.2842679505094918,0.11963928940007096,0.30096,0.11103000000000002,0.09630230000000001,0.4145340000000001,2.937668869650421,5.758077839202447,2.15055,5.168385,-1.61247,9.802100000000005,0.17510450865846705,0.1696194697171479,0.12245,0.12113600000000001,0.06431229999999999,0.34064100000000014,0.07539816336480214,0.03648684675808858,0.061835,0.0500915,0.04183,0.1326,-0.3597602807410904,0.06413844233133639,-0.359735,0.08259250000000007,-0.44261,-0.2790989999999999,1.0849149016599795,0.4469175001245129,0.944815,0.5197375,0.668373,1.7607400000000009,-8.831820297380222,1.227410531138042,-8.5936,1.7094500000000004,-10.811,-7.39873,646.0829992975367,288.8417758286039,602.0,360.16,322.55,1004.4,1609.9641848628487,420.9298851006031,1618.2,557.0,1048.5900000000001,2136.7100000000005,2545.0742127593444,453.82063901457576,2617.0,577.0999999999999,1897.1,3052.0,1,0.5469472532797292,0.743942236242933,0.4227468593948371,0.5953601611167596,0.4800415743757934,0.5632537666805738,0.14533474859818027,0.319157660821996,0.19472610460749046,0.3912713202810246,0.2777861100560728,0.4365618431588859,0.2866559563055438,0.456235111161178,0.39806142501586966,0.6289325758704432,0.4291292341567922,0.5806523690196639,0.22806666380131185,0.36766773107305206,0.07774932606855692,0.24446757530788868,0.29979299590033853,0.4231177615374942,1.2085992768197207,1.1475433482392925,0.04604820072471434,0.1652739562166208,0.4631823952602624,0.20455988150655946,0.11814959796868388,0.9510421074904782,0.0006612357173085061,0.5555966991112992,0.36012040922178223,0.09743088456030441,13.389175753727784,2.747696126061211,0.685749946808898,0.8040207043027267,15.740222848235675,4.071692488717766,0.5707243549112384,0.717596994514942,0.24994075361402954,0.9816296066198994,1
375,1.781942307692306,1.5409999999999968,1.3738285557221996,2.3915000000000077,3.1777000000000184,7.242999999999995,1.6109523809523842,1.425000000000047,1.1033397558232199,2.085000000000008,3.345999999999991,4.969999999999999,6.369047619047619,6.0,4.715172475522279,9.0,11.700000000000003,19.0,1.9934701986754948,1.5769999999999982,1.8835519735837787,2.4144999999999897,3.4950000000000045,14.937000000000001,52,84,68,535.0,568.993,0.23782366391150728,3.9535914868459865,301.0139999999997,0.5290293553699249,1,0.27076190016258594,62121,16820,0.15263157894736842,0.1539296761825563,0.10500000000000001,0.16999999999999998,0.02,0.35,106.43743661563722,151.48825802615934,48.87924036421443,137.0,76.0,99.5,224.5,0.09004806466368609,0.05123856147304319,0.0895125,0.06875375,0.020483300000000003,0.156791,0.2991942218717123,0.15338058632809484,0.30672,0.19952749999999997,0.0825318,0.498823,0.9909745877975623,6.876038929497298,0.0923235,6.906325000000001,-5.63563,9.785200000000001,0.2510270642252676,0.20089061287633952,0.196755,0.19895249999999998,0.0743347,0.5058710000000001,0.11799464273186683,0.029494789719326585,0.120045,0.03980600000000001,0.0770775,0.153871,-0.3831170889417361,0.061743745847936196,-0.38587499999999997,0.07791500000000001,-0.459218,-0.305969,1.2828855868014268,0.5314779133730168,1.1767,0.8056750000000001,0.683415,2.09451,-9.941766801426873,1.110940448059961,-10.1405,1.8087999999999997,-11.253,-8.37778,674.5552754718805,283.3214686814055,666.4,361.18499999999995,331.401,1020.2,1635.5603902274045,413.1460020941823,1617.7,549.5249999999999,1119.5,2176.3,2545.8520361721316,454.17949720900714,2547.6,596.9000000000001,1976.4,3135.9,1,0.46671227642633234,0.6469730709713855,0.37971734764890286,0.5397409181409912,0.6736183926645767,0.7742457779167098,0.2851069849529781,0.43932887829746375,0.33957114915360503,0.48753393679134077,0.5460957534796237,0.6229004298620961,0.4080204300940439,0.5387539659742931,0.2785245640752351,0.46756662393139625,0.32001193442006265,0.4907947190903005,0.16497215297805642,0.31037955186955535,0.10334112438871472,0.28012181802249764,0.4657687840125392,0.5999560417810639,0.7408781606269592,0.8374965498096353,0.08588286570532913,0.23764323858418626,0.39517241379310347,0.2626959247648903,0.27322884012539184,0.9180564263322885,0.022758620689655173,0.38727272727272727,0.3755872800447828,0.09732263314762234,15.532127640711733,5.718508059659449,0.829253212202123,0.9260820802675105,13.010139449083903,9.245917844601253,0.7430584158546653,1.1490353813572278,0.22808255424237078,0.8937182514130356,1
376,0.7291228070175456,0.67999999999995,0.5786026746342339,0.9629999999999939,1.4604000000000041,3.1030000000000655,2.651360000000003,2.083500000000015,2.2471943486045007,4.053750000000036,5.682599999999956,11.189999999999998,8.6,6.5,7.888599368709251,13.25,20.099999999999994,35.0,1.0609816176470568,0.7669999999999959,1.2269796322858997,1.285499999999928,1.9887000000000004,16.261,57,200,73,1720.0,959.4100000000001,0.5527063507780829,3.2436183694405853,288.5869999999994,0.30079632274001666,1,0.44451594033343084,102570,45594,0.14998026315789473,0.16440042460546464,0.09,0.17,0.02,0.3609999999999991,177.82977478794967,202.13411852436724,45.249855253627736,189.5,38.5,165.5,265.8500000000022,0.07573105072523226,0.045317681937559834,0.08067099999999999,0.060190499999999994,0.008115810000000001,0.1278880000000002,0.26290505850645696,0.13694575132982603,0.27977,0.17289499999999997,0.047716,0.427107,4.179113149676659,6.386147358230614,3.4282500000000002,7.707840000000001,-2.12658,11.973700000000004,0.2645259947931329,0.29025235772041663,0.17293,0.17454250000000004,0.08092329999999999,0.5670720000000002,0.09382373376979425,0.03694740750397119,0.085197,0.05700025,0.0535796,0.1483,-0.36106738564065444,0.06993532873702552,-0.36574,0.08674749999999998,-0.445777,-0.2714389999999999,1.217059340483397,0.4968335149583182,1.0928,0.7093325,0.68179,1.9737700000000005,-8.974999570118875,1.3929584486015565,-8.7633,2.2761750000000003,-11.077,-7.2627,556.1344972047206,259.17308108298585,486.005,328.7875,305.0,891.7830000000001,1532.5168212230567,473.1704814507417,1558.4,724.6000000000001,879.4,2134.1100000000006,2465.9526411781917,505.1894142426309,2533.3,710.3749999999995,1797.0,3057.310000000001,1,0.3964053022140836,0.7414986214318898,0.3946184880972199,0.5368908046616823,0.5185188439487265,0.6098835691294602,0.10340781288496755,0.2751232736673444,0.21371766832029299,0.4069183625530152,0.20503776027967371,0.36618467575720376,0.2317639271516564,0.4319945534197046,0.2780159259863493,0.5305071447903171,0.4040281921425004,0.5293004200920394,0.24112140006658897,0.3886377370587662,0.13624979304145163,0.28292950460443084,0.3068055888130514,0.4303138451792267,1.02271063752289,1.1800196142492512,0.12122351782919927,0.28074766154230674,0.4160146495754953,0.14270018311969368,0.12881638088896288,0.8248043948726486,0.028500083236224404,0.42064258365240553,0.3266874898784751,0.09737152853432778,12.487277900920786,3.665213691309252,0.839696437740863,0.9512446044901105,10.178408466697302,5.577076936088632,0.6883982733518486,0.7942978359994827,0.22837530114517673,0.9818341349278565,1
377,0.9548363636363635,0.9120000000000061,0.6702548976088045,1.4055000000000177,1.7437999999999476,3.030999999999949,3.464530172413792,2.644999999999982,2.8106028251015696,5.292499999999961,7.784999999999952,13.039999999999992,10.39655172413793,8.0,9.530693890815508,16.0,23.0,47.0,1.0650442477876108,0.8899999999999864,1.169941264108568,1.3389999999999986,1.9850000000000132,16.073999999999998,55,232,108,2412.0,1283.192,0.6263840485289807,3.000854721058611,361.05000000000007,0.2813686494304828,1,0.37902296903584254,132831,50346,0.13389893617021278,0.15177990223436214,0.07,0.16,0.02,0.34,169.83987171669264,187.1795773249116,46.673396275208646,173.5,46.0,150.5,256.5,0.104239805758237,0.06264869880911833,0.10959,0.09653524999999999,0.013704000000000001,0.18499,0.3377973419431116,0.1653911213603206,0.37561,0.240715,0.0733705,0.5269250000000001,6.736328956099191,7.147592250706959,7.05125,8.213925,-0.09750400000000001,14.857,0.2483194110658821,0.1736960143603807,0.21075,0.1365975,0.11302000000000001,0.43715,0.11301095651332776,0.03049887916269139,0.112,0.04110074999999999,0.07507,0.153545,-0.3949114260259008,0.07287107546618012,-0.39861,0.09173000000000003,-0.487495,-0.30206,1.4693006876415209,0.588897456259236,1.4312,0.7767750000000002,0.661475,2.38065,-9.969139321892504,0.8973932439033634,-9.9842,1.292675000000001,-11.159,-8.78125,555.0636795786049,288.147443054918,523.17,431.12,234.169,939.4910000000001,1499.7128112422454,478.6934514494918,1515.0,714.7,824.48,2089.3,2447.8424205628685,512.5579966334653,2493.1,764.8250000000003,1769.3900000000003,3067.5,1,0.49522316790751814,0.5853774623796658,0.42539894027668734,0.5320909796516161,0.7440150742345073,0.8476113403055219,0.215087958253242,0.38515113887088304,0.17755675117091263,0.39186165477031787,0.409137401169559,0.5194016040093229,0.24893025234859356,0.4454287984802403,0.2412206898502856,0.49604589046555,0.33164818564041476,0.4799670297273981,0.12016038059398436,0.2671548844382145,0.147254380079595,0.30474048251448466,0.28927877545550534,0.4447091244916998,1.3496450918861846,1.27462770599463,0.007133069605003114,0.06515796246076945,0.40041151149254134,0.15978558085388636,0.2795029374340093,0.9933670844952216,0.00018951187156509734,0.6142891951160083,0.37154929417657095,0.10288982482634054,13.549498976728731,2.642706818721057,0.6102616601534965,0.6251696377047414,13.430639548480329,5.234194242504165,0.643274488054322,0.643842813969829,0.17216635374604564,0.9594154893645497,1
378,1.0186792452830218,0.625,1.499620502605043,1.0749999999999886,1.6051999999999695,8.537000000000035,2.870208333333329,2.4150000000000205,2.1187740391130503,4.262499999999989,5.942,9.060000000000002,9.055555555555555,7.0,7.417862991322008,14.0,19.700000000000017,33.0,1.1833063063063094,0.8349999999999795,1.6879687632820959,1.287250000000057,2.0305999999999975,16.813999999999997,53,144,79,1304.0,819.2,0.5045288085937492,3.155016815465394,262.6940000000007,0.32067138671875084,1,0.3783533129529763,87339,33045,0.1447437582128778,0.15164989115354907,0.09,0.18,0.02,0.35,156.8371517878611,203.8866243001967,49.03536817502796,189.0,59.5,161.0,276.0,0.08812588226183538,0.05546243934789811,0.086761,0.07886499999999999,0.012624400000000001,0.16235,0.3134313690020548,0.15668198924591567,0.34066,0.21336000000000002,0.063726,0.5,5.790520951959688,6.870107193546022,6.0635,8.5201,-1.0889999999999997,13.467,0.258994368866936,0.19612017451414535,0.21513,0.14695000000000003,0.103794,0.46769200000000016,0.11289627477076714,0.033889771204408815,0.1135,0.04873999999999999,0.0685244,0.15623,-0.36184566839098203,0.06866495963904715,-0.36658,0.08743999999999996,-0.444592,-0.273764,1.45690290755031,0.6008010265882192,1.4,0.8315999999999999,0.696086,2.495,-9.673350515963081,1.055723487146548,-9.5955,1.7254999999999985,-11.132,-8.3338,633.2434375288977,250.51488961746827,624.26,339.675,318.374,939.6570000000003,1638.439183119105,423.55849473472904,1672.5,542.5999999999999,1050.31,2170.0,2552.836162497688,444.0475790312967,2564.1,547.4000000000001,1962.91,3100.8,1,0.9251248557729636,1.098395950906312,0.1590605907290939,0.31583791384427795,0.5033588894712323,0.5080832476746757,0.08138223821725289,0.22509295140031335,0.2604781770323783,0.4381601551929062,0.36536857698579084,0.48166943055852957,0.283228066697725,0.44947264046904284,0.4067995563708362,0.5725353279658111,0.3273759912648498,0.49396496633740994,0.21624662376737322,0.37264127632129457,0.1585308539871108,0.3091869621735039,0.22656250143644693,0.367450875506212,1.2181733942076247,1.208562447394816,0.01771725758987499,0.10469958415903571,0.2880270207314232,0.6372777389548878,0.13739420762481558,0.8977405078034009,0.2141470611072288,0.3624505008152807,0.3678148266807538,0.09730441972501234,11.64908723475983,2.883435703087735,0.9216178821613256,1.1273453297756986,9.082103692173428,4.199276810334843,0.4776473040126496,0.5514061641360223,0.24110519410357337,0.9868233618233618,1
379,0.5505535714285734,0.5265000000000128,0.495459163649626,0.8845000000000596,1.1189999999999998,2.3210000000000264,2.719840000000002,2.6999999999999886,2.0795349162092305,4.149999999999977,5.635999999999943,8.379999999999995,11.226666666666667,10.0,8.750730763135664,18.0,24.0,38.0,0.696636085626911,0.5399999999999636,1.137346584330137,0.7545000000000073,1.1999999999999773,15.891000000000002,56,225,103,2526.0,951.569,0.6431104838430008,4.127693785908972,227.7999999999999,0.2393940954360639,1,0.41067169615503596,100209,41153,0.16441470235717137,0.16008776750150827,0.11,0.19,0.02,0.38,149.86677843307487,100.646623575438,25.52661058800839,90.5,16.5,82.5,142.5,0.09384215588661314,0.04425324631831169,0.1042,0.052964,0.019538399999999997,0.1399,0.3096054525962579,0.14319767161806693,0.33774,0.10785999999999996,0.08130779999999999,0.44285800000000003,-0.6143355683450485,5.154768220242918,-0.66823,2.1225,-3.13876,4.141080000000003,0.16279819804803783,0.1543063882581886,0.11812,0.08756399999999999,0.0620582,0.3198980000000006,0.08745012228445072,0.024413129237934556,0.083831,0.020197000000000007,0.0647586,0.11939600000000006,-0.40430304995990574,0.04970790483863388,-0.40464,0.06046999999999997,-0.465206,-0.34414199999999995,1.0829333290404102,0.44783884383584666,0.92346,0.49080999999999997,0.663554,1.7823,-9.035954083541906,1.0939242335063695,-8.833,1.2790999999999997,-10.8728,-7.833419999999999,554.6334674651655,259.2398612203271,511.69,274.0,295.57500000000005,863.2650000000001,1592.9990071665272,412.04272556643934,1595.2,533.1000000000001,1026.8,2118.7,2533.3246023475863,428.98198607078933,2508.8,473.9249999999997,2010.07,3096.8,1,0.219774752547731,0.46366437820154693,0.18670272771515325,0.3435533112951994,0.1757166398652302,0.3725074957337163,0.14324614279772055,0.29589765552341096,0.052107330393910405,0.19865665799911478,0.8461008773345535,0.727575304978376,0.061637975874547654,0.2314808817371854,0.06187609529553679,0.2417926985155574,0.2294227162763612,0.41083776138168004,0.05473145963146292,0.175671539606962,0.04174438388586165,0.15921234205699997,0.0834864939062435,0.21844971983500266,0.464539555634125,0.597134547305053,0.0005713672476186514,0.017382615436058114,0.5381223742772763,0.011896343746100413,0.09883116342914189,0.9888523771889688,0.005074664115469406,0.4644149577804584,0.18726132274328974,0.07843108837057286,16.907141832689057,3.4441841739284516,0.7884432612720322,1.075907153702256,18.645312555212826,3.6741005792796373,0.6136312064565299,0.7648091565847623,0.2008235930285762,0.7996563002383724,1
380,1.6440277777777872,1.0434999999999235,1.8289102703539628,1.8762500000000841,3.9702999999999973,7.5090000000000146,3.3013288043478295,2.2900000000000205,2.951948530767557,4.532499999999992,7.551999999999993,13.930000000000064,10.6875,7.0,10.895384755362763,15.0,28.0,48.0,1.2721291028446386,0.8000000000001819,1.6095163233557654,1.5,2.4076000000000612,20.655999999999995,72,368,90,3933.0,1912.8999999999999,0.6351032463798428,3.237332793366304,581.3629999999998,0.3039170892362381,1,0.4627860848336893,196620,90993,0.2161353919239905,0.22878239244794402,0.14,0.26,0.02,0.54,128.4711626487641,127.29885815392393,32.21932060519718,117.5,37.0,97.5,176.0,0.07749495199272692,0.03684775352440806,0.079398,0.036171999999999996,0.023251200000000003,0.11767,0.28772635948097,0.11591413090537778,0.30728,0.10366,0.10479200000000001,0.40439,1.3399351669421822,5.279547385810946,1.0888,3.42089,-1.92238,6.6480000000000015,0.15581547977412108,0.16795245594442126,0.10159,0.079024,0.059695,0.32480800000000004,0.08856060038486477,0.037885797623117265,0.076724,0.060548000000000005,0.048889,0.14582,-0.3540489142830767,0.06976260563847043,-0.34885,0.09016000000000002,-0.450288,-0.27333,0.9702920723572143,0.43901634143728735,0.82961,0.46306,0.574932,1.6301800000000004,-8.422113764795094,1.3598231555728064,-8.1527,1.766700000000001,-10.656,-6.8707,600.2904672132732,272.7311296155892,559.4,347.43000000000006,294.795,944.225,1551.3679515227986,406.56024885669893,1539.2,521.2,1051.6,2078.0,2500.692073509509,444.67543011948845,2569.0,504.8000000000002,1875.3,3001.45,1,0.3739292775176515,0.5051661304563055,0.40096421731698256,0.5378616583359577,0.8747544940914158,0.7275327629760083,0.24635610613154962,0.43427398976362014,0.3196506949089558,0.4161841264907107,0.5635667735414345,0.9856209606776033,0.39029708390932744,0.5211628835187273,0.2644928963210702,0.3908341363082579,0.4767336344853214,0.6542930505063236,0.29838618610182094,0.39449130120075754,0.10110345908584169,0.2538445395396885,0.35126884422147897,0.5496938912147901,3.359227667409885,1.6489286848888653,0.24335334641397252,0.3289445642300939,0.4567075436640654,0.039316239316239315,0.057227796358231144,0.7908584169453735,0.002824228911185433,0.620066889632107,0.5902917629611933,0.18909651758372445,24.170689118531484,2.3063600314104176,0.6504855787521859,0.8347480371457797,13.601500756989132,7.225185602231985,1.6137631480073185,3.0575797236455267,0.14537216828478963,0.25065125136324856,0
381,1.6403207547169814,1.4120000000000346,1.7591194385269004,2.0579999999999927,2.570199999999943,12.40300000000002,2.4134895833333303,1.9800000000000182,1.8910537213349674,3.2974999999999817,4.987000000000001,10.769999999999982,8.59375,7.0,7.357788001215673,12.25,19.900000000000006,33.0,1.7719698113207565,1.4129999999999967,1.7228168419152263,2.1509999999999536,3.3059999999999716,15.806999999999999,53,192,74,1650.0,1072.56,0.4320410979339146,3.560715595934315,469.57200000000046,0.43780487804878093,1,0.3143303038648673,108930,34240,0.18174097664543523,0.18577617288039525,0.12,0.2,0.02,0.44,103.77306527127514,105.56940712616823,30.172393016620926,95.0,20.0,82.5,164.5,0.09609218446712967,0.04396106212634643,0.1031,0.04711875,0.0272762,0.14355,0.3845913018741618,0.1726937869601721,0.423155,0.18312,0.101169,0.57808,2.467594570713376,5.314388768483138,2.2303,4.2783425,-1.15889,8.02611,0.19082245687193924,0.14651421726989447,0.15222,0.1055275,0.0879544,0.3398840000000003,0.09599501308557243,0.023505340491136537,0.0928495,0.026780749999999992,0.0706485,0.12712100000000004,-0.43165578530957943,0.05959983572287083,-0.440485,0.07293,-0.49753,-0.35385799999999995,1.3362963145443925,0.42591507533289374,1.2426,0.5350249999999999,0.900899,1.9727100000000002,-10.203006483644861,0.8287592691736585,-10.239,1.2212249999999987,-11.2631,-9.08968,591.2427775129457,273.0113015851886,553.305,326.5925,283.75,931.69,1569.5096938833597,403.0970639117198,1551.45,514.5,1064.8,2103.8,2464.996532649014,440.7070854858179,2425.1,545.3000000000002,1940.1,3061.8,1,0.21124423423819236,0.3661848614060558,0.31297569728542285,0.41850566648759085,0.43887084647732627,0.5038830410351927,0.014422120131806056,0.0943751192171344,0.18883165620586853,0.4296521777576322,0.26245439403734505,0.42145020435140007,0.229277620680998,0.4747658733465823,0.34623471008943985,0.6227545830144577,0.3813503765887337,0.4789258676501985,0.1030917784089126,0.23908082288090707,0.1237016892201475,0.29357732724282326,0.24292332869919975,0.42483768511327935,1.284527679397458,1.1939583021171811,0.025155797834614784,0.1227387010523254,0.531806056802134,0.1186568335163973,0.15399340969715988,0.9975835556252942,0.8461007374862702,0.3040954024792092,0.2975044235211046,0.09079427232479106,14.530791510047598,4.446933227216287,0.6004512015112845,0.7868699856869489,17.836464818818055,5.127177364405287,0.4005906131406194,0.5892856862592132,0.4090994488977956,0.9765001070958661,1
382,0.8362280701754377,0.8320000000000078,0.5405831814385028,1.1759999999999309,1.3190000000000508,2.559000000000026,1.8838216560509586,1.259999999999991,1.5731709772327518,2.6200000000000045,4.161999999999989,8.720000000000027,7.076433121019108,5.0,6.91305549825548,10.0,18.0,37.0,1.3529374999999966,1.1034999999999968,1.298654666155359,1.681999999999988,2.376800000000017,15.770999999999999,57,157,84,1111.0,775.68,0.3812912541254132,3.756424127671078,324.7049999999992,0.4186068997524742,1,0.3392300319101178,82419,27959,0.17842373962986602,0.1761808670588387,0.12,0.19,0.02,0.42,114.07563789902812,125.91646696949104,40.29244207533193,110.0,53.0,89.0,192.0,0.07145972164476913,0.040779236905320995,0.072412,0.05486099999999999,0.019849000000000002,0.11857400000000001,0.2849873152970063,0.14940472598084814,0.29279,0.237825,0.08208320000000002,0.466804,0.2491378196805501,5.882104697181552,0.065383,4.78115,-4.93796,6.6962,0.22124104286705532,0.18080481733811807,0.16824,0.15445499999999998,0.0737048,0.449314,0.09279887687206266,0.02977155374141673,0.087059,0.04184450000000001,0.05978,0.134902,-0.4058896119675239,0.05970726530686992,-0.40969,0.07565499999999997,-0.47816,-0.33149,1.484228513895347,0.6716391740246719,1.3297,1.2000749999999998,0.732218,2.4965,-9.671366096784576,1.1191159692254025,-9.474,1.9358000000000004,-11.265,-8.2897,601.6234493476862,286.5358822294459,561.76,341.95000000000005,293.696,980.194,1564.2750488476802,407.6352845878795,1527.2,499.79999999999995,1063.0,2117.0,2511.877247660773,431.63144621822073,2508.0,478.6999999999998,1964.5,3077.9,1,0.2059949125979752,0.44200128095796665,0.07505163867570215,0.250634965609413,0.13854687099934684,0.29281038197601544,0.042571196276943175,0.1902356048561577,0.04652117039516656,0.17648283796754777,0.2254301068337688,0.40763126156454876,0.07852597517962118,0.2252233939024101,0.04666621481058132,0.19747983829679594,0.1252916567602874,0.33141229431268465,0.02288046236120183,0.1357168765558957,0.07518974763226649,0.24231566377441346,0.0923284912638798,0.2837309287593358,0.9113294901616591,0.9042435735621377,0.007173522003592424,0.07292573787830023,0.32862508164598303,0.012736773350751143,0.018288700195950358,0.9844464402351404,0.008695297191378184,0.3087851077726976,0.14953581828228513,0.05787609793835476,18.42053427785929,3.6303099700323247,0.6112159600235245,1.227475795078377,16.024342977488676,3.5394758539059663,0.3601988375425896,0.5412419411710464,0.45741775041787275,0.9915345627089399,1
383,1.2372280701754215,1.1869999999998981,0.8170338741403314,1.6429999999999154,2.4067999999999756,3.47199999999998,3.9818258928571453,3.0250000000000057,3.1677571029731215,5.549999999999976,8.211000000000036,16.153999999999996,9.446428571428571,6.5,8.330601167762536,14.25,21.0,41.0,1.1414125412541212,0.8490000000000464,1.4144838000375906,1.3834999999999695,2.074000000000024,16.168,57,224,80,2116.0,1339.413,0.6659103652122239,2.372386142843207,345.8479999999987,0.2582086331848345,1,0.38226292993258393,136911,52336,0.1844765597462108,0.17629859361437475,0.13,0.2,0.03,0.41,124.3289436203081,106.21663864261694,25.826478068264354,97.5,20.0,86.0,144.5,0.09041767625671106,0.05063171803446157,0.09628,0.08278624999999999,0.014815499999999999,0.15181,0.24997974016756538,0.11630345564938199,0.2697,0.13705000000000003,0.071366,0.374915,0.004053528725773859,5.468608019332904,-0.322405,2.92915,-3.2527,5.8858999999999995,0.18758062232397965,0.23036735981539136,0.10632,0.09816875,0.061607499999999996,0.443195,0.10203906596511007,0.028762949508929773,0.0975045,0.03581825000000001,0.07080349999999999,0.14176,-0.4268825242853867,0.056794834071263754,-0.42962,0.07268999999999998,-0.49761500000000003,-0.35688,1.036681448333843,0.46234276747494196,0.8962600000000001,0.5234999999999999,0.5900799999999999,1.7178,-9.787772498853561,0.8542773450047203,-9.7087,1.158624999999999,-11.013,-8.76295,572.0019996722954,308.66882908588343,521.21,352.4,246.71,965.5840000000001,1592.4776553283307,443.111543441573,1607.4,571.8999999999999,988.258,2149.8,2495.3516040591194,451.20482173456827,2505.7,544.0999999999999,1909.72,3072.3800000000006,1,0.5857002046212122,0.8243972788151983,0.2837911051515152,0.4519685314310342,0.3389318698232323,0.5192925305573401,0.09525719737373738,0.258309425912249,0.352380137020202,0.5580791756566563,0.32580290565656567,0.45707415809147245,0.4579107077525253,0.643317460120848,0.7968037693939394,0.9521765630451012,0.4922167806313131,0.5959650546260206,0.0991129368939394,0.24459864513911653,0.21931049295454544,0.34300948933295095,0.3399999219696969,0.47459668923947246,1.3789328334595958,1.2229991534340516,0.07205734681818182,0.2094198476490141,0.4555050505050505,0.5104545454545455,0.12252525252525252,0.4617171717171717,0.0007828282828282829,0.3938888888888889,0.4170148721085858,0.09728893797282037,15.338463760515666,3.5758190384963813,0.552855982343423,0.8377837773487077,10.948770434133062,4.365704550808375,0.6119761528518762,0.8213255714914995,0.29888988006740014,0.9764003181250102,1
384,1.9140563380281674,1.742999999999995,1.0550093235997366,2.5945000000000107,3.0130000000000337,5.261000000000081,2.7641666666666636,2.29999999999999,1.8759930561121994,3.7825000000000557,5.224999999999994,10.850000000000023,7.102564102564102,6.0,5.91519066513204,10.0,15.5,27.0,1.5880080971659924,1.2100000000000364,1.4148847823419586,2.1920000000000073,3.1841999999999646,14.700000000000003,71,156,92,1108.0,1003.52,0.42969746492346894,2.5695136940237964,392.2380000000001,0.39086216517857153,1,0.3663572449163047,105681,38717,0.21191570881226052,0.23451763140805928,0.14,0.24000000000000002,0.02,0.52,103.72725466261676,136.7887620425136,39.399393131817796,122.5,44.5,101.5,201.5,0.0859458061918718,0.041845558519683614,0.090894,0.047008999999999995,0.024075800000000005,0.13195,0.30199553210051144,0.13802197374154646,0.32343,0.1486,0.09816380000000001,0.44255000000000005,-1.018007820305628,6.121931054819862,-1.5204,4.05485,-6.51632,6.177180000000002,0.21084500190494357,0.19481969554361123,0.14367,0.178551,0.063537,0.46335200000000004,0.08754119518937419,0.029611977238498604,0.080487,0.039432999999999996,0.056218,0.13082,-0.38416001826071233,0.0630177793203114,-0.38298,0.07668000000000003,-0.46523,-0.309868,1.0916863233205052,0.5390823403077054,0.88608,0.7676600000000001,0.57539,1.93984,-9.472513306816127,1.1767468718677607,-9.2637,2.0386000000000006,-11.138,-8.02866,606.3300637625186,245.87327889625215,600.28,320.78,312.57,889.0950000000005,1617.6780818235172,408.2755722374963,1611.7,541.675,1094.0,2158.3,2516.369780011738,427.5104241066603,2496.3,536.3499999999999,1994.8,3080.6,1,0.6450830281300437,0.8911229738303956,0.29174371404965027,0.45805178143423453,0.5071911413803705,0.5779556021234196,0.10372816436092537,0.27398977257314755,0.24392133106602107,0.39051191280532804,0.37254083268003996,0.43880425108966875,0.264836866651295,0.3939212291942433,0.5791682529782491,0.6939249141214101,0.40926719998462835,0.5137376038215618,0.15520458154638384,0.3253158293384637,0.4946825475751287,0.6257207361256751,0.4263512207747291,0.5484399673999967,1.2690141852278842,1.1354304668269901,0.053209592729229115,0.17973213693565915,0.36822688494350936,0.9513872876796556,0.37971716240104525,0.7726923372530935,0.0024594573822150486,0.5417339174544616,0.4154244756524699,0.09447416456762944,13.92838130651566,4.589781688257249,0.7485896961174144,0.799350084076328,7.907029960616977,6.071421906441936,0.6381281459584598,1.077639793817237,0.2712152070604209,0.8310677978574658,1
385,2.347862745098039,2.277000000000001,1.1101292632667106,2.9225000000000136,3.7169999999999845,5.0989999999999895,1.1314545454545484,0.9300000000000068,0.5757032637860264,1.4250000000000256,2.0839999999999974,2.8700000000000045,3.036363636363636,3.0,1.9349760286383286,4.0,6.0,8.0,2.187717741935483,1.9904999999999973,1.5160340959252225,2.659750000000013,3.3782999999999848,14.992,51,55,70,167.0,488.8,0.12731178396072046,2.6835931222882783,271.2769999999999,0.5549856792144023,1,0.24799090078499375,53631,13300,0.13052011776251227,0.13549395091164249,0.08,0.16,0.02,0.31,114.00123063153774,195.9139097744361,71.04988553889164,192.0,120.5,101.5,293.5,0.10789659293748795,0.06102617677357197,0.10752,0.08530500000000002,0.022321000000000004,0.191073,0.362925018351203,0.18595387266108254,0.37389,0.295265,0.08978890000000002,0.596454,4.171224276695339,6.852785115133437,3.9916,7.96561,-3.35382,12.454200000000002,0.29688446852417294,0.20151665039918146,0.25682,0.22154999999999997,0.0983831,0.5472740000000001,0.12101835083909775,0.03076780763789745,0.12176,0.04621675,0.08190080000000001,0.160663,-0.3783570819548872,0.06895512328327263,-0.37971,0.09092499999999998,-0.46779299999999996,-0.288389,1.4725921639097743,0.572278902325791,1.46875,0.7601,0.6635949999999999,2.28741,-10.530468947368423,0.8915660181011423,-10.754,1.1050000000000004,-11.483,-9.14275,633.3395930874374,279.72247584852346,609.0,354.68,304.7,1001.3400000000001,1586.8786227087103,423.14386499477155,1547.5,605.4000000000001,1071.8,2157.5,2508.7719135883044,462.4143996153886,2495.3,631.5,1944.4,3116.34,1,0.4027426280671828,0.6217776327251392,0.07828064617504264,0.22234898866939948,0.3180654450859467,0.3973356855847645,0.0702990791234746,0.2206481100264862,0.05189755005904737,0.1682747271304502,0.15489902256921664,0.2973734147848063,0.0512423334864191,0.17250826905696673,0.057418373113764604,0.1869152942238479,0.16461914079517126,0.3271357509294805,0.04334266270830599,0.15904794535865036,0.0077691218344049335,0.06602621258130019,0.12743580199448892,0.27832103066582936,0.36397137252329087,0.6928107970472849,0.06186713075711849,0.18485645933492753,0.5423172811966933,0.011481432882823776,0.19964571578533,0.9368193150505183,0.0,0.3113764597821808,0.13956073630663393,0.06361338808383403,27.132004463858504,1.914238155724903,0.43595657363655654,0.7028532697904837,14.07242679853151,2.3417941064493464,0.3010756970277509,0.46827700575702375,0.5031133250311333,0.9479004826714726,1
386,0.6685555555555595,0.40599999999998104,1.286742397262779,0.8222499999999968,1.2460000000000022,10.180999999999926,3.4979569892473057,3.1399999999999864,2.8940413604507302,5.362499999999997,6.990000000000009,13.75,11.370967741935484,10.0,9.881394275451031,19.0,26.5,43.0,0.9202134831460714,0.6699999999999591,1.2171880605106422,1.11850000000004,1.7679999999999838,13.267000000000003,72,186,82,2115.0,996.98,0.6525908242893527,3.250745442808404,245.69700000000108,0.24644125258280114,1,0.4862085221423692,103941,50537,0.19084969788519637,0.1915887899078068,0.13,0.22000000000000003,0.02,0.44,152.8559471238491,191.69327423471913,39.142435538518306,181.0,37.0,158.0,243.0,0.0795784080039933,0.04315270412998409,0.076866,0.045424,0.0209422,0.13395800000000005,0.2634177801126422,0.4375396870395038,0.26537,0.12297999999999998,0.09436600000000002,0.40323800000000004,4.336692453227002,5.941513766576136,3.7187,7.04257,-1.3352599999999997,11.692400000000001,0.1965464607828126,0.20339921597473615,0.1381,0.126028,0.0691108,0.36864600000000025,0.08471843901755151,0.03580696945853392,0.074769,0.054323,0.0466926,0.13804400000000003,-0.35269104476324287,0.07699105599870988,-0.35612,0.10083999999999999,-0.44907,-0.25282,1.0969695314324157,0.5071851362571761,0.92773,0.67584,0.596964,1.8802400000000001,-9.023316035775768,1.1958460311256565,-8.8649,1.7437000000000005,-10.824399999999999,-7.5696,597.5246385634763,261.2413664811782,556.99,342.05749999999995,306.92,922.3559999999998,1610.238465627829,446.4496936862551,1648.0,621.7,997.6850000000001,2159.6,2553.9141240826702,477.4875518949987,2616.2,637.6750000000002,1898.2,3112.6,1,0.26727000343159685,0.47721880403255607,0.20610340371919733,0.34141391228968065,0.43650781502058955,0.5431323797356142,0.05361099898686189,0.1886608330418618,0.23446597865873584,0.42282565851717147,0.3017401931171972,0.4335075794765349,0.2303820587293287,0.4119525050103773,0.5525189598993399,0.7291734055683186,0.2692034756520034,0.4138627840901784,0.29255384005490553,0.4041657931133351,0.15914139195372248,0.3276075266124369,0.3226199338518857,0.4285636126442569,0.8194781896856004,0.9387554892291253,0.015574434407477612,0.0990926662506187,0.3748284201581803,0.3374730374534283,0.15043466893260998,0.9931368063272109,0.0810510490881757,0.4098307078894045,0.297226476940603,0.1023655049164484,8.332085640866998,2.339779499469563,0.8751477646098426,1.002352185470235,5.933162477364363,2.751540217041154,0.48674101664358366,0.6063086557699254,0.2610134302212418,0.9860723638501416,1
387,1.1461372549019653,0.7939999999999827,1.4540974293706281,1.3530000000000086,1.8760000000000332,8.876000000000033,1.890651685393253,1.5550000000000068,1.5555330464031356,2.6699999999999875,4.4283999999999875,6.7000000000000455,6.123595505617978,4.0,5.610624401389113,9.0,13.200000000000003,26.0,1.6572838709677442,1.32000000000005,1.5249919883653702,2.0930000000000035,3.1008000000000036,12.658000000000001,51,89,67,545.0,559.4730000000001,0.3007616095861632,3.238880832956959,256.87900000000036,0.45914458785321244,1,0.3027090694935218,60279,18247,0.1754519230769231,0.23416748525392658,0.11,0.18,0.02,0.41,103.51863833175733,141.77678522496848,63.84084654882358,110.5,88.5,87.0,235.0,0.10478829833671288,0.057386546241657656,0.11561,0.0916765,0.0204412,0.17250800000000002,0.3123588727965748,0.1488175824547283,0.36819,0.22033000000000003,0.0802034,0.45656,1.9884046488392613,6.514060057970496,1.8784,5.0802765,-4.4279399999999995,9.334460000000007,0.2396172303652436,0.20045717225444307,0.17494,0.155605,0.0930262,0.5002860000000001,0.10549839973146272,0.02552425158627037,0.10178,0.028845999999999997,0.0776976,0.14040200000000003,-0.4111470984271387,0.06917706923537525,-0.41331,0.09271499999999999,-0.50006,-0.31994199999999995,1.4065553279991232,0.4890886623639214,1.3452,0.6651499999999999,0.847956,2.1476400000000004,-10.162922403682797,0.967688533860055,-10.239,1.4320000000000004,-11.35,-8.9106,610.9356809848192,273.7976364913386,572.38,309.7900000000001,305.916,957.6480000000003,1602.6365204947529,421.09718244326024,1578.0,560.3,1079.8,2168.0,2536.539314275194,444.56504213019485,2542.6,574.8000000000002,1976.5,3102.0,1,1.0256951424832623,1.0937992980369011,0.7053720522824103,0.7077774142767655,0.8364566502738893,0.9192124307626424,0.2224229828971394,0.39416990026926424,0.15816875106512474,0.31165267709475936,0.4984165654899574,0.5858933154371023,0.32834060261716375,0.4738850384458319,0.23971967029823493,0.3963311356839774,0.6114319032866707,0.6762088446809815,0.21676780572124163,0.3779905540401271,0.19709830967741934,0.3540352201480226,0.281482800669507,0.44278343168355766,1.3467587097991478,1.4278761803168591,0.10548521564211807,0.2503848266808593,0.4517954960438223,0.18295800365185635,0.33049300060864273,0.9640900791235545,0.019172245891661596,0.4011564211807669,0.48382979730023484,0.09646244224498492,25.124259393895862,3.470788252851542,0.563959197940593,0.9193364161434749,5.862952245407026,6.004702842122638,0.510479356091901,1.2839208921466732,0.4123294288129453,0.9134409791344097,1
388,3.892129629629632,2.923000000000002,3.442114520477934,5.338500000000067,7.66480000000001,19.312999999999988,1.6843478260869598,1.3999999999999773,1.1308224251746517,2.3225000000000406,3.098000000000003,5.989999999999895,4.989130434782608,5.0,3.490653873022594,7.0,9.0,18.0,2.8607125748502984,2.022999999999996,2.7300061461662226,3.674999999999983,6.093799999999965,19.312999999999988,54,92,76,459.0,779.07,0.1989038212227403,2.962054723799685,477.73899999999986,0.6132170408307339,1,0.17076310438998568,83121,14194,0.11577487765089722,0.11968458365481388,0.07,0.14,0.02,0.27,88.49749160861876,166.10025362829364,71.55502786005655,171.5,115.0,82.5,262.85000000000036,0.07112579803915034,0.05181469411692603,0.0616555,0.06477975,0.007598790000000003,0.14434100000000002,0.2906481855096097,0.1994741583380496,0.28763,0.27882,0.031853900000000025,0.5283,2.309640292747358,7.3196339606420375,1.54785,7.4933250000000005,-5.49401,11.6097,0.2951690404786318,0.21481724165045588,0.255165,0.24924000000000002,0.039053000000000004,0.56776,0.11036914909790756,0.038642567641936874,0.11441499999999999,0.05202,0.0551118,0.157447,-0.37853166901507684,0.06372108500983457,-0.38235,0.07887499999999997,-0.454762,-0.296959,1.6198657355220516,0.6948682747491132,1.58915,1.308675,0.6330410000000001,2.4965,-10.220020684796395,1.0017829168720997,-10.457,1.6297750000000004,-11.361,-8.734539999999999,689.0579462005969,332.14232257408355,650.595,445.94249999999994,294.38,1109.0,1615.174688778703,428.7085051596248,1613.8,564.4000000000001,1053.8,2168.7,2533.831582583161,456.82957448769685,2549.55,590.8250000000003,1931.5,3110.8,1,0.514886260944206,0.745247339470432,0.30212660166624594,0.4768649957150122,0.36666161575359757,0.5064392634388142,0.21835591199192123,0.38845532009002237,0.3956265086594294,0.5007287144315344,0.5301639873264327,0.5612291097576051,0.46733401035092154,0.5493144518427514,0.6371433753092653,0.8052732097200463,0.5587845407220399,0.6445291038761359,0.1535928686190356,0.30757331283345524,0.15929602837667256,0.33565552177637986,0.379874977783388,0.494791234830079,0.970370000353446,0.9163043497885928,0.00983204069679374,0.0730021777082132,0.4378187326432719,0.48669527896995707,0.21322898258015652,0.8429689472355466,0.27912143398131783,0.5182529664226205,0.40457490918238537,0.11362706327726001,12.50796847371538,3.0809116683716575,0.6591577592984813,0.8120265381989372,11.931241551253214,6.17810215268806,0.6828646023074117,1.1417033360552897,0.2551348330305994,0.838834302519885,1
389,2.3575147058823545,1.4729999999999563,2.8786953922824945,2.8342499999999973,4.541100000000028,20.057000000000016,1.7869047619047582,1.3499999999999943,1.292955556194715,2.2050000000000267,3.3649999999999523,8.060000000000002,4.492063492063492,3.0,4.185663421930034,6.0,9.5,21.0,2.4458598130841116,1.685499999999962,3.091510638357337,2.74675000000002,4.182799999999982,28.519999999999982,68,126,89,566.0,911.816,0.24692481816506787,2.513879635798362,523.4139999999999,0.5740346736622299,1,0.19361302573463843,95319,18455,0.12254316069057106,0.13429309212069718,0.07,0.14,0.02,0.28500000000000003,94.79746954961759,147.384557030615,64.01113244699953,114.5,89.0,93.0,235.0,0.08077458194162071,0.05770643227438164,0.073777,0.0949625,0.005457480000000001,0.15886800000000006,0.28887189135623953,0.19624162817743732,0.25859,0.355035,0.0280274,0.5500120000000001,5.835300218361365,7.564713732245263,7.4031,10.388345,-2.7530599999999996,13.736200000000004,0.2937152869956326,0.24570238168260033,0.24016,0.21263500000000002,0.05997280000000001,0.5449900000000004,0.10389265725543213,0.02937879347250285,0.10198,0.03984049999999999,0.0705016,0.14278,-0.4295702642102411,0.07224993723137454,-0.4371,0.10541499999999998,-0.517046,-0.334474,1.5135994575995664,0.6630697081989302,1.6151,1.00845,0.36039,2.3406200000000004,-10.236131633703605,0.9110642129842224,-10.36,1.4644499999999994,-11.342,-8.95106,639.6801595444958,349.9344455067795,583.41,371.99,242.15,1140.2,1639.9030742594516,434.27782877211865,1624.5,580.6000000000001,1099.0,2203.3,2549.5697069285734,460.2986986353618,2543.6,618.6000000000004,1961.2,3141.3,1,0.6447735560083983,0.6833595510003531,0.523117348832901,0.5597790172768616,0.5449536143633444,0.560959007343966,0.10720709324441151,0.2707321827552448,0.20055503266641964,0.3442972679238715,0.6430257331110287,0.5991389184020375,0.15319215666296157,0.3116402865274132,0.25248052784982095,0.4020096260764745,0.19567882907249598,0.3404506450353577,0.07930535426701248,0.22377186824509132,0.06221390224774608,0.20777967061434524,0.2919306112757812,0.42093538057004354,0.8820192040261826,0.813589799651086,0.006852109176238113,0.07296267312259452,0.3875509447943683,0.8270347042114363,0.11584537483018402,0.9452266271458565,6.175126590095097e-05,0.5873780412498456,0.32766464805748163,0.0910715734003229,19.890157260458903,2.593759358534249,0.627481601374989,0.687635242967795,16.309132295700216,4.691442826107677,0.46594143332714644,1.044369942478489,0.36936494288170985,0.568357986268956,0
390,1.2476166666666737,1.1079999999999757,0.9689823027566508,1.7602500000000418,2.1083000000000425,5.693000000000097,2.3699250936329586,1.759999999999991,1.752582683300497,3.0749999999999886,4.847999999999968,10.019999999999982,5.269662921348314,3.0,5.0379028801128305,7.0,12.0,25.0,1.5168153409090912,1.1099999999999568,1.7333305835655657,1.8352500000000163,2.75,19.42,60,267,86,1407.0,1311.91,0.4823272937930193,2.2235567425762914,533.9190000000001,0.40697837504097084,1,0.2859975381258799,135669,38801,0.15689850384148807,0.17877634974642245,0.09,0.18,0.02,0.4,109.36912632952259,107.92806886420453,29.280631764283257,98.5,21.0,88.0,159.0,0.12217421228966006,0.05893318642532493,0.12703,0.065773,0.029618,0.19303,0.3660309179294451,0.15082134571617967,0.41567,0.11192999999999997,0.10067,0.49371,2.8946462120950494,5.709762351306983,2.6524,4.65907,-1.2485,9.2362,0.20413136461788614,0.143745944801187,0.17929,0.08568,0.09914,0.34507,0.09969789035233628,0.022626516913120644,0.098248,0.02598099999999999,0.074661,0.12842,-0.4431706537460375,0.05891917781763981,-0.44552,0.08004,-0.51795,-0.3708,1.464869428107523,0.45806698745164576,1.3736,0.6164999999999998,0.98744,2.1866,-9.901528661632433,1.00377063662632,-9.8497,1.5656999999999996,-11.285,-8.607,595.0885125951104,294.1738193441854,566.4300000000001,408.00249999999994,263.07,961.0,1533.209542807007,400.66349445553345,1509.1,483.70000000000005,1033.4,2070.5,2430.278692933821,486.3969656270823,2388.7,677.0,1869.0,3085.790000000001,1,0.8134873514787827,0.845742853555668,0.27886777527041673,0.4556994797361949,0.4777269381508283,0.6440988568943558,0.06785270048662413,0.20407007546053535,0.05597890769269558,0.1928353866749504,0.28552127704798164,0.43455213137141474,0.1270094187741106,0.2944884196248719,0.0560399416807443,0.19884316852131248,0.15542665956481178,0.32094193942545385,0.06515417465520285,0.19933744630689865,0.11254574365245457,0.2510956815369515,0.11586461702932352,0.25588833926527865,0.633273702428078,0.7093924617524165,0.013436480875419177,0.08608441474296792,0.31224628728473813,0.005118378255717203,0.1014598724187489,0.9829303345856131,0.4347091601321197,0.45114848339678776,0.23272754919910527,0.08101589508680931,14.493387110155505,2.380623706140258,0.7720155190287246,0.8374173319307392,17.927700780792364,2.7603461766498367,0.44230036412579254,0.505783734614294,0.2558796097905271,0.974580088281781,1
391,1.0729272727272752,0.9359999999999786,0.7066927544953333,1.411999999999992,1.7898000000000367,3.754000000000019,1.7875630252100836,1.3300000000000125,1.5840762047636512,2.184999999999974,4.447999999999979,7.029999999999973,5.025210084033613,3.0,5.269959553484305,7.0,13.0,26.0,1.4571546391752592,1.155500000000039,1.2909392036936194,1.8137500000000273,2.5365999999999937,13.885999999999997,55,119,76,598.0,642.22,0.3312260596057425,2.8112072207596848,282.6880000000003,0.44017314938806057,1,0.3471695338920747,68010,23611,0.1544211903204709,0.19375757164206234,0.08,0.17,0.02,0.39,134.89192765769738,221.9432891448901,55.66761521158655,207.0,71.25,168.5,304.0,0.09076027295116555,0.05299589386471819,0.086501,0.06092099999999999,0.019853,0.16239,0.3101773318044979,0.24635917142295793,0.32129,0.16502500000000003,0.089296,0.48531,5.47426694397713,7.503940319996561,4.8719,10.0792,-2.3525,14.906,0.25798600919825504,0.2029899527079778,0.21758,0.18244,0.090558,0.46599,0.10763804923171402,0.03787292784857083,0.11004,0.06268699999999999,0.056242,0.15643,-0.35193005510143577,0.07223126292437988,-0.35929,0.09285499999999997,-0.4388,-0.25313,1.3709215060776758,0.5959534638312605,1.2924,0.8822200000000001,0.68332,2.3618,-9.487762487823472,1.427740849344672,-9.5178,2.5710000000000015,-11.265,-7.5379,608.7089654984778,320.6292895000612,537.6,339.69000000000005,303.76,1034.0400000000002,1610.4268572142887,443.34930786640433,1605.0,569.2,1015.9,2179.8,2532.8181675662163,474.45798590498543,2566.5,642.4000000000001,1887.2,3114.5,1,0.7442565804364103,1.0146419597812335,0.45230758524975934,0.568505289845049,0.4104617666060541,0.5294999653157535,0.14071995443362928,0.2933363437306289,0.21668349085463687,0.4403275714092106,0.3323563988661889,0.476779791915773,0.29343201262167073,0.4803908269692359,0.1523053162370307,0.38158701823584734,0.37374263103005667,0.5123266003649073,0.16734145823082683,0.30727148755746614,0.10064220018183763,0.2615372669079477,0.26749641378757083,0.43286234118806094,1.0236588564552358,1.205662909137522,0.0808296990052412,0.23757745602832023,0.4702107177238207,0.39325061503904163,0.16729061931757408,0.9018076799657717,0.007808321745641245,0.42293293400363674,0.339731025999725,0.0889210227805836,13.474498875882952,3.5433843445162205,0.8096821697056654,1.0959552711825697,15.676968621818604,3.6559517286199656,0.5534769305370771,0.9697322244457808,0.2626642617881989,0.9394756187209018,1
392,0.7282352941176435,0.7019999999999982,0.5188403203009684,1.0420000000000016,1.266999999999996,2.5740000000000123,2.119901960784317,1.264999999999997,1.979399540115119,3.4575000000000173,4.631000000000007,8.31000000000006,6.784313725490196,4.0,7.199710575583199,10.75,17.900000000000006,32.0,1.373352272727272,1.1014999999999908,1.4918977240701659,1.7397500000000008,2.3929999999999865,14.416999999999998,51,102,75,692.0,610.0699999999999,0.35443473699739436,3.2002959811311977,241.70999999999987,0.396200436015539,1,0.3768891735675832,65571,24713,0.16788722826086958,0.17009693783485852,0.12,0.21,0.02,0.4,134.69369080843663,202.38981507708493,46.22909628709852,187.0,50.0,162.5,273.89999999999964,0.0657049061603492,0.05018343864457492,0.068911,0.071937,0.0039275000000000004,0.129988,0.24317613980210012,0.1468713441117005,0.26316,0.22847,0.034474399999999995,0.423416,3.724760527184599,6.12642275391266,2.8381,6.719720000000001,-1.6699999999999997,11.721599999999999,0.2827658976489297,0.2791688909030155,0.2047,0.22566999999999998,0.0743306,0.59319,0.10186341181969004,0.03752173892822399,0.1024,0.06149099999999999,0.052174,0.151568,-0.3354767472625744,0.0751609626627635,-0.3426,0.09576000000000001,-0.425398,-0.235212,1.4424154833488447,0.6423432757331266,1.3201,1.0494500000000002,0.714404,2.4961,-9.692296269170072,1.3406083305106007,-9.8038,2.312800000000001,-11.325,-7.826560000000001,619.6961216391492,255.02066762758687,582.96,293.75,339.146,942.6200000000005,1608.8600926236763,422.9604088462562,1606.45,574.3999999999999,1062.4,2152.6,2524.5607937864315,455.62574760577485,2543.3500000000004,599.1750000000002,1924.2,3079.9,1,0.10810868905644347,0.27636966783913575,0.049489827165082566,0.1702920633981023,0.18921949243349437,0.398274314762017,0.021823536770562313,0.11824575987378334,0.1558398917856953,0.3190721693425459,0.159440452291191,0.30898115212484606,0.18664311001964637,0.36772061124103267,0.21835618021557904,0.42821389299057644,0.2568778098550417,0.43069389994819657,0.08286183295279563,0.23183676231364864,0.06078785865236552,0.19710985429254643,0.12037190283013859,0.2859369643974694,0.7192890679658047,0.9060097091057524,0.0701039823713694,0.19638839658142937,0.40890989221048163,0.04056708968300324,0.12955981521796847,0.9189720172038444,0.0037699782297031807,0.4313704667339245,0.17137240245465785,0.06164402977075495,8.961365714166124,3.5147509449597423,0.7574805804311945,0.9122790380150024,18.030802016577187,2.7001278973683487,0.40535987382816235,0.7664539352818396,0.4316868786758965,0.9703116262518429,1
393,0.9446976744186067,0.9019999999999868,0.685626942256568,1.3355000000000388,1.4816000000000031,4.191000000000031,2.123195876288657,1.8899999999999864,1.3399334853408364,2.7799999999999727,4.264000000000022,5.860000000000014,7.443298969072165,6.0,5.8344322282533545,11.0,16.400000000000006,23.0,1.5216770186335424,1.171999999999997,1.8505074664158143,1.6800000000000637,2.7889999999999873,20.828999999999997,43,97,65,722.0,586.2950000000001,0.3512736762210145,3.505705268269002,244.99000000000032,0.41786131554934,1,0.3060952380952381,63000,19284,0.18175306314797363,0.21547601842666234,0.1,0.19999999999999998,0.02,0.46,101.04761904761905,118.0125233354076,35.72799628011622,102.0,35.0,90.0,181.5,0.057938726824658796,0.04538667285400288,0.0491485,0.0711965,0.003968920000000002,0.12641400000000003,0.22897730901167293,0.25377341122833824,0.20464,0.25888,0.023554700000000005,0.45246800000000004,0.14404400791837793,5.395671319187507,0.0,3.990475,-4.1627399999999986,5.925580000000002,0.3072424038285262,0.2995600053252232,0.191305,0.25889249999999997,0.0883168,0.705686,0.1078988566220701,0.027488010690319278,0.10796,0.03549349999999998,0.0731773,0.142617,-0.4190555156606513,0.05935258727359236,-0.42512,0.07687500000000003,-0.489377,-0.342863,1.426483581725783,0.6164145616155848,1.24675,0.8758299999999999,0.814634,2.4965,-10.317492631196846,0.6957725789025696,-10.317,1.0349749999999993,-11.233,-9.40283,618.0953637158207,291.38569521267254,576.83,340.175,292.6,980.83,1622.6069075455055,430.1718374092192,1588.8,610.4000000000001,1068.94,2187.7,2507.019334776682,453.94125016989324,2445.0,648.3000000000002,2014.54,3133.0,1,0.5647851303034199,0.8050016570354891,0.4849070734764721,0.6122004267227689,0.4924967554641295,0.5741655192589826,0.2554854802648496,0.42768994681334566,0.2350966813448187,0.3540437526980516,0.3511164274235022,0.4865633739002648,0.3688438680894831,0.42789056823853117,0.35602724672152225,0.48421954680450535,0.6383174456158395,0.6785108512474305,0.16383301112111084,0.2930898676785303,0.2543379489586012,0.41707799887575836,0.34758051529956285,0.4943293718333276,1.55679950314991,1.248972938944746,0.04585537123939316,0.17253096815320854,0.26169966572383646,0.5538698894317305,0.27192080226279247,0.6822447930059141,0.011249678580611983,0.5291848804319876,0.4368201756051868,0.11352691367497818,19.81772110411892,7.148916259827276,0.7277273249991209,1.0218568988258712,16.13900737554452,6.897210232071308,0.8033220939844415,1.3365920973919287,0.22214035734020998,0.8487092678798138,1
395,0.9892758620689632,0.808499999999988,0.8441574618824658,1.3412500000000023,2.0257000000000516,3.340000000000032,3.2399999999999998,2.8900000000000006,2.437982957745125,4.689999999999998,6.675999999999999,11.460000000000036,9.19548872180451,8.0,7.727948153027934,14.0,20.0,36.0,1.2804182692307697,0.8634999999999877,1.4126875515555744,1.6775000000000233,2.664300000000016,15.866000000000003,58,133,76,1223.0,845.31,0.5097774780849629,2.838113803026084,266.3270000000001,0.31506429593876817,1,0.4155195681511471,88920,36948,0.17935922330097087,0.18590079066084894,0.12,0.22,0.02,0.44,139.00134952766533,183.6636083143878,43.495064697259906,171.0,45.5,145.0,248.5,0.07867759543802506,0.05547732764054976,0.07848,0.0838315,0.009050180000000001,0.15300300000000003,0.3212794192747185,0.18948342357168393,0.33086000000000004,0.32789250000000003,0.0556441,0.560243,5.1829661067479975,6.043748025703255,5.1427,6.456425000000001,-0.1966979999999997,12.095300000000003,0.29795317938408034,0.258276755348714,0.226525,0.15592250000000005,0.12332,0.5552240000000003,0.10755588314523112,0.029802825561368308,0.10576,0.042215499999999975,0.0713154,0.14786600000000005,-0.3784355959973476,0.06589038820977058,-0.377985,0.07863999999999999,-0.46705,-0.3000779999999999,1.4382687842373065,0.6046279791965314,1.4137499999999998,0.6816249999999999,0.4907150000000001,2.4306,-9.889646909169644,0.9486153384317164,-9.83585,1.5368250000000003,-11.193,-8.6526,573.6748854229686,268.5650323808343,526.22,359.19,288.80400000000003,940.032,1589.0540424406233,466.1947161267483,1599.1,688.8,965.13,2182.4,2553.3186960722296,494.85567124935,2544.3,703.0,1901.6399999999999,3163.7,1,0.7709411163637836,0.7119337142555074,0.12481243348039019,0.2882701620784743,0.3748490225846926,0.4741537934359474,0.2958349041971911,0.3968519713915289,0.16880973392156073,0.3363921350340391,0.24534566661270088,0.35817360462579256,0.20366317671105355,0.36644372926797664,0.11734963799732868,0.28214629459537727,0.18258787975067794,0.33904094235084214,0.10069893584814021,0.2579936754125377,0.10774746986683935,0.2619400510698505,0.18346633719188896,0.33990403902966526,0.9345256420447646,1.0790892837619115,0.006652752337394261,0.0601788407915543,0.2614643623264662,0.3893228639656777,0.1158780912292063,0.5824665074675194,0.5012344679645444,0.46116485206621605,0.27266319349345763,0.09036093989603451,5.873765944412754,2.6235456293716135,0.894883746829035,1.1243016578774985,7.696559301979073,3.0035699605553074,0.7878160748771308,0.9450457490097034,0.1920445810914681,0.9589549441487368,1
396,1.4614081632653069,1.4210000000000065,0.7024449406375133,1.8240000000000123,2.189600000000019,3.3010000000000446,2.293037037037032,1.6299999999999955,1.8711134629468242,3.6000000000000085,5.099999999999978,9.0,8.2,6.0,7.3854712229610096,13.0,18.0,38.0,1.3813952380952408,1.0869999999999926,1.2299376797902386,1.6899999999999977,2.3507999999999467,15.346,49,135,76,1107.0,742.01,0.41719114297650883,3.576043416462083,290.0930000000006,0.3909556474980129,1,0.329476287497277,78039,25712,0.17818433818433818,0.1812825695946464,0.11,0.22,0.02,0.42,110.94452773613195,98.6059816428127,28.004918546923587,88.5,16.5,79.0,152.0,0.06590565081981564,0.031183791120875312,0.0741925,0.03799125,0.012063200000000001,0.096969,0.24566392133976353,0.11717891573686966,0.27387,0.11868749999999997,0.0583782,0.35038600000000003,-2.621208916200879,4.2072790433163725,-3.28185,3.213825,-5.18908,1.1454700000000033,0.14033912533864346,0.17598421409823392,0.0755445,0.093339,0.040793400000000014,0.3332620000000001,0.07740271558245176,0.02842284766579043,0.068695,0.030107499999999995,0.051339100000000006,0.11913,-0.39120449681082764,0.05330492592267071,-0.39349,0.06805250000000002,-0.456279,-0.326283,0.8199390483042938,0.47256573733026735,0.619185,0.34523250000000005,0.47894,1.5795800000000002,-9.820702220752954,0.900345767889483,-9.6618,1.3186750000000007,-11.206,-8.7576,629.1232691370052,262.744495035306,590.71,289.475,351.346,955.48,1624.9076476242967,410.4538999462344,1612.5,572.5999999999999,1106.9,2164.8199999999997,2562.6989287224906,433.912936329349,2557.5,585.6999999999998,2039.8,3117.3199999999997,1,0.5820609402173912,0.7909730996255828,0.2787267720955096,0.43660564735928314,0.3137834354953671,0.4372122975341771,0.04401050743941554,0.16298810152894355,0.10310098039914471,0.37449157633175334,0.33184309190128297,0.48543270054170307,0.16867104343371347,0.3908787887761726,0.13645419912687098,0.3599463723760772,0.34580398320563077,0.6489421887467361,0.10510833397184605,0.2771194515196407,0.05286834417320029,0.20672810676338302,0.35270399492159654,0.493508591621496,0.7546403300516751,0.7483670173709736,0.0802356846935139,0.2591139074412718,0.21213471133285816,0.894556307911618,0.1225944404846757,0.9920705630791162,0.0126960085531005,0.5467302209550963,0.26071511722329704,0.07631068580274807,25.41442941019949,3.0121150065751876,0.5024848272624572,0.6953745867617522,14.577843410660925,6.386137959659632,0.4341239271078875,0.6870855872245657,0.29985899356658147,0.9658167115135466,1
397,0.9748999999999993,0.727499999999992,1.129973250631567,1.1712500000000077,2.096400000000051,6.295000000000073,2.318691099476439,1.7300000000000182,1.7291004421766365,3.1899999999999977,4.669999999999959,10.139999999999986,8.963350785340314,7.0,7.409751412656735,13.0,19.0,36.0,1.1408709677419353,0.9300000000000068,1.129366824468867,1.4905000000000186,2.0754000000000135,13.168000000000001,70,191,89,1712.0,911.474,0.48588330550295433,3.8656942217806596,318.30299999999994,0.3492178603010069,1,0.33236827474798336,95331,31685,0.1543351193375548,0.17642029234430587,0.09,0.16,0.02,0.37,129.21295276457818,107.01189837462522,31.24298830061099,96.0,25.0,82.5,168.0,0.07815239242235916,0.05694404240942302,0.079238,0.09919499999999999,0.0048386,0.1524040000000001,0.2828618729490989,0.23229793114109928,0.29144,0.30911,0.0312056,0.5084960000000002,1.4732630803740192,5.635500475949811,1.5632,3.6959,-2.35016,6.700880000000006,0.27090558323067065,0.2805782848622996,0.16231,0.21755000000000002,0.07178620000000001,0.651496,0.10193278436326338,0.02839927331949636,0.099076,0.03657200000000001,0.0689248,0.14097,-0.4278654275840303,0.05846782914881974,-0.43515,0.07184000000000001,-0.49353,-0.353494,1.3135513470096258,0.46769499749629406,1.2127,0.58023,0.802804,2.0311600000000003,-9.844166643522172,0.9393348263470791,-9.8332,1.3758999999999997,-11.091,-8.63334,582.4350200679951,315.78237717161335,496.25,350.30999999999995,276.1,1073.0,1518.6335222085813,410.53091955496,1444.6,526.8000000000002,1082.8,2134.1,2431.656413049181,429.09226924476917,2374.7,490.2999999999997,1943.8,3048.2,1,1.272668071826074,1.5594080262678554,0.6889385097202642,0.9096762805660686,0.6953761016917711,0.7510727213953834,0.21686407178897382,0.3524349487218217,0.5452074673517846,0.6730148033275493,0.6116798232915337,0.9794188781399893,0.5423040916005045,0.7096125833695865,0.44134407256807895,0.5866683166621433,0.933469520924538,0.972057522482831,0.6052808068932255,0.5767548091076549,0.4843437840765749,0.7157827353943186,0.8466915136899904,1.2412842751851214,1.91185704845292,1.5853673123343177,0.3359874812272761,0.5065173958226895,0.33609111820138016,0.39259479112562146,0.4299176374564072,0.8343845069377458,0.1925873710766491,0.4651628700749425,0.7237151689359651,0.1365709192350706,19.057177803307873,4.167415950191295,0.8183049312182036,1.0798845675287398,2.42853409560714,8.448459919267984,0.87471053759967,1.0102517103639275,0.11442080378250591,0.9551149807102813,1
399,1.0714883720930273,1.1480000000000246,0.5211840888936994,1.4189999999999827,1.6340000000000716,2.423000000000002,3.0048214285714296,2.5200000000000102,1.8660811602617071,3.910000000000082,5.6070000000000055,10.78000000000003,10.178571428571429,9.0,8.426376832934322,13.25,23.80000000000001,53.0,1.1771277777777767,0.875,1.7136014706866665,1.5145000000000408,2.251999999999998,22.004,43,112,69,1140.0,688.829,0.4885682803714712,3.387413086111605,211.8829999999998,0.3075988380280154,1,0.42672443154725415,73401,31322,0.17796590909090912,0.17378199174825834,0.13,0.21,0.02,0.41100000000000136,143.8672497649896,199.48459549198645,45.102409319174775,185.0,44.0,165.5,262.5,0.11846938002832834,0.0565808376562354,0.11914,0.06650200000000002,0.0363414,0.19085800000000003,0.39281376175218696,0.15401513877219256,0.426635,0.159555,0.140551,0.55506,6.646439404213333,6.605205038945422,6.41405,7.8607000000000005,-0.0017413899999999195,14.459500000000007,0.27557168758048656,0.16575693529138416,0.249515,0.16280499999999998,0.12468300000000002,0.4589040000000001,0.12262386944639551,0.032610019297354166,0.12131,0.047938499999999995,0.08184720000000001,0.16637900000000003,-0.37341520765915337,0.06514278391568787,-0.37546500000000005,0.08363999999999999,-0.45475899999999997,-0.29155299999999995,1.4735263945469639,0.5818171628870796,1.41105,0.7198500000000001,0.685529,2.429,-10.063331971138497,0.8121919088450951,-10.012,1.2797750000000008,-11.187,-9.020809999999999,622.8044779315328,288.05864054966986,581.51,360.01,286.85,984.9459999999999,1604.313741564302,444.0443816977071,1625.2,598.6999999999998,1007.4,2149.6199999999994,2532.5477112162403,489.1949458120356,2594.0,710.8000000000002,1870.64,3107.7,1,0.6848363303644112,0.8459520625885175,0.3392232224297275,0.511625506985219,0.4925305718048174,0.7712004867160547,0.2730281113824642,0.3965616299793715,0.13353535066800748,0.2964859939111969,0.3108961665948379,0.4441487383166343,0.23143264971507924,0.3960472580893421,0.16837669075324427,0.3433464009623585,0.4390056311353732,0.5528275656750821,0.1458719798400613,0.3210013889883297,0.11675288220083321,0.27733772503756277,0.3834688650098166,0.5236565672559577,0.9838007104343245,1.1312308864502816,0.07652783268687449,0.20574502380459128,0.3340516209356893,0.11641047742182636,0.24771345113250012,0.5107024852751042,0.030120193458794235,0.4367667480725949,0.3413776425014195,0.12368100571579076,16.939056414253184,3.0290076121353198,0.9018765098053007,1.267497793708285,16.355927421974215,4.9570678071699605,0.9277124800827016,0.9680156644450292,0.08649058751007635,0.9545454545454545,1
400,1.518172413793102,1.3810000000000002,1.2864447150018714,2.0799999999999557,2.5827,8.096000000000004,2.7681208053691293,2.219999999999999,2.0505400726230403,4.009999999999991,5.427999999999999,9.909999999999997,8.04026845637584,6.0,6.6875414515490075,12.0,18.0,34.0,1.4040995670995653,1.11099999999999,1.3915414927400194,1.7815000000000012,2.4879999999999995,16.968000000000004,58,149,83,1198.0,898.3000000000001,0.4591450517644442,2.9045944963025803,324.3469999999996,0.3610675720805962,1,0.24996530335543243,93669,23414,0.13095078299776286,0.1445795100079953,0.07,0.15,0.02,0.32,114.53095474489959,87.89623729392672,26.56277882423111,79.0,16.5,69.0,125.0,0.0590425326750316,0.03566565542006058,0.058609,0.05244374999999999,0.00544265,0.10477400000000002,0.266614161896989,0.14951788232536864,0.279015,0.18912500000000002,0.03010560000000001,0.429041,-2.2511259219601225,4.451284738269249,-2.17515,3.1875925,-4.6683,0.8178070000000008,0.17845055852629196,0.1977781797152563,0.109285,0.12602125000000003,0.0310502,0.420737,0.08824511306013495,0.03317522520920166,0.080794,0.0446295,0.0537426,0.13785800000000004,-0.42261205996412404,0.05251988961485755,-0.42356,0.06829999999999997,-0.488017,-0.3598729999999999,0.9367549487486119,0.416352090884037,0.78582,0.39212749999999996,0.593403,1.56537,-9.59508248910908,0.9903224598272994,-9.43135,1.3324499999999997,-11.21,-8.423359999999999,574.2488749364655,290.70711121295824,523.1,346.25,273.0,949.5940000000003,1567.791913614522,413.7635249775001,1534.95,542.0,1047.79,2106.2,2494.9789608115325,465.82283259385036,2476.1,620.5749999999998,1930.3,3129.2,1,0.49935413344729346,0.620102639421464,0.5119255827920228,0.5700291971103758,0.5104672637037038,0.7690041175951282,0.19957377925925926,0.34814563254971487,0.17934369230769232,0.3362727083428146,0.21788829629629627,0.4237940148423923,0.254190774017094,0.3897746511017716,0.5357320788603989,0.6242152751142089,0.3946332657549857,0.49333810063433786,0.266081585982906,0.40240741183163076,0.10524585971509973,0.25945253006545704,0.35613487760683765,0.5119636788640565,0.8339656613105412,0.8730834445260434,0.030018815954415957,0.14747948878319395,0.35703703703703704,0.09481481481481481,0.3005128205128205,0.6381766381766382,0.010028490028490029,0.33925925925925926,0.34961111907203907,0.09880021596274707,16.12591841416501,3.554506362101115,1.0530789891969705,1.201768706107129,15.715196244647519,5.819205205261042,0.8688585205495633,1.7666190807321673,0.21170010086293847,0.3157676250118607,0
401,1.034576271186445,1.0610000000000355,0.6074358221911264,1.4279999999999973,1.7512000000000174,2.6299999999999955,2.31637362637363,1.6300000000000097,2.1023205475329236,3.105000000000018,4.767999999999984,14.680000000000007,6.554945054945055,4.0,6.832755043208964,9.0,15.0,49.0,1.2647760617760613,1.009999999999991,1.5765206607802873,1.4995000000000118,2.173800000000018,21.948,59,182,78,1193.0,883.24,0.4773108101988142,2.829830637126994,327.5769999999999,0.3708810742267106,1,0.3922286448298009,93420,36642,0.16550135501355015,0.2019941164454089,0.1,0.19,0.02,0.4,142.19653179190752,198.7802112330113,46.88734621534063,185.0,46.0,158.5,271.0,0.12172598581316248,0.05956035170409336,0.128955,0.0794985,0.031414000000000004,0.19294900000000004,0.3688935415510343,0.15462875435483098,0.39796,0.16989749999999998,0.11949800000000002,0.54128,5.313205406175591,6.424282050684553,5.1350999999999996,7.3744,-0.7855249999999993,12.959900000000003,0.2526371142828175,0.17131761643785529,0.21259,0.15265,0.115241,0.448809,0.12212924740188855,0.027395955990315263,0.12273,0.03598,0.0872733,0.15680900000000003,-0.3693853341520659,0.06753979279952266,-0.371495,0.08642,-0.45527,-0.28400099999999995,1.5122590240707385,0.46415377316740103,1.4829500000000002,0.5961999999999998,0.937941,2.1736800000000005,-9.999910790895694,0.911597880715221,-9.9747,1.4415750000000003,-11.238,-8.814029999999999,602.7462332704954,266.63695876187546,584.985,352.365,301.264,937.5090000000001,1560.5606121869712,434.7319124286615,1557.2,596.5999999999999,992.405,2117.0,2502.6038604571454,483.32989406802625,2554.6,655.3999999999996,1836.31,3080.2,1,0.7174797566665457,0.8225989873172351,0.4255295211334035,0.5294618360826518,0.5573911786090049,0.6858999151891711,0.2756465212059645,0.4303650105813299,0.1557838694626855,0.34346788164430575,0.42011300721982364,0.5080558542890254,0.14879100787287305,0.32297993795817875,0.3518239372346987,0.5122879528438536,0.5066476134673294,0.5751647288066167,0.23606874338787504,0.36885525237737926,0.38778904284729526,0.46386608086724385,0.2342729159017524,0.3900119344664817,1.2427415497587346,1.2302225991939186,0.008446229510575772,0.07040770525992736,0.3891811486412945,0.7784711388455539,0.20988281391720784,0.9822951057577187,0.007727750970503936,0.24906577658455176,0.4048946353056116,0.10827657539884104,20.53754705387645,2.310513602363683,0.7064213488134383,0.9782693891943146,11.776834981137842,4.8035186865323825,0.6358907270968658,0.8208313330996134,0.23520886924386797,0.984372212509366,1
402,1.8074318181818219,1.3230000000000075,2.204523762194127,2.1412500000000136,3.529900000000072,13.56000000000006,2.8150943396226427,2.519999999999982,1.685725071373525,3.9749999999999943,5.0399999999999645,7.680000000000007,7.169811320754717,6.0,5.48434885417925,9.0,15.200000000000017,26.0,1.6599634703196335,1.0199999999999818,2.7047303866409735,1.8715000000000046,3.264,32.132000000000005,44,159,61,1140.0,930.901,0.48082449154099116,2.546916890080428,363.53199999999975,0.39051628476067785,1,0.36744113029827313,95550,35109,0.15061776061776064,0.15792833853859442,0.1,0.18,0.02,0.38,146.37362637362637,193.20105955737844,47.061612813695376,180.5,40.0,158.5,260.0,0.10923015426227464,0.056647504006149714,0.11188,0.074618,0.026521400000000004,0.18076,0.3332802540009399,0.1403625757692279,0.3599,0.14709,0.106128,0.4854920000000001,7.534621828524593,7.476341869244117,8.1846,9.4871,-0.593171999999999,16.088400000000004,0.24397337633760577,0.16744379825063732,0.21162,0.13831,0.10450400000000001,0.42554000000000003,0.11573144285710216,0.032961672619617965,0.11623,0.04756200000000001,0.0734488,0.15807,-0.3868637773533852,0.07298310025644766,-0.38968,0.09362000000000004,-0.48010200000000003,-0.29525,1.4633956825885102,0.4935439752593901,1.4132,0.6975,0.867452,2.1886400000000004,-9.908592244153919,0.9253140741366281,-9.9153,1.395999999999999,-11.126199999999999,-8.72898,607.912055184076,298.1238472247234,593.94,423.55,239.293,984.0,1522.278437866477,447.2193333904765,1534.2,564.3000000000002,910.8,2081.5,2510.54738115681,522.3768308980398,2580.55,728.1999999999998,1760.5,3130.5699999999997,1,0.5628920731380102,0.6947269742786581,0.296487757173151,0.44137029598859656,0.3529604550569092,0.4844561694086309,0.181254946899208,0.38347688548060777,0.37100990344917123,0.5614665595628162,0.3855646241398711,0.4997157051118219,0.40267502748085,0.5798719941876954,0.7739225009304539,0.8786764709607472,0.43393696118059455,0.5202909812137682,0.29883138741506904,0.43145758475673945,0.17439732492318344,0.35350549151056293,0.2781160974596443,0.402271222315648,1.04264893517116,1.1295882221227622,0.041431779720431036,0.16355166305367339,0.4257151512528671,0.4577400787640109,0.3173497208638075,0.5924178820270913,0.006707924005712554,0.4628467563941663,0.3997235552955505,0.09742501741353513,18.330555761120277,3.196829582595039,0.7599593932505492,1.000768144461428,11.490736444727602,5.054977693119461,0.6700510905410871,0.8912122374495494,0.27706763734868367,0.9381841940344281,1
403,1.1935600000000008,0.8530000000000086,1.4107861235495638,1.4680000000000177,2.889499999999965,8.186000000000035,3.754703389830507,3.515000000000015,2.3352184280999655,5.179999999999993,7.075999999999996,9.782000000000039,12.110169491525424,11.0,8.17269523651162,18.0,22.299999999999997,37.0,1.1883403141361275,0.7430000000000518,1.4454010383534386,1.363500000000002,2.3689999999999998,14.056999999999999,50,118,74,1429.0,804.2869999999999,0.550866792575287,3.225333197909967,226.97300000000035,0.2822039893719535,1,0.47857391304347824,86250,41277,0.24731575793888555,0.2574623528769424,0.16,0.26,0.03,0.58,116.10434782608695,200.60085519780992,37.09018141340308,190.5,33.0,168.5,247.0,0.07086547931266565,0.04422327100580338,0.076704,0.061476,0.00788746,0.11992400000000002,0.325937074144996,0.16108275498953023,0.37408,0.25373,0.0750696,0.504704,6.624248150025045,6.329532452150639,6.0011,8.2243,0.0,14.439400000000001,0.36594988646887855,0.3613096034283749,0.25051,0.22679000000000002,0.125926,0.833834,0.10329084832824575,0.04350465235860162,0.090267,0.073189,0.0543896,0.16658,-0.3198396166048889,0.07195870959487005,-0.31918,0.09326999999999996,-0.412718,-0.23267199999999996,1.3212366378370521,0.3929329974373955,1.234,0.5132000000000001,0.908934,1.86034,-8.156501892094871,1.3667668156650867,-7.7513,1.6000000000000005,-10.5974,-6.77416,519.7948784017731,270.3834596834651,457.57,331.81,253.592,876.3500000000001,1491.3437466669761,464.8636402907218,1499.8,711.7,941.314,2099.0800000000004,2395.873719527053,499.8748256519106,2423.8,713.0499999999997,1734.7,3022.8,1,0.37342110389868194,0.5747332242971132,0.24847425524059077,0.39194988467175507,0.23260176691281562,0.3973409495558674,0.0594910734476735,0.19863525641343263,0.18877855530411308,0.3593515891934932,0.271067183103065,0.40075549941599053,0.27087141619024935,0.42835533481710963,0.29598517361441956,0.4271582295962505,0.3064369169842782,0.40419833176365594,0.11532342774336986,0.26499288259385906,0.2321388110211212,0.3355242855324004,0.2428624858265841,0.38107209074589304,1.35278340356519,1.3972977505154183,0.10800081479275844,0.2554933012349664,0.259091630935366,0.9186914403684294,0.2191916785771002,0.7364618072097824,0.004843576306177545,0.3943941559472765,0.3070168848317793,0.09026996526552813,16.149584938168534,3.1748882296141194,0.7601928742969526,1.1135092069847194,13.872570329064164,3.940155701955094,0.7396366794232166,0.8297995241588263,0.1952128703158721,0.9810134734781152,1
404,2.4130851063829764,1.9790000000000134,1.5720139654756595,2.7244999999999777,3.521400000000016,9.20799999999997,2.4370050761421354,2.330000000000041,1.490175496418634,3.3500000000000227,4.5579999999999705,8.170000000000073,5.426395939086294,5.0,3.986132523258407,8.0,11.0,26.0,1.6932234432234399,1.3000000000000114,1.5708757005430563,1.9800000000000182,2.9667999999999894,14.832,47,197,77,1069.0,1090.55,0.44022740818852935,2.226665833489551,462.2499999999991,0.4238686901104939,1,0.2768770840519719,113061,31304,0.16441176470588234,0.17516430038823338,0.1,0.2,0.02,0.4,101.04279990447635,120.43727638640429,34.48337270305856,106.5,37.0,91.5,181.0,0.10220679211866535,0.05362239291657191,0.10629,0.07172750000000001,0.0251659,0.168737,0.3377234568962912,0.18497816656845795,0.3882,0.2148425,0.09178070000000002,0.4939,2.219807861596505,5.975988709649434,2.15925,4.9249725,-2.70224,8.44287,0.22612894038551623,0.16113373182771398,0.189505,0.131975,0.0971824,0.4133940000000001,0.09669059844556604,0.03240746421524959,0.091316,0.037456,0.0624092,0.142437,-0.4119480150012778,0.06177527497203839,-0.412555,0.07907249999999999,-0.492348,-0.337,1.4307970681063122,0.5993176919010892,1.3326,0.7509000000000001,0.726441,2.4959,-9.731742716585737,1.0636817705213402,-9.6607,1.6738499999999998,-11.206,-8.36652,610.7743689730523,290.0090824835816,585.46,399.7275,278.05,958.7969999999999,1575.3876231930212,412.65699014013296,1583.2,545.3,1024.4,2094.0,2509.8749601005006,437.80011074266173,2551.0,524.3000000000002,1911.3,3039.0,1,0.8755336922585181,0.9742203798138643,0.6798161490123377,0.7403605852052353,0.6476650948347504,0.7123840520786984,0.21514074518954165,0.377334872479745,0.3499211061497155,0.5073608905247415,0.4664983156683501,0.5405677322467208,0.43762645844786807,0.5524815446922083,0.35338628987406506,0.5396810758420991,0.5341738075177396,0.6342208497748708,0.21010912743719234,0.34479276534877323,0.19436456405420954,0.37798028302872644,0.5676767744038868,0.6557572971259314,1.2807752167103497,1.177011361854189,0.11674860330499266,0.2767509748278075,0.33296042958511796,0.3549191331586013,0.11084830275522597,0.7600843827910247,0.0978073259604935,0.41187751710030046,0.49495971034739406,0.12350466870248178,15.308571756804062,4.467815986574844,0.6518942337662266,0.8534632513375197,12.140008086030736,5.554555569492498,0.5570023646520357,0.7155341662011198,0.20943333028835906,0.9529284591194968,1
405,1.6569245283018796,1.664999999999992,0.9521950380727787,2.3170000000000073,2.7632000000000296,3.477999999999952,2.2228229166666735,1.7200000000000273,1.7085203256082413,3.1182500000001028,4.483300000000031,11.63900000000001,6.458333333333333,5.0,5.958041950917171,9.0,14.0,41.0,1.230345054945049,0.8949999999999818,1.767357027698327,1.4379999999999882,2.259800000000019,26.948,53,384,72,2480.0,1527.193,0.5589103669280848,2.905464616595818,559.8069999999973,0.36655943289420345,1,0.4079607693287479,157020,64058,0.17808729496802897,0.17747655116476346,0.13,0.22,0.02,0.42,137.44745892243026,186.97801211402168,37.491482642386714,177.5,34.5,154.5,235.5,0.08197901777262247,0.06212984690767533,0.085172,0.10726724999999998,0.00292127,0.16167,0.275104978795056,0.1757251449919597,0.30358,0.28719,0.027432300000000014,0.4845490000000001,6.810348547135878,6.730228464756143,6.56175,7.677850000000001,0.0,14.729300000000002,0.40578280013854784,0.41862275050094017,0.23756,0.313585,0.11168,1.0199300000000002,0.12343666035499079,0.03269308828053487,0.125855,0.0483585,0.07858,0.16502,-0.40918711918886014,0.06687535119737599,-0.409575,0.08340749999999997,-0.49776299999999996,-0.3267109999999999,1.4609861850198256,0.6387095949407299,1.4,0.9169750000000001,0.627677,2.4965,-9.08405372318836,1.164126267015543,-8.9003,1.7037499999999994,-10.849,-7.7057,521.5016725360504,258.72505240694284,476.5,355.86000000000007,250.0,853.0280000000001,1433.6732995609593,499.46232775875666,1447.2,777.9999999999999,752.8480000000001,2067.980000000002,2379.2848098233,549.2826161859568,2442.3,810.5999999999999,1641.1,3037.8,1,0.5273590728974832,0.7114072074903603,0.32116375511561285,0.4437935140127305,0.5417076035911603,0.6647952971567093,0.2002302085123798,0.4432831852744963,0.16657896659504806,0.3280018233151397,0.32557364241866177,0.4428595012838157,0.2213911082463679,0.3687367155073767,0.3116386299109883,0.471769979741369,0.4270891835993452,0.5213331201752717,0.2373186852363413,0.37241263344466724,0.16760769743707798,0.3318796611803319,0.22005688702169024,0.3510550831826245,1.092838691886638,0.9760314295268178,0.03575509965213833,0.1637938030020314,0.4782842234499693,0.13556374053611622,0.1771792510742787,0.7819725803151217,0.0016369961121342337,0.429353386535707,0.34259351658006665,0.09879601986918313,16.755202561049888,3.0665565880491834,0.771054792202257,0.9452258694880569,1.7784325579275009,4.075688893066765,0.6612965986502588,0.997696201499785,0.24282444092269767,0.8392524819382823,1
406,0.6789787234042638,0.5450000000000159,1.181575714780937,0.8484999999999872,1.0498000000000047,7.9080000000000155,2.933269230769227,2.05499999999995,2.6014812505081735,4.529999999999987,6.312999999999989,11.650000000000034,9.60576923076923,7.0,9.491310063209205,15.0,22.700000000000003,49.0,1.5014152046783658,0.9410000000000309,2.1580787041028313,1.6714999999999804,2.656000000000006,18.438000000000002,47,104,68,999.0,684.19,0.44587029918589804,3.274765619878061,256.74200000000053,0.37524956517926383,1,0.4257689110556941,72180,30732,0.1754109589041096,0.17219623527111808,0.13,0.21,0.02,0.39,145.6359102244389,207.53608616425876,49.682029910931284,192.5,55.125,164.0,281.0,0.10407180799524926,0.05291239572658097,0.10159499999999999,0.053749500000000006,0.030016,0.17439900000000003,0.3585930823302161,0.1493043836772809,0.382995,0.1642075,0.12043,0.52737,5.880797112312378,6.440382874559938,6.16325,7.2664,-0.4482489999999997,12.973,0.24741923646456465,0.1865983517080793,0.20046999999999998,0.15392999999999998,0.106102,0.456809,0.10341425439899778,0.03201256570686397,0.10021,0.0483205,0.0643616,0.14776900000000004,-0.3621411635754263,0.06656066768283773,-0.36407,0.08690750000000003,-0.44636,-0.276501,1.4575395665755564,0.47763499276521826,1.3904,0.651,0.9167810000000001,2.1807,-9.496972686450606,1.2036093517581843,-9.34465,2.0776749999999993,-11.178,-7.987419999999999,618.6979615191627,285.5516086341457,573.95,371.22,300.5,993.7299999999999,1589.224591447779,432.2362067006023,1590.6,570.9000000000001,1021.24,2136.2599999999998,2528.775693811075,484.8427963285411,2584.3,688.5999999999999,1878.38,3102.9,1,0.48343107648640576,0.7056457510406685,0.5501721530923215,0.6111786106217829,0.3099962513295489,0.5018557549959538,0.2639164947116821,0.368671055788571,0.19161937077980282,0.38355882157043275,0.3959655989841649,0.5585505932584169,0.2144861943232746,0.4336647767406417,0.18694925640872426,0.39999672267824166,0.3703456466686585,0.5209765848181089,0.2276846838960263,0.3608059266556905,0.3715758227666567,0.4404725185621148,0.3474019358231252,0.4582709965229438,0.8426706674634,0.9466614698063035,0.052828834956677624,0.18140614241445582,0.37579922318494174,0.14490588586794145,0.17245294293397073,0.9138930385419779,0.01446071108455333,0.3643262623244697,0.3435031419778906,0.11387958916833137,22.582481102990382,2.784563134141334,0.865741184317455,1.1473747623509183,15.325352953866112,6.530728301804926,0.957369372178144,1.3961924745431584,0.1584458856428869,0.7750123137544637,1
407,0.762630434782605,0.6409999999999059,0.6873618867972965,1.1042500000000004,1.5515000000000043,3.256999999999948,2.6030283911671965,2.160000000000082,2.002662969060998,3.2100000000000364,4.978000000000024,13.600000000000136,9.930599369085174,8.0,8.617433944020572,13.0,21.400000000000034,53.0,0.7627843665768156,0.5500000000000682,1.247911141729717,0.8654999999999475,1.419999999999959,22.099000000000004,46,317,55,3148.0,1207.73,0.6832321793778422,3.8150176935382167,282.9929999999986,0.2343181009000344,1,0.5487659791921176,125241,68728,0.2421705426356589,0.2454278379246896,0.17,0.28,0.02,0.56,135.96186552327114,157.79961587708067,30.126291233629626,149.0,23.5,134.0,193.0,0.1461454719738881,0.05295133768838601,0.15684,0.048110000000000014,0.061270700000000046,0.19952,0.4157603272703556,0.13254849738906935,0.43629,0.10202250000000002,0.22885200000000003,0.544583,5.591419567690738,4.995330793071693,5.5604499999999994,4.404100000000001,0.3255850000000002,11.004,0.21367302160705973,0.125657401791314,0.18358,0.10014999999999999,0.121897,0.349003,0.11547540235991154,0.019976323821615048,0.11524,0.020089999999999997,0.09362970000000001,0.13894,-0.4297407436707019,0.06587097314989086,-0.43689,0.08293,-0.50619,-0.3449509999999999,1.5235077416773366,0.3968823217090703,1.4789,0.5105999999999999,1.0781,2.0824,-8.611941443079967,1.2647280530339338,-8.4194,1.7227000000000006,-10.565,-7.117,573.7375432832229,259.50138608885294,536.235,290.165,294.06,882.9580000000002,1555.0359538096232,401.24643046356715,1550.65,505.29999999999995,1050.5,2076.3,2473.582204752202,440.075700587536,2434.8,502.10000000000036,1946.3,3072.9,1,0.7373935659841043,0.8855351120730576,0.4966928328181918,0.6236456771698528,0.7450637660061816,0.8833835598313409,0.10541841069654488,0.2642902669385154,0.12610913260293632,0.2868576469005066,0.49121719011480297,0.5457830082748599,0.2841932172701181,0.4335559213163346,0.21426173711226404,0.40641620792406125,0.5195640141847886,0.6230933728142211,0.07511040893034551,0.21376054131164107,0.18275510392979358,0.3773148572621532,0.33415458477756926,0.4972767673976687,1.023713532536704,1.0823034516078214,0.031721700187658686,0.13993914495086782,0.5739320013246495,0.6619660006623248,0.11830776023843691,0.6839882989292416,0.0002759686499613644,0.3814162711116017,0.383383514082286,0.09820711038656389,21.62698040504289,3.199420171775954,0.8190090006871251,1.2008372650394374,10.6139636519435,6.056050057016358,0.7228991232681368,0.812551023954584,0.16987974804351977,0.9721357285429142,1
408,1.0159555555555464,0.8799999999999955,0.747145261959904,1.23599999999999,1.957800000000009,3.5949999999999704,3.570333333333338,3.2700000000000102,2.152395796935747,5.10750000000003,6.439000000000005,9.689999999999998,9.522222222222222,8.0,6.843046394013216,15.0,19.0,29.0,1.1174249999999954,0.81899999999996,1.8711022338116632,1.305250000000008,2.1751999999999723,22.504999999999995,45,90,71,857.0,642.89,0.4998211202538544,2.667040114524006,178.78799999999927,0.27810045264353045,1,0.4147005824917236,71589,29688,0.1665993265993266,0.16976809943722482,0.11,0.18,0.02,0.4,149.3525541633491,223.66735718135274,55.274519219384715,212.0,62.0,168.0,300.0,0.1151980953086129,0.0545122946320687,0.11309,0.06215699999999999,0.0401311,0.18758,0.3970571202658987,0.15513735548551139,0.421485,0.17035250000000002,0.1619,0.566033,5.6377553616522835,6.437986616542849,5.8021,7.818524999999999,-0.8123619999999998,12.982,0.2750843926485112,0.17213399354752648,0.237755,0.168155,0.121747,0.483975,0.11233637734003639,0.032028344697352974,0.112955,0.04889974999999999,0.0703118,0.15413,-0.3383528065885207,0.0652522795734301,-0.343385,0.08321250000000002,-0.41982,-0.25363,1.439661969819456,0.465795821678753,1.3897,0.624725,0.897335,2.1207599999999998,-10.152284700889249,0.82821794657819,-10.19,1.2063000000000006,-11.213,-9.06398,620.1852229141036,234.89228440650018,607.915,335.68500000000006,334.137,922.0,1630.3000251230287,466.81000313629573,1661.65,660.2250000000001,968.282,2201.2,2568.520717900682,484.07536188448563,2587.0,677.7249999999999,1940.3,3184.1,1,0.2754076787642183,0.7040577746676717,0.17824772175631387,0.5092416093803974,0.27736803928089454,0.534001362627469,0.09970828576248313,0.34965554568759366,0.399937054029304,0.5034162790377872,0.4131039005687296,0.5127886988799687,0.42435023896279156,0.5111917780200916,0.5033483134278003,0.6025604920376672,0.5850023680836708,0.6274767132153476,0.13619237112010796,0.30589002749347166,0.050581129940235205,0.18839305004834264,0.21071972628687105,0.34082887567742104,0.8810555638133796,1.0717694481243174,0.05465362348178137,0.18205634147368355,0.4290052053209948,0.28817235396182767,0.17486022749180644,0.8990264121843069,0.0006265664160401002,0.4399942163100058,0.3206911439484701,0.0736023937367881,12.794077399993402,3.4539727829100246,0.7175686834348611,0.991458955195811,12.584233346048741,4.323625133823148,0.5264392209483553,0.720190804106997,0.33339678309698295,0.9743446477627229,1
409,0.615244444444443,0.6040000000000418,0.5733339982769585,0.9300000000000068,1.31460000000003,2.4449999999999363,2.103127272727267,1.7900000000000205,1.4985118806766013,2.9299999999999784,4.018000000000051,9.099999999999994,8.723636363636365,7.0,7.515558737745043,13.0,19.599999999999994,38.0,0.9519219219219263,0.67999999999995,2.3783420323268563,0.9499999999999318,1.4199999999999817,41.089999999999996,45,275,59,2399.0,988.62,0.5850174991402142,4.147935541877042,316.99000000000143,0.3206388703445221,1,0.41753600867889074,103239,43106,0.1546681019016864,0.1426347089808409,0.12,0.16999999999999998,0.02,0.34,161.97367273995292,110.86842898900385,29.3524528499434,100.5,21.5,89.0,161.0,0.061677354408486054,0.032180660111282997,0.062269,0.033912,0.014931,0.09805349999999999,0.2585715849029833,0.12285827416007152,0.27296,0.11794750000000004,0.07001299999999999,0.37853000000000003,-1.3171749214904893,5.230906080704882,-1.3574,3.2676925000000003,-5.0291999999999994,3.58655,0.15813969680654666,0.16670219250111412,0.10449,0.1146585,0.0465695,0.33361,0.0897647262230316,0.04054553328038963,0.0796165,0.0683205,0.044366,0.14943,-0.3527973938662831,0.06350006249365008,-0.3505,0.08657999999999999,-0.43552,-0.27439,0.9452468544982137,0.4764157399017539,0.75306,0.5081075,0.5413049999999999,1.69245,-9.00549025657681,1.204169885649458,-8.8147,1.6750500000000024,-10.899,-7.5802,593.1222229693587,291.3068773870908,557.21,324.25999999999993,266.0,949.247,1564.7647474659382,426.369721566093,1549.3,564.5,1028.5,2131.9,2549.914715099715,452.9114263517522,2603.7,593.3000000000002,1936.1,3068.6699999999996,1,0.30874210281009734,0.5004805371697222,0.1582207995169082,0.35031223995353145,0.17460299567939036,0.3976002886470541,0.051752811253997416,0.17965728605088066,0.18670193012179356,0.37193411052255176,0.2505831071307069,0.39156610315711027,0.17718245839286928,0.3811443416278341,0.2701780357896169,0.4725633047234315,0.28250820419133155,0.46959548861012,0.1290104345784854,0.27735110409768055,0.09263934098795672,0.24327194894049914,0.15650054375042524,0.3073713673347296,1.116975887596108,1.0513448149589935,0.013720718105735864,0.09165871505157101,0.2129346125059536,0.10070082329727155,0.11784717969653671,0.9922773355106485,0.005783493229910866,0.4375042525685514,0.24066566927895877,0.083263665775622,22.70397633328721,3.192024169966573,0.810904855557592,1.051120832510671,7.861986440208455,5.7121092304795225,0.5577157941495111,0.7668560413219004,0.24172666734273063,0.9530789264113988,1
410,1.1535833333333432,0.9294999999999973,0.9581258144883117,1.5052499999999895,2.240899999999985,4.874000000000024,2.797157360406089,2.5600000000000023,1.7591230050258868,3.6100000000000136,4.918000000000006,11.019999999999982,7.355329949238579,7.0,5.483305027826679,10.0,14.0,30.0,1.1563754646840185,0.8199999999999363,1.7029048820955708,1.3520000000000891,2.159800000000042,24.835000000000004,48,197,73,1449.0,1005.1899999999999,0.5481948686318004,2.62957317073171,311.06500000000096,0.3094589082660999,1,0.4202441314553991,106500,44756,0.17537617554858934,0.19899535965143267,0.1,0.21,0.02,0.47,143.77464788732394,179.78740280632763,44.04428554571839,166.5,43.5,143.5,246.0,0.1021571961165207,0.05105617862424303,0.1002,0.05465474999999999,0.033706,0.169455,0.4182239000915408,0.27613343475617946,0.450005,0.24374249999999997,0.13199,0.622395,3.6530837522673836,6.093578344046988,3.9627999999999997,6.2266325,-2.5675,10.308499999999999,0.2759097035157968,0.17294452325163154,0.23833,0.15833,0.121925,0.48536500000000005,0.1107291551850925,0.03279218709200593,0.10929,0.04949775000000001,0.0698625,0.15463,-0.37621013352399674,0.06673819739501759,-0.38318,0.0872,-0.455975,-0.28668499999999997,1.4434308405576906,0.5405269179644898,1.4005,0.5619500000000002,0.728595,2.2714499999999997,-9.763576130574672,0.8759781648256819,-9.71235,1.3000000000000007,-10.995,-8.66725,600.4678362492134,224.76581376527355,589.16,286.35499999999996,324.60200000000003,875.6560000000001,1644.2472769131061,442.75373119812684,1672.0,573.2,1008.0,2200.0,2563.158517137409,435.9801744593989,2587.9,552.4000000000001,1999.52,3107.6,1,0.45327428572925765,0.6802906472642709,0.2646542640349345,0.4657368016432619,0.7785740613449782,0.7685731849519039,0.14401386864628818,0.3008803628861002,0.20816346791266377,0.37755773596499825,0.31059671427074237,0.4425067501779261,0.2851779893799127,0.42757910687462636,0.4868107395283843,0.5634981189294831,0.5687167822183405,0.6118834373544074,0.19522043339737993,0.3342823596975033,0.4152449131179039,0.4988027681093618,0.36601024426200873,0.4908064552302521,1.3036440369606985,1.1322338075594818,0.03100753292576419,0.13922664682593316,0.45746724890829693,0.43975545851528386,0.12607860262008733,0.9538515283842794,0.209117903930131,0.5225502183406113,0.4150792381235184,0.12110954695110997,13.666555684757716,2.6880079104515526,0.6555824353692493,0.6419147654106392,-2.260416586551041,7.058325178538807,0.644351241689919,0.817795289683147,0.19077984528538575,0.8974471325884427,1
411,1.2444565217391181,0.6629999999999256,2.040303554850545,1.3302499999999498,2.5590000000000828,11.100000000000023,3.528871595330734,2.75,2.7273445793169127,5.069999999999993,7.5839999999999925,13.670000000000016,11.642023346303501,9.0,9.446360167794175,16.0,26.0,45.0,1.0687956656346773,0.6600000000000819,1.7074233030963488,1.0734999999999673,2.009999999999991,17.079999999999984,46,257,67,2992.0,1338.57,0.6775290048335154,3.2990781987385924,345.22100000000074,0.25790283660921787,1,0.4907550021331829,138291,67867,0.1819490616621984,0.17263866891812488,0.13,0.2,0.02,0.41,161.83265722281277,188.99955059159828,40.7379000279293,183.0,29.0,162.0,237.5,0.07664739370702227,0.05503571280286,0.082576,0.093391,0.006192980000000001,0.14483,0.25937040777100207,0.14629942921845426,0.28889,0.238395,0.043179800000000004,0.42895,4.777319572117966,6.170612649514539,4.2121,6.966399999999999,-1.0394199999999998,12.413400000000001,0.3535995606473691,0.3984015064081119,0.18946,0.26952499999999996,0.09970380000000001,0.903694,0.11179393227945836,0.03910754903693696,0.1067,0.06163300000000001,0.0642224,0.1685,-0.3703225422390853,0.07285715387522682,-0.37442,0.08703,-0.45859,-0.27904,1.2782600786833072,0.43855033390122405,1.163,0.5568799999999998,0.834912,1.93784,-9.080084139567095,1.0531521005510418,-8.8858,1.4114500000000003,-10.7514,-7.8599,579.7974645156621,231.03232242232798,549.22,313.97,322.798,875.0,1600.2484677168432,440.685745525238,1603.9,601.3,1030.5,2159.6,2615.5672585908724,496.9599684706832,2670.6,714.4000000000001,1924.6,3223.8199999999997,1,0.4229453562715199,0.5267103073091012,0.2931723213969503,0.416709141343009,0.3984189581160846,0.5095464930363988,0.09174699198229218,0.2644311963307551,0.08294768022626658,0.2467442560283409,0.37615288632562716,0.5201930249380692,0.10797336047712738,0.27759288200180465,0.20862462370880472,0.36662945915242584,0.3166824411460895,0.4304743286229439,0.23768792848007875,0.3901330193138473,0.050174074372848,0.17880124311484444,0.24181532825873092,0.3795184226586775,1.0778713190359075,1.0472629374262379,0.021647904672897195,0.11215025996432544,0.3711510083620266,0.34028529267092966,0.17975897688145598,0.9489916379734382,0.00041810132808657157,0.36062469257255286,0.2805615124622304,0.10006119698327202,11.423253517602008,2.7168822284218717,0.8541376288190389,1.1439103750549495,9.235553775830095,2.6526361355071515,0.6460439360774256,0.6450698404409455,0.18266823737299367,0.9813458016003085,1
412,1.8584655172413769,1.8149999999999977,0.7720936430501966,2.3802499999999966,2.7886000000000024,4.11099999999999,2.3290140845070453,1.6699999999999875,1.814791459660072,2.9700000000000273,4.528000000000003,9.610000000000014,6.161971830985915,5.0,5.802667337057899,9.0,14.0,29.0,1.4029820627802665,1.1999999999999886,1.2264274339720787,1.8315000000000055,2.5662000000000385,14.579,58,142,82,875.0,808.3499999999999,0.4091297086658013,2.645742622157713,312.86499999999944,0.3870415042988798,1,0.30372626591511165,85689,26026,0.14703954802259886,0.18078124126417558,0.07,0.17,0.02,0.37,123.93656128557924,153.72640820717743,49.95723758851735,135.5,69.5,107.0,227.0,0.09361052168953055,0.06478271262358089,0.087201,0.10730775000000001,0.010151,0.181775,0.306168020278752,0.1841627341872193,0.301725,0.333005,0.052839,0.53503,6.535085770937909,8.851194604776527,8.2912,11.780230000000001,-4.4688,15.913,0.3191570994270729,0.2684777634253237,0.24634499999999998,0.20446499999999998,0.104125,0.619155,0.11067589592446016,0.027966671288470277,0.11067,0.035757750000000005,0.075694,0.14639,-0.41573650295857983,0.07503915848465448,-0.42667,0.09989999999999999,-0.503865,-0.31545500000000004,1.4785447994313379,0.670336375601401,1.56455,1.058785,0.40508500000000003,2.35845,-9.865417851379389,1.0786041215514033,-9.83375,1.7971249999999994,-11.284,-8.4341,620.7668101120644,300.6419069166834,594.98,381.70000000000005,250.0,1001.8,1576.598229732096,468.42603954441086,1575.7,653.7,972.714,2199.8,2518.9286478725267,476.3657697202987,2556.8,561.0999999999999,1871.1,3098.3600000000006,1,0.2659177404678655,0.5065449183588557,0.16126496224608727,0.3696361847007783,0.2162639131701632,0.5272659687583623,0.03339984902597403,0.1625640007909917,0.23071517216117216,0.38432768295348546,0.5534323002830502,0.6111935392852748,0.18877125541125542,0.33486417305284855,0.3935351616716617,0.5761399676050203,0.5859071292457542,0.6110874174617306,0.24006517282717282,0.368663842315198,0.13485537674825174,0.30381515736187586,0.32964055132367626,0.47622044729452734,0.5985278497335996,0.7262861762207294,0.06194561084748586,0.18568376245385396,0.17886280386280387,0.50495337995338,0.07446719946719947,0.6373626373626373,0.0012071262071262072,0.31868131868131866,0.2853030032259407,0.0830555123512586,21.452756968203726,2.2492458652071377,0.7166733585490592,0.9872651196035687,17.97653876654257,2.8835469356397088,0.39016612866475525,0.5983570140263168,0.38915006032366767,0.9348217874414927,1
413,1.2111224489795835,1.0230000000000246,0.8273591287121818,1.4849999999999994,2.30760000000002,3.738999999999919,2.913202247191011,2.3549999999999613,2.1854386270961603,4.097500000000025,5.579999999999949,10.210000000000008,9.50561797752809,8.0,7.803231245870569,14.0,19.30000000000001,34.0,1.2073052208835322,0.9600000000000364,1.2356442327354666,1.3629999999999427,2.0983999999999705,15.884,49,178,72,1692.0,953.4399999999999,0.5438727135425406,3.262944749783049,300.6189999999995,0.31529933713710306,1,0.40570419638647287,99681,40441,0.17216262239250746,0.16239141688161432,0.13,0.19999999999999998,0.02,0.4,141.3910374093358,179.96404638856606,46.870747115087205,165.0,57.5,139.5,253.5,0.07210907957631661,0.05542478900062146,0.079236,0.09855599999999999,0.0026385,0.14078,0.281571004552155,0.1944521826664113,0.30887,0.35464,0.022284,0.52311,2.776848011269034,6.093576698492182,2.1682,5.1519509999999995,-2.2702,10.153,0.3196619335211296,0.32392508182071034,0.21276,0.23636999999999997,0.083599,0.72161,0.1020062315565886,0.031440445349757,0.09895,0.043935,0.063941,0.14535,-0.3699652642367894,0.07136205235991272,-0.37268,0.09053,-0.45885,-0.28063,1.4689488054202418,0.60764069402602,1.34,0.8345,0.77366,2.4965,-9.508338166712,1.0680355716744416,-9.356,1.6785999999999994,-11.082,-8.1964,583.0591421336218,238.79741252295946,547.0,265.45,341.03,853.1,1628.7404804844268,432.19172493455983,1634.3,579.5999999999999,1050.6,2179.2,2522.5904821018794,455.2174465532804,2563.0,583.0,1916.5,3066.4,1,0.32724687563664495,0.5222967062694918,0.128898214750822,0.26643747154224334,0.08662757417316742,0.2356456097244873,0.11004017671330024,0.2774029080228233,0.04307152291921862,0.16660801453427454,0.08838149803365354,0.23199218523841716,0.07788609909096769,0.24521842413508588,0.06619764438140675,0.20336994653040724,0.08878343459480369,0.25737616252967,0.05292808942041132,0.1973619265067685,0.14029718367610083,0.3044298958163827,0.1976934238927213,0.3682975695693491,1.2634157111727162,1.0317969883500004,0.007260832505963511,0.06524917884986034,0.33363419508735737,0.016826768100058023,0.20933531042485978,0.2831538907871833,0.000709174134485204,0.5035781058603571,0.19133773435442128,0.07445599508611955,15.004698614703162,3.860229082512565,0.9854840138001095,1.5512526294714561,17.70151408042555,4.09244380431817,0.5676808120917897,0.938783253426369,0.32904884318766064,0.5197730667201677,0
414,1.7379777777777803,1.6289999999999907,1.1844014426215212,2.4399999999999977,3.103600000000006,5.111999999999966,2.5267149758454073,2.230000000000018,1.6847654493265019,3.375,4.827999999999987,9.159999999999968,7.086956521739131,6.0,5.781210102923807,10.0,14.0,32.0,1.161183520599254,0.8140000000000214,1.599312701172887,1.4475000000000193,2.2412000000000036,22.902,45,207,61,1467.0,946.6,0.5525353898161834,2.8048104315240083,310.0360000000008,0.3275258821043744,1,0.3593315046225744,98430,35369,0.17535448686167576,0.1668141380084767,0.12,0.2,0.02,0.41,122.95032002438283,220.02523396194408,42.402182555734164,216.0,30.0,181.0,268.0,0.10709944268380758,0.06097750676982405,0.11542,0.08691399999999999,0.009210920000000001,0.18111,0.3358743650684978,0.15895908660563635,0.38089,0.20774,0.067466,0.50457,8.08641315623775,6.815409226394369,7.7029,7.7552,0.08723,16.217,0.31718061186196667,0.31159578759804135,0.22761,0.15245999999999998,0.132878,0.5967680000000001,0.11475022248522718,0.0305432131408338,0.11366,0.04175599999999999,0.0765418,0.1551,-0.35207979532867767,0.06661061307049035,-0.35269,0.08439000000000002,-0.438732,-0.269634,1.5021970358223302,0.44414230244001324,1.484,0.5528000000000002,0.95026,2.1029,-9.303444524866409,1.1470407632222535,-9.1724,1.8469999999999995,-10.947,-7.8917,604.9715475189785,250.41083169123584,581.46,297.7475,304.31,917.5,1569.760919348898,464.96172851926167,1605.8,641.5999999999999,925.631,2143.3,2505.207721041108,504.08052609403234,2547.0,711.4000000000001,1830.6,3109.1,1,0.40810970641995653,0.6702896143507194,0.1824705183159787,0.364599445802756,0.23140407127874746,0.4242313265036936,0.11214060877219269,0.2719061108543861,0.3947027415536744,0.5878126149318904,0.32215814971158885,0.4459798404100746,0.4726609225410144,0.6364513177486518,0.5860393348190877,0.7867165890956737,0.46430798183384525,0.5679990791448027,0.14726346703872953,0.29189567272071004,0.0989450423627238,0.2397484325163849,0.20937043078133194,0.3585387262364489,0.887395617724174,0.9467597892098242,0.02951923552326017,0.1346767101632819,0.4259495093265413,0.8090119110045696,0.15237096411716233,0.3720877968387145,0.013296876170499662,0.4917222263839988,0.32474913061973604,0.0828475637391039,16.920692699973042,3.3837499345243796,0.8256448963837516,1.0825650636286852,9.702824746136022,2.516127583929297,0.4333807321766462,0.6316401456137839,0.3499495157249168,0.9050295724411938,1
415,0.7530769230769293,0.7029999999999959,0.6302480539180283,1.015750000000029,1.3073000000000008,3.619000000000028,2.5814852941176514,1.875,2.295054119524952,4.015000000000043,5.990000000000009,11.139999999999986,8.801470588235293,6.0,8.815777845082124,14.0,22.0,45.0,1.1953190476190432,0.893999999999977,1.4146413269528433,1.42349999999999,2.2402999999999933,16.769,52,136,75,1197.0,743.755,0.4720398518329296,3.409459898257382,251.0169999999991,0.3374995798347562,1,0.3896809232858113,78069,30422,0.15233850776164248,0.16329999975277235,0.1,0.18,0.02,0.37,153.47961418744956,200.7411905857603,49.28054220400797,185.5,54.375,158.0,274.5,0.08893688725446486,0.05972295798146113,0.0894005,0.09687724999999998,0.008492900000000005,0.16879900000000003,0.31810299839944445,0.19560441655200853,0.33255500000000005,0.3170575,0.048734,0.553357,5.146475798417362,6.65793801164329,4.859,8.175615,-1.4965499999999998,13.229900000000002,0.3040084226590296,0.2593274748772523,0.23859,0.18572999999999998,0.107142,0.5655870000000001,0.11545026094471106,0.03191024903672886,0.116695,0.04315174999999999,0.073482,0.15563900000000003,-0.37307974409111827,0.06796397993254925,-0.37642,0.08766499999999999,-0.4561,-0.28667,1.4483636986391426,0.595872352773652,1.4253,0.848875,0.646707,2.3519900000000002,-9.508363486950234,1.2484157458702974,-9.3857,2.1388499999999997,-11.205,-7.893009999999999,580.9258494137397,269.54879702255255,530.55,313.39000000000004,300.362,924.6720000000003,1634.3966801645372,436.9909307337425,1637.9,598.5,1057.56,2202.9,2546.113008701001,448.9676893880297,2562.3,566.7000000000003,1968.5,3107.0,1,0.6723576413179085,0.9141359078568564,0.45860613292503116,0.5815230064997787,0.9317275335715096,0.9322211346246791,0.1819325829080186,0.36842380112618944,0.4598169112509924,0.5831384687126475,0.7978897766814109,0.8618905958969907,0.42800147794034255,0.5429349000818811,0.5900697553589657,0.7110063956466585,0.7285571748327094,0.8969627822375359,0.3831953654871271,0.49683339901510143,0.4350892378359986,0.526625030720627,0.5355450175796757,0.7183664094527141,2.709406363955994,1.9889450059905502,0.08064120675966882,0.2234209264956696,0.4651241919020075,0.5982193489849155,0.5179199274129522,0.9096064421004877,0.015311330384484519,0.47170239310423046,0.6709168698860967,0.15014247142938159,19.942105666722146,3.4522205355722764,0.6996469169081938,0.9461233564754898,16.302807773203195,8.290565977349868,1.1966554983679734,1.6013432900472335,0.10109547906356003,0.7628114815921672,1
416,0.5705820895522412,0.5700000000000216,0.46167928873771347,0.8774999999999835,1.108399999999986,2.183999999999969,2.6375609756097536,1.789999999999992,2.2025393111165332,3.5950000000000273,6.311000000000003,9.230000000000018,8.841463414634147,5.0,8.73592179256057,12.0,22.400000000000034,37.0,0.9450401606425722,0.789999999999992,1.0995416087584566,1.1399999999999864,1.6177999999999715,14.575000000000001,67,164,86,1450.0,824.927,0.5243615495674158,3.352136119844649,235.31500000000048,0.2852555438238783,1,0.4263109263109263,86580,36910,0.203137039075399,0.22023342656807177,0.13,0.22000000000000003,0.02,0.47,125.91822591822591,110.76127065835817,36.068890925763625,97.0,39.5,79.0,174.0,0.07481900065503387,0.04894783688149145,0.07227549999999999,0.07636774999999998,0.011084600000000002,0.13827,0.290078703623896,0.16027254443719716,0.288405,0.24852249999999998,0.06521389999999999,0.47732,0.9727107745366298,5.734317605713172,1.2262499999999998,3.4411925,-2.9868299999999994,6.090969999999996,0.2539547270292089,0.24782198806900405,0.1712,0.1570225,0.0851084,0.5611929999999999,0.10054123316954755,0.031764850918109724,0.09291050000000001,0.046605499999999994,0.0658528,0.14616,-0.39072646843402875,0.06157559520478957,-0.39379,0.07777,-0.46579099999999996,-0.3155780000000001,1.3188993351395286,0.43993698306149814,1.2276,0.5157,0.8458749999999999,1.9860099999999998,-9.890397263614197,0.9212287708102782,-9.82825,1.3572000000000006,-11.197,-8.74948,596.6799405448306,263.4389961226466,578.0,304.8525,305.6,899.7260000000001,1578.8681128177598,406.5704214147485,1552.2,492.57500000000005,1059.5,2131.8,2525.9992830131423,427.76607780796326,2478.3,464.9000000000001,2015.6,3110.0,1,0.32294985208349936,0.6276230413271813,0.27877194984463394,0.5092803181947724,0.3276685850131464,0.5137916647167113,0.0512368839933073,0.19020405157017908,0.13196353202932037,0.31691638138240397,0.15314646326985898,0.3113653008310362,0.2113753024858577,0.39888836179399184,0.2780436919767349,0.4800296909261486,0.36132220217512545,0.494103974833467,0.1936989454226755,0.3302352143695543,0.022344154569357025,0.12113935430892525,0.19563952637240065,0.3439972030852605,0.7940268264680105,0.8851373759712865,0.014481120388813641,0.09235562244008882,0.3921599872520118,0.173332802167158,0.06895864871324994,0.8753485778025656,0.003744721536132579,0.43709664568560275,0.238333502578053,0.0703827278879043,21.933753913346386,2.1651061681564787,0.5119800766567525,0.636901116059886,14.064538756173897,3.3465149299030896,0.4183387897773374,0.5710229337054796,0.41150741580182115,0.9675482157292988,1
417,1.0084250000000001,0.9769999999999754,0.48538242075192023,1.361000000000061,1.559599999999938,2.530999999999949,2.4685393258426944,1.865000000000009,1.9413348532642223,3.3774999999999977,4.644000000000018,11.54000000000002,6.769662921348314,5.0,6.490077205516818,10.0,15.0,32.0,1.1368755186722008,0.8340000000000032,1.2438090944122298,1.3470000000000937,2.0909999999999798,14.776,40,178,64,1205.0,848.99,0.5175561549605998,2.7423759672280403,273.9870000000004,0.3227211156786304,1,0.3974771237405364,88629,35228,0.16415657036346692,0.17563189523712452,0.1,0.21,0.02,0.41,145.27976170327997,184.3744748495515,44.85324306463281,169.5,49.5,145.5,253.0,0.08988719396100545,0.048817412201203614,0.090513,0.05728749999999999,0.0236581,0.150923,0.3478122250094811,0.14885852286033124,0.38015,0.17435500000000004,0.108137,0.507469,5.357734915181703,6.6503202519470515,5.30855,7.806750000000001,-0.954458999999999,13.193,0.23983996456798565,0.18192263868570166,0.194295,0.15904499999999996,0.0967261,0.44453399999999993,0.10408979641705461,0.03046182182456539,0.10159,0.04282825,0.0671387,0.14538,-0.3648024616611787,0.06829957044462316,-0.36791,0.08970250000000002,-0.449959,-0.27735,1.5275083927557624,0.6151979205018479,1.4,0.9285499999999998,0.8241170000000001,2.4965,-9.74785727262405,0.9652574316774861,-9.6569,1.5260250000000006,-11.117,-8.5396,575.3233565620412,269.34584938000137,531.0,293.96999999999997,280.599,904.6540000000002,1582.4863771028567,426.9202208201197,1605.6,573.2,1011.1,2115.0,2539.1135523314892,474.81398268625384,2586.8,669.4749999999999,1890.3,3105.2,1,0.3717846524258652,0.5258766513066712,0.34594988298297497,0.4899507952026483,0.4548359048037727,0.5318283960128974,0.07461355563104469,0.24090868684023184,0.17903581280473188,0.38140032566855114,0.4859097936615778,0.5636051370950376,0.2808168751099033,0.46430874449577436,0.39659427108144835,0.5663404642044749,0.31251248145631844,0.45490337313198215,0.1293361129805771,0.2693952088699531,0.12936418351850373,0.28055197973912466,0.21254507641275674,0.34857334454680267,0.7856602507393494,0.7904177244357258,0.02506488246343218,0.11986051675437505,0.3750699384541603,0.5807689233474542,0.25165854048437375,0.4235073135640636,0.3866597394293022,0.4448485332907042,0.29885883829087545,0.08587251071671224,13.048373813777511,2.4953692778555174,0.7070970603576807,0.8175709281003901,19.872985394237702,5.546054425669346,0.5844240185056799,0.8565193852065299,0.21572658856389168,0.9600100288328944,1
418,1.0793684210526455,0.8359999999999985,1.157408700223761,1.320999999999998,2.581200000000012,4.94500000000005,2.5634934497816593,1.919999999999959,2.1979746584758617,3.170000000000016,5.180000000000007,12.20999999999998,7.135371179039302,5.0,7.3700691438663055,10.0,17.0,42.0,1.0520231023102318,0.7060000000000173,1.3255595453909939,1.220000000000013,2.0231999999999983,17.418,57,229,75,1634.0,1045.5800000000002,0.5614491478413893,2.7834559825565552,318.7630000000002,0.3048671550718263,1,0.4642630897623048,108921,50568,0.19198177676537587,0.21462125627871362,0.12,0.24000000000000002,0.02,0.47,145.0959869997521,193.86350063281125,44.102632595451155,180.5,47.5,152.5,259.0,0.12666094497135955,0.05786658348499277,0.13582,0.0687955,0.03339570000000001,0.19360300000000003,0.39407208776248026,0.15554199963919776,0.42924,0.14105499999999999,0.137377,0.5596160000000001,4.575446698471682,5.9812087448329505,4.027200000000001,6.9481075,-1.0427699999999986,12.094300000000002,0.24588349123495098,0.16715900415425772,0.20408,0.13859249999999995,0.11946700000000002,0.42718300000000003,0.1107787139831514,0.026808473658530688,0.110735,0.03402799999999999,0.07687139999999999,0.145,-0.39593517764198705,0.07349744121444622,-0.40087,0.0954625,-0.48766,-0.29972399999999993,1.4777767123477297,0.43606366696616394,1.4184,0.552,0.978635,2.1141,-9.262005865369403,1.1941034726204607,-9.12925,1.8693250000000017,-10.995,-7.7766,544.0383392565451,255.8586070703689,493.5,256.595,283.47,873.825,1550.9966560378907,402.46729873426426,1546.5,473.7249999999999,993.805,2083.0,2460.0183751025584,443.2456592983551,2464.6,529.7999999999997,1908.35,3023.3500000000004,1,0.35512799054853805,0.5113945505365802,0.36672738715661163,0.5314999903981741,0.6669908289903719,0.934179972390857,0.33280593136648706,0.4754643189223353,0.22525360427524072,0.3929510612370986,0.5938731410652769,0.7222721722723697,0.211211281953891,0.37964015574311993,0.2617907850896564,0.4047204354447942,0.5144030801165975,0.806149616697968,0.4755749282748874,0.5143132200161822,0.183331230368342,0.3418858953408785,0.4131469102552778,0.5536725897562443,1.2528130170479639,1.3122738069998798,0.1575528536348379,0.3103887901416059,0.3163148131790478,0.07561169507993994,0.35897888879074286,0.645172687925095,0.145128522215352,0.46329829520360394,0.4293287835817129,0.1328355365787481,10.123235049347421,4.285387734127291,1.0833473586618498,1.4699084471985477,17.47692223337173,7.974614567738963,1.2425993717061539,1.9979074924132731,0.11919332406119611,0.408843329253366,0
419,0.4242040816326496,0.382000000000005,0.351793827583995,0.646000000000015,0.9394000000000006,1.2760000000000105,3.033027027027027,2.590000000000032,2.2888598659061707,4.289999999999964,6.5320000000000045,13.189999999999998,8.897297297297298,7.0,7.594111747659408,13.0,20.0,41.0,0.7688623481781368,0.5659999999999172,0.9997457962729001,0.9025000000000603,1.3894000000000006,13.918999999999999,49,185,63,1646.0,870.26,0.6447613356927815,2.9334711553884265,189.9089999999998,0.21822099142784893,1,0.4961602118503807,90630,44967,0.21935121951219513,0.2119567801341921,0.15,0.22999999999999998,0.03,0.51,135.71665011585569,193.484410790135,40.03385525267745,181.5,45.0,156.5,250.5,0.09870461064394334,0.041494908514623334,0.097229,0.034337000000000006,0.04855100000000001,0.14698800000000004,0.3655521378271755,0.13658514768351834,0.36892,0.13890000000000002,0.18827,0.53379,3.7515581343151645,5.729376108283168,2.8504,7.18442,-1.7774799999999995,11.134400000000001,0.20395313926376232,0.15778121644358548,0.16348,0.13546,0.08381860000000001,0.360648,0.08812198951675673,0.030670711638129768,0.080726,0.041215,0.05545780000000001,0.13396,-0.3428410139213201,0.06963237295553015,-0.34399,0.09198,-0.43224,-0.25121,1.2302717237084972,0.44532374651190415,1.1191,0.5919300000000002,0.762132,1.8985800000000004,-9.132796882158026,1.0722255717634483,-8.9695,1.5631500000000003,-10.761,-7.8494,579.9756675628211,257.5091457595031,522.13,305.905,320.0,908.1640000000006,1581.342793350638,449.1386443633394,1604.6,595.8500000000001,977.0,2131.3,2550.1116353896286,490.9092030928394,2656.3,657.6999999999998,1838.8,3094.0,1,0.3809871336473009,0.5679917778663932,0.36958732748931455,0.5281020706847581,0.2307072899715055,0.37239133963558047,0.188087382855786,0.3289966623479185,0.17814007677695107,0.3704855732857965,0.26412002572423615,0.40025551299987405,0.2876321881035302,0.46460530935620936,0.22857052228114613,0.4505606765433613,0.2766805902327054,0.4135114788337766,0.07821935230330854,0.23689298629739455,0.29214770187589045,0.4188292375039889,0.20613196576697798,0.3524825128261414,1.5573647712521768,1.3651509225033303,0.0016460094981795158,0.030805200509990676,0.3350878581605192,0.7131945543770777,0.09517967389583663,0.9817555801804654,0.007361089124584455,0.4449501345575431,0.3242873098413578,0.09516645273620587,16.917810164157775,3.364806964255844,0.764141762064108,1.0212782492353323,22.80026693440092,3.927706614642264,0.5227956286254506,0.7974014698120038,0.26618027771240294,0.9349124033003543,1
420,1.86385483870968,1.7454999999999785,1.4995971485570612,2.5302499999999952,3.526000000000033,8.662000000000035,2.1808522727272712,1.6100000000000136,2.0158531102904274,2.942499999999967,4.650000000000006,10.730000000000004,6.1647727272727275,4.0,7.055873436247784,7.25,15.0,42.0,1.8211865671641814,1.4659999999999513,1.988979767979428,2.1814999999999856,3.20890000000007,22.384,62,176,93,1085.0,1011.6,0.37942862791617216,2.826772268973245,488.0780000000006,0.4824812178726775,1,0.2885526604315038,104889,30266,0.1805847255369928,0.19216053813375797,0.11,0.21,0.02,0.43,95.87277979578411,122.59860900019824,38.30787074212786,105.0,37.5,92.5,187.5,0.1293832024053271,0.07083440000460751,0.14581,0.12270224999999998,0.022497,0.21271,0.34215191810388884,0.7146091904452504,0.37209,0.24627499999999997,0.08229500000000001,0.53028,1.6757357090585807,5.914875967017594,1.7631999999999999,4.5500792500000005,-3.4987500000000002,7.62945,0.22591672111064892,0.17587011163298108,0.181925,0.11511749999999998,0.090367,0.432145,0.1070318078972874,0.022992346536275358,0.1061,0.02235224999999999,0.0817595,0.13621,-0.4305525041300469,0.056702988972706786,-0.43733500000000003,0.06913750000000002,-0.49551,-0.358735,1.4430162770105068,0.4811520997823128,1.4131,0.6372500000000001,0.83415,2.12365,-10.137676141544967,0.883106891489062,-10.158,1.3526749999999996,-11.278,-8.98425,625.1118721910648,321.99755722757556,591.115,422.01750000000004,241.76,1048.6,1568.4557295601082,458.73902076916596,1552.9,633.0999999999999,972.056,2175.7,2485.6817315249323,481.8349196754658,2502.0,614.7000000000003,1865.1,3098.8,1,0.228581252969409,0.46384693142374817,0.13628001061715228,0.3228113315308317,0.14015108076792554,0.312293001165084,0.05176377020410142,0.17761321027161586,0.11841423066854122,0.2886767016642835,0.3955264439327096,0.5062639537178615,0.15783605914577978,0.3096050668598811,0.1636177876569545,0.31470649650755467,0.1321472413826538,0.37208149606566376,0.11484651820429534,0.27720647207586435,0.1825251915450623,0.3265015306781216,0.10849501168371552,0.2832502762003871,0.9168447498424394,0.8580107872152938,0.0030789689727056774,0.044321988709748704,0.3285984389392544,0.8947011198914044,0.2675619333882775,0.991467494061182,0.06404227468851505,0.25835070538614435,0.20357916554238897,0.07531257115152858,21.50415040596585,2.3956531813926003,0.7738321851560114,0.849644580732445,13.002221513304416,3.6975648612768723,0.3910806649542575,0.615296520828012,0.4144126738794436,0.97579275198188,1
421,0.7639482758620683,0.6545000000000059,0.6290763185544339,1.0799999999999983,1.6286000000000285,2.955000000000041,2.7053928571428556,2.170000000000009,2.0867446510103718,4.0300000000000225,5.50200000000001,9.610000000000014,7.414285714285715,5.0,6.6375401147948025,12.0,18.0,29.0,1.235843049327355,1.0079999999999814,1.2085636575621252,1.6240000000000236,2.1935999999999924,15.543000000000001,58,140,84,1038.0,802.55,0.4719394430253564,2.7405578804240225,275.59300000000013,0.34339667310447963,1,0.3823536439665472,83700,32003,0.16294806517311608,0.16395448970933707,0.11,0.19,0.02,0.39,140.78853046594983,223.14587694903602,44.87806626048297,213.5,41.0,183.5,283.5,0.10281857726621818,0.05139055809659697,0.10195,0.05696399999999999,0.029708599999999998,0.16890199999999997,0.31368029242568823,0.12360278493307823,0.33101,0.111375,0.128644,0.443998,6.880654203839016,6.396238491212182,6.9884,7.277900000000001,0.0,14.085799999999999,0.23353821708033934,0.17851827017230304,0.19321,0.127895,0.108512,0.402214,0.11709513713164393,0.03822947833429582,0.12036,0.0633135,0.0635522,0.165558,-0.3411960629772209,0.06578184527839563,-0.33952,0.08765499999999998,-0.42875599999999997,-0.261232,1.3045577970815236,0.451539421423451,1.1819,0.5756049999999999,0.8605119999999999,1.9906599999999999,-9.77841916382839,0.9979770255948716,-9.7077,1.681000000000001,-11.178,-8.50494,600.8478945284421,248.859953872504,570.0,311.80999999999995,319.74,907.382,1612.2727287125817,451.5253294721143,1645.4,608.0,990.018,2173.4199999999996,2547.894178900815,484.48934361958584,2581.3,651.3499999999999,1879.8,3114.0,1,0.2079960382768855,0.4367786582363877,0.18649307528805867,0.3384523129247312,0.19888225209497204,0.3485956855776483,0.026284383990921787,0.1332259812990099,0.1375455554731145,0.3202799127005356,0.1532236771560754,0.3639709560740323,0.15436799799231843,0.3459491179775691,0.1915671943086592,0.39872458552659956,0.17947231053596369,0.35853252011074666,0.03688303068261173,0.15785229110069687,0.08663732733938546,0.23053036015267658,0.08029230267981843,0.33676939292693,0.9934920975034914,1.051186987841223,0.037949916419343574,0.16481518880771362,0.30909567039106145,0.1728788407821229,0.03059532122905028,0.3548795391061452,8.729050279329609e-05,0.3329696229050279,0.1907919399815443,0.0647265556220655,17.404345258980435,2.423353825957082,0.7307219584959945,0.8716191961053033,14.267974032632052,2.644231804363947,0.5091978377309471,0.8254629946579317,0.3155578791443384,0.9135802469135802,1
422,0.8574000000000009,0.6599999999999966,1.1568816015478822,1.0710000000000264,1.6164000000000216,6.444999999999993,2.587844827586213,1.894999999999925,2.19824140371911,3.532500000000013,5.646999999999982,11.379999999999882,8.313793103448276,6.0,7.864903451538449,11.0,19.0,41.0,1.283857938718658,0.9900000000000091,1.8881817297184458,1.4700000000000273,2.251999999999998,26.495,55,290,70,2411.0,1290.69,0.5814525563845708,3.2126319997334947,460.9049999999982,0.35709969086302534,1,0.40605120597028344,133461,54192,0.15981126511353583,0.16558313994502186,0.1,0.19,0.02,0.39,152.4490300537236,221.68506421612045,48.82550316011613,213.0,53.0,176.0,288.0,0.12678404301770557,0.0577028173997677,0.13042,0.0672215,0.0416222,0.19748,0.40040294242083146,0.15138907288801962,0.42165,0.1563875,0.180904,0.56871,6.841695631054971,6.348904347546362,7.0826,7.10615,0.0,14.039900000000001,0.2664835096967652,0.165142905581921,0.23563,0.16724250000000002,0.12474,0.45476,0.12650287019379244,0.03332749926946901,0.12713,0.04793249999999999,0.0825004,0.17033,-0.32500377874963093,0.0763579571130206,-0.326755,0.10507,-0.42352,-0.22528099999999998,1.4713327826985534,0.5920601181685863,1.4119,0.7745,0.6927110000000001,2.48329,-9.363137686374372,1.064858688602478,-9.2546,1.585124999999998,-10.938,-8.0371,599.1320519829677,263.2640355457206,560.06,313.97999999999996,302.408,936.132,1618.3084987871641,479.9053574864917,1646.2,705.8,969.8240000000001,2212.7,2562.6245360809257,497.2433459758609,2598.3,656.8000000000002,1914.8,3190.22,1,1.4612384576979374,1.9850420880963975,0.5806580562341982,0.7677988834338058,0.8870784657351963,0.7727465909087192,0.35367903060545575,0.5568173438417159,0.0902725520425815,0.2501449733605614,0.44635569697937455,0.5584264327211007,0.14298579771124417,0.3011832967333029,0.36674550408516304,0.5140615511861996,0.2053495893013972,0.3415205137803754,0.14046497902860944,0.29579569405750117,0.12763806759813706,0.2844427367168605,0.27899576811709914,0.4151492667277943,1.0511470262674651,1.0201740279017448,0.03589842118429807,0.14720894640087753,0.33884231536926146,0.8868396540252828,0.24236859614105122,0.3022222222222222,0.02163672654690619,0.5613838988689288,0.4406076723277255,0.08369282998692104,11.253850257523293,3.490603419101908,0.7582030507851308,0.8633072692126557,11.463079466996232,5.436261117393445,0.5669227388524282,0.6795709425655577,0.25917321144473343,0.9721771273008816,1
423,1.722566666666668,1.5460000000000207,1.1855347227681168,2.3552500000000336,2.9624999999999946,5.963999999999942,2.446836158192088,2.1999999999999886,1.2598094830599713,3.25,4.331999999999994,5.990000000000009,5.68361581920904,5.0,3.711550520312838,9.0,11.0,17.0,1.3731906614786027,1.0599999999999454,1.3379121019117708,1.7059999999999604,2.6629999999999883,16.856,60,177,81,1006.0,946.8,0.4574250105618923,2.3228428271260038,352.9100000000009,0.3727397549640905,1,0.4097659427056662,99591,40809,0.18482336956521742,0.21457040320632362,0.11,0.22,0.02,0.47,133.0240684399193,186.80310715773481,42.70042591416744,175.5,37.0,151.5,247.5,0.07596143641677185,0.05098164437541605,0.081201,0.07917199999999999,0.00923346,0.13649200000000006,0.329078825076934,0.18095153646168005,0.36137,0.29022,0.06653680000000001,0.5430500000000001,3.7715979916509843,5.682081591146411,3.6181,5.59215,-1.6938599999999997,10.567200000000005,0.32535968779382246,0.31245962568683555,0.21708,0.24831000000000003,0.10542,0.7067060000000008,0.1103013194952094,0.03510343699353642,0.10695,0.053792999999999994,0.067391,0.15930200000000005,-0.3357370201889779,0.07000054437905348,-0.33876,0.09416000000000002,-0.422952,-0.24434799999999995,1.3565438337131515,0.42990061686137654,1.2625,0.5323,0.9134260000000001,1.9885400000000009,-9.334415021196305,1.1976872142060528,-9.1449,2.0310000000000006,-11.091,-7.85438,619.2242437910106,271.9421866912741,573.81,330.19000000000005,324.53200000000004,965.93,1615.6527466663986,445.44511590318547,1631.9,639.8,1026.66,2177.9,2587.639920918034,510.0540252315789,2613.4,724.6999999999998,1910.5,3243.5,1,0.3306483850790151,0.5097838110155816,0.178457548768835,0.32884873810067583,0.24618477401690558,0.39617701651095194,0.1391130478500551,0.31247835137497887,0.2767695137816979,0.4089071238303595,0.29440579588386623,0.39667926866910946,0.4045945680264609,0.47581205129931714,0.3250205491363469,0.4831787493347376,0.409194435538405,0.5111998329526404,0.26080526185226016,0.3844548939023009,0.29687676857772877,0.4127893793675329,0.25556229533259833,0.41574004978097806,1.2237206800073501,1.1464631288690224,0.011792834987137082,0.08085491906294359,0.32296949650863654,0.4731348768834987,0.14178610804851158,0.722454979786843,0.0004410143329658214,0.3590959206174201,0.3323676042027616,0.08510637056016129,15.171679564048208,3.337225849722397,0.6687934929663953,0.8277771078539,6.835986752334361,5.46502521716533,0.6316357758773485,1.0139649000532072,0.2968348388044356,0.9112613517192137,1
424,0.7748599999999961,0.2449999999999477,1.4993604637978204,0.8237499999999898,1.4562999999999826,7.5120000000000005,4.042078651685391,3.375000000000057,2.91717591895459,5.875,7.580000000000002,18.420000000000073,13.98314606741573,11.0,11.02320061960285,20.75,27.30000000000001,66.0,0.903180722891566,0.5200000000000102,1.791495887107749,0.8870000000000005,1.7258000000000047,20.56,50,178,72,2489.0,1025.15,0.7018387553041014,3.459394849129246,224.89199999999994,0.21937472564990482,1,0.5276421157628283,106269,56072,0.17880102040816329,0.19045569332894133,0.12,0.19999999999999998,0.02,0.42,177.0601021934901,180.24473890711943,46.49934136594993,172.5,54.0,130.0,242.0,0.08892706010372735,0.04512074311929602,0.08806800000000001,0.046394500000000005,0.0266044,0.14481,0.3077361054000749,0.13711633811919666,0.3128,0.15016,0.108261,0.4792,2.058535374341584,6.057453480370039,0.976565,6.394299999999999,-3.5186499999999996,10.022,0.2049809046291786,0.1812847202031036,0.15361,0.159691,0.0666318,0.402639,0.10311784251587244,0.038131368755311416,0.10199,0.06561149999999999,0.055441,0.15401900000000002,-0.366302728796904,0.08111574826224455,-0.37209,0.10419,-0.46499,-0.26008,1.0942121288700244,0.48208550725314286,0.95535,0.6443275,0.60511,1.82299,-8.821025524325867,1.3296548693224377,-8.6652,1.9739249999999995,-10.801,-7.1677,531.6102278007361,261.4751868677202,455.36,276.58500000000004,293.15,868.17,1604.3873309109395,451.85757339188933,1617.0,638.1999999999998,989.0,2181.6,2563.636534156696,469.9372978145756,2640.3,636.2000000000003,1913.0,3105.4,1,0.6236737022133632,0.725454259698278,0.5031601808479714,0.6012779803152829,0.7371636434948714,0.7942377996897647,0.29119231838378806,0.41851107484132105,0.2635257728914912,0.4376953615323836,0.7058308331049375,0.7427840282352343,0.30771705909223035,0.4715024448755194,0.3609023827083592,0.5046024581688683,0.32540102533117393,0.4697586645451102,0.28106504177567376,0.4045422845763875,0.33178183422615337,0.44793444331071963,0.5856996652547652,0.6738110136806529,1.0998015153440472,1.089003624557002,0.04738543598687761,0.16751978136900605,0.26660022424317925,0.7857647107678253,0.31323450022839583,0.8548648311947178,0.5214484448320252,0.4069598438603048,0.46173574361826447,0.16489896551079733,11.868772957789393,3.3734162083573036,1.5098118186014566,1.6057899367369017,0.6625345189087576,5.653056017114337,1.5230084701272493,1.7860071364302945,0.04904970760233918,0.823928567694447,1
425,0.9221739130434754,0.9499999999999744,0.6760475383448188,1.386749999999978,1.7345000000000255,2.539999999999992,3.0984343434343447,2.545000000000016,2.483670319464769,4.464999999999996,6.48999999999997,10.900000000000006,8.757575757575758,7.0,7.5372353920633195,13.0,19.30000000000001,38.0,1.390045112781953,0.9949999999999477,1.5833254899064146,1.5390000000000725,2.254499999999979,14.401999999999997,46,198,69,1734.0,1120.1499999999999,0.5476855778243988,2.8264519389069087,369.7519999999995,0.3300915056019279,1,0.4100745590107292,115479,47355,0.17985187998480823,0.1901022594797908,0.12,0.21,0.02,0.44,136.80409425090275,204.6610706366804,44.989825028696636,192.0,39.5,169.5,269.0,0.12495117797473235,0.058148099288834035,0.1257,0.06515599999999999,0.0386874,0.19887599999999997,0.41047734297330585,0.1598082971810905,0.44449,0.17310000000000003,0.15013,0.57831,6.951398192463829,7.011269716810164,6.7452,8.254249999999999,-0.007779819999999961,15.157799999999996,0.2802615695285693,0.171054160535796,0.24796,0.19089500000000004,0.12166,0.47747,0.11041173029458347,0.027774004863957435,0.11058,0.03905449999999999,0.07455,0.14559,-0.37347548241790735,0.07161832478747752,-0.37712,0.08915500000000004,-0.464496,-0.28119,1.5798289785661492,0.48400415134383673,1.5466,0.694,0.9749420000000001,2.2858199999999997,-9.699799140534262,0.9730219802026311,-9.6133,1.4589499999999997,-11.087,-8.49394,562.3047268789157,276.553225788641,511.9,363.19500000000005,274.188,927.502,1549.0931266475445,461.7065205859967,1589.3,673.4000000000001,896.466,2115.7,2466.3438444873873,464.25403906204957,2505.2,612.1999999999998,1845.2,3025.3,1,0.3817214848648811,0.6468903498469379,0.16513056737908438,0.31444275291324875,0.25114780376950135,0.3692307976496063,0.022289810502900773,0.11707884158197636,0.0416567519764331,0.1773781420742163,0.22998747846213966,0.3530184979773516,0.04722974737728079,0.1809778136303397,0.08665026287311751,0.25938244214764344,0.19130936032705081,0.3379071325092927,0.09205102353683832,0.23065220509034567,0.024049332221120028,0.12059980147968727,0.23608447542609795,0.3590557348633038,0.7087122685844831,0.6947122041534496,0.012050872335948537,0.08442102294175001,0.24757266961252894,0.10115129106922777,0.028707127183094358,0.9924850452400277,0.002134247151832146,0.313584032224126,0.17786223140263407,0.07410822328245915,12.858930415853129,2.736174091706909,0.832147507525412,1.076131540711498,9.56576400167583,2.5073585611635276,0.32380638368888776,0.49048468402916456,0.4163194340357924,0.96204248931994,1
426,0.9407704918032767,0.9119999999999919,0.6825504099186352,1.2789999999999964,1.7079999999999984,3.132000000000062,1.513911111111111,1.1299999999999955,1.2122239584466625,1.9699999999999704,3.009999999999991,6.619999999999948,5.302222222222222,3.0,5.009080150149055,8.0,12.0,30.0,1.0843377483443712,0.9499999999999886,1.2258077368740832,1.2699999999999818,1.8494000000000201,19.207,61,225,78,1193.0,815.5699999999999,0.4176588153070859,3.502333910694889,327.47000000000014,0.4015228613117208,1,0.2919000933706816,85680,25010,0.12852004110996917,0.1288791464421817,0.08,0.15,0.02,0.31,136.27450980392157,136.33802479008398,41.755961842558804,118.5,58.0,100.5,206.5,0.07857348259664171,0.0608834784076442,0.071487,0.10028799999999999,0.00319184,0.16254100000000002,0.24829742961060378,0.16980735287692142,0.24454,0.295496,0.017515300000000004,0.4462150000000001,0.6823584152458617,6.533151573973915,0.31314,4.763325,-5.48813,8.316360000000001,0.26179489381951615,0.23713145215183912,0.18838,0.188705,0.06876689999999999,0.5633930000000003,0.09810337773570572,0.030105526036199638,0.094765,0.04140274999999999,0.06276870000000001,0.13973200000000005,-0.4288563092363055,0.06314874583783828,-0.435995,0.07926999999999995,-0.503324,-0.34768899999999997,1.4229646845261896,0.6145434794061738,1.3118500000000002,0.9043950000000001,0.73398,2.4962,-9.993712039184327,0.9031221437289657,-9.93975,1.5005999999999986,-11.223,-8.8427,559.1960163603885,277.93072235183166,518.425,343.44,270.01099999999997,892.9520000000007,1533.7590845514408,445.93784153218365,1518.7,589.0999999999999,959.981,2133.790000000001,2485.585680427778,464.5449726245204,2510.95,546.125,1860.91,3062.0,1,0.5867743619639633,0.8439452846930205,0.2389954871267168,0.397905367924104,0.4320510242345332,0.5494721473020485,0.09952718438405646,0.23589076694080796,0.1447439234323155,0.35225515021871906,0.2623275069931538,0.42318337080352264,0.20375290007980176,0.42001903040207234,0.13644723722121885,0.3507451715442788,0.2859371210466631,0.5249327064358323,0.060094027258599685,0.20861441328062233,0.059246881137385014,0.24530809724552885,0.22851268780713174,0.4307500642128261,0.9036743431895502,0.999888352290375,0.07069646679826956,0.21650534953109743,0.48334663362593977,0.08530387668528708,0.06669746734428157,0.9583770842958546,0.003486076693687261,0.5032550716115755,0.26519865376238283,0.08148984821728592,22.406539101581505,3.4264086830800213,0.5170711226818676,0.7695345350575686,19.330230313118232,5.64833510367412,0.5879681040123741,1.1220416665777917,0.2706383689839572,0.9295959124390496,1
427,0.8569166666666674,0.6814999999999998,0.5832368955997954,1.2342499999999745,1.5297999999999323,2.2820000000000107,1.5279620853080604,1.25,1.0712109984974074,2.1400000000000006,2.930000000000007,8.240000000000009,5.018957345971564,4.0,4.32118344912875,7.0,10.0,33.0,1.1931487889273351,0.9099999999999682,1.1409293131412808,1.5069999999999482,2.3600000000000136,13.523000000000003,60,211,79,1059.0,814.9,0.395631365811757,3.284739454094285,344.8199999999998,0.42314394404221356,1,0.3075934847442074,87180,26816,0.13688616641143442,0.15555234394749523,0.07,0.15,0.02,0.36200000000000043,134.8245010323469,175.75449358591885,42.348647941730675,162.5,42.0,139.5,238.5,0.09745191941937463,0.052496141020639125,0.0994165,0.06716225,0.0222275,0.163225,0.3446494136977999,0.14712238088243437,0.38100500000000004,0.15817249999999994,0.093055,0.497115,7.526399114437238,6.90608948377005,8.16085,8.152125000000002,-0.017496,15.229,0.22176435062473898,0.14683419772769607,0.197235,0.12299250000000003,0.09765299999999999,0.373025,0.10742119288372613,0.028820386076333436,0.10671,0.0398975,0.07134399999999999,0.14521,-0.4015027272523866,0.06021896086148997,-0.407485,0.0851325,-0.47441,-0.32372500000000004,1.4292844052058475,0.6024903355616595,1.4011,0.699525,0.456015,2.3674,-10.34950643272673,0.7955804460628297,-10.26,1.2189250000000023,-11.506499999999999,-9.3653,657.4060987195815,275.1478952847575,650.4,345.54499999999996,272.34,977.212,1632.7345815119493,450.18046685116997,1672.0,612.45,1004.1,2172.0,2562.322898610585,462.8783570302838,2613.0,643.4500000000003,1946.88,3120.6,1,0.552367675281514,0.7123607067107797,0.22858710439474508,0.380616032350721,0.3796156228495465,0.5396870599483632,0.34588132225523927,0.5146269845540667,0.1926120669768533,0.3647893873793867,0.31088190483265565,0.435323367769112,0.27850915451986236,0.4411943417303938,0.22309094377541447,0.4018323261555027,0.3611337074601189,0.49636097654571715,0.15816385161870505,0.3195152575084374,0.32726662863622147,0.42828479131877917,0.2215700003909916,0.3735503027927125,0.9444724837738505,1.056414252041945,0.009129447020644355,0.08064681516255359,0.456717234907726,0.16953393806693776,0.10275258054426024,0.05153268689396309,0.16820456678135753,0.28182671254300906,0.3238058509847402,0.11506960334310849,10.19647858916019,3.707570031742373,0.931735288804376,1.1839996354063294,17.198427608695805,4.525247462293091,0.6041459484893102,0.7286683903118667,0.1623226915712555,0.978307970737427,1
428,1.1343906250000009,0.9294999999999902,0.9585908051859832,1.6927500000000038,2.0499000000000027,4.312999999999988,1.91876923076923,1.4750000000000227,1.609562298545604,2.690000000000026,4.209,7.480000000000018,7.538461538461538,5.0,7.309797267686331,11.75,17.200000000000017,40.0,1.39331308411215,1.0414999999999992,2.045390443296766,1.7182499999999976,2.539900000000035,25.709000000000003,64,130,85,980.0,671.35,0.3715498622179189,3.9288005131494566,298.1690000000001,0.4441334624264543,1,0.29001562278085496,70410,20420,0.16142292490118576,0.20926870359537383,0.07,0.18,0.02,0.42,107.79718789944609,137.9800930460333,34.76262773247952,125.5,31.0,109.0,194.0,0.09701646554882468,0.04666585760923934,0.10287,0.0447115,0.0234077,0.1467850000000001,0.36157362350156713,0.1576771082445873,0.39751,0.1621125,0.0956891,0.5220930000000001,1.6608423955675757,5.326118142337471,0.734205,3.9499025000000003,-2.5514200000000002,8.426780000000003,0.19168851778423115,0.15072247858761156,0.157835,0.1121225,0.075298,0.3452080000000008,0.09091499808334966,0.02839891647209532,0.0835195,0.037031750000000016,0.0618412,0.1323,-0.4005155952938296,0.05998451810009586,-0.399655,0.0771,-0.477971,-0.33108599999999994,1.2655228574926543,0.4674467751918666,1.1364,0.6046549999999999,0.7717280000000001,1.9990200000000005,-9.740770239960822,1.0915590649176792,-9.5459,1.6743749999999995,-11.432,-8.45328,620.8381795059028,269.30982781477127,601.0,374.0,305.91,958.13,1607.2314692219177,417.82464403610703,1609.0,571.0999999999999,1047.0,2143.9,2509.7347328493697,432.9465083714506,2513.6,562.1500000000001,1964.7,3058.3,1,0.47797268804446585,0.749347909241377,0.36046667617978734,0.5744650912952313,0.46454528117150345,0.6023369190938691,0.1946186052054941,0.35409443195103446,0.343908177435733,0.5057338039757048,0.48399548206937093,0.6785529385683813,0.4179639361872695,0.5626621914090935,0.4769892690396023,0.6811092792444747,0.7661024560953449,0.8307641590713934,0.17013096408529743,0.3052536895519397,0.26400189343167124,0.3980098812323301,0.3047995644807867,0.44447587410993755,0.9276906576345466,0.9457991861107649,0.062171594944150504,0.19525810698660606,0.24675324675324675,0.5611672278338945,0.1282667949334616,0.4409171075837742,0.07391374058040724,0.43803110469777135,0.4082398032860731,0.09897639149805298,21.505097708931746,2.9436835950936757,0.6372458759462709,0.8643859662871395,17.66073461788569,6.228515657073539,0.7028812529039316,0.9844430877454731,0.19877675840978593,0.9246777425411401,1
429,0.770556962025316,0.40399999999999636,0.9708982627591518,1.1810000000000471,1.9803999999999975,4.511999999999944,1.9472037914691924,1.329999999999984,1.8311440111986412,2.814999999999941,4.570000000000007,10.199999999999989,5.5829383886255926,3.0,5.625474631138951,8.0,13.0,30.0,1.1837152103559867,0.8999999999999773,1.4420676374561685,1.5300000000000011,2.42679999999998,19.46,79,211,99,1178.0,914.58,0.449233527958188,2.8671566957114374,365.76799999999986,0.3999300225239999,1,0.26141763532495743,95751,25031,0.12836410256410258,0.14833759398175897,0.08,0.13,0.02,0.31,122.19193533226807,149.51530102672686,41.690396676108236,137.0,48.0,110.5,215.5,0.11150656298005472,0.05828528981254676,0.11894,0.0786065,0.018108,0.18106,0.36116291306390474,0.16404949449767814,0.40036,0.173975,0.0728,0.53103,3.4091589254693373,6.211775200565905,3.0918,6.976,-2.5797,10.786,0.2238661665270984,0.16604251786687207,0.18941,0.12825000000000003,0.08061,0.40416,0.10539639917949742,0.027134855566152232,0.10481,0.035255999999999996,0.071912,0.14001,-0.39397949785066516,0.06928307105746802,-0.39028,0.09877999999999998,-0.48792,-0.31395,1.487215592265591,0.47837347398744995,1.4208,0.6880000000000002,0.93697,2.2106,-9.724637573408973,1.1310796929445186,-9.5683,1.8066499999999994,-11.417,-8.3379,651.0634538972732,312.5875110782827,618.165,445.335,301.62,1050.3,1599.8312142857142,435.95732783325974,1589.65,560.5999999999999,1027.55,2184.1499999999996,2503.729753794375,454.5082788416711,2522.6,528.5250000000001,1899.35,3073.5,1,0.597262372157691,1.0105647257864558,0.4400338054206265,0.7474679399464643,1.1378752103836678,1.3529259350227145,0.3190635222104893,0.5827824044090746,0.20412582833509327,0.3966098129442753,0.45012623382611755,0.5309273060884763,0.2345351491728265,0.424220301547436,0.3224383329461457,0.5340187690032843,0.5788552449137627,0.6603758812235999,0.22753837831749382,0.3790514624240336,0.1561558362900387,0.36483930701363354,0.37274185561422035,0.554263004474676,0.9192574178458288,1.0539108649268814,0.1453433504751848,0.2859258899540811,0.4940161914818726,0.3099964801126364,0.33625483984512494,0.9167194649771208,0.002675114396339317,0.4257303766279479,0.4360966098506562,0.10380712246622047,17.372227598504622,4.955922686979006,1.1126710626121834,1.6542166004391823,6.508881460896168,3.586858895548378,0.5201573608085098,0.5643831006864785,0.2749762800014056,0.9901134860405207,1
430,1.2233018867924463,0.8770000000000095,1.155727584029634,1.9360000000000355,2.926400000000013,5.020000000000039,2.5851935483870987,1.7700000000000387,2.314170713575662,3.7350000000000136,5.548000000000024,14.439999999999998,9.303225806451612,6.0,8.852463986169658,13.0,21.0,44.0,1.2484217391304357,0.9194999999999709,1.333355557934652,1.660000000000025,2.4455999999999904,16.693999999999996,53,155,76,1442.0,830.13,0.4827015045836198,3.598657366391732,287.1370000000002,0.34589401659980995,1,0.3009826252489574,90879,27353,0.14291013584117032,0.1542055694540919,0.09,0.15,0.02,0.33700000000000047,126.36582708876638,108.79230797353124,37.21215099512287,96.0,37.0,74.5,175.5,0.10525936936916976,0.055261924769806015,0.11335,0.08313300000000001,0.0186556,0.172,0.2925726544459767,0.1322887114604734,0.33287,0.16981000000000002,0.06581060000000002,0.422358,1.2699578551190362,5.0498811952086555,1.0712,3.30723,-2.5493999999999994,6.154159999999999,0.18416799333512593,0.14930450859467673,0.15167,0.09042,0.06340280000000002,0.33846599999999993,0.1000372272705005,0.02551473973123657,0.10023,0.029241000000000003,0.0688438,0.13176,-0.3929610151354513,0.057336010391977145,-0.39321,0.07678000000000001,-0.466418,-0.322992,1.408165861879867,0.5198475117174762,1.3636,0.7295,0.7546600000000001,2.1673199999999997,-10.082478832303588,0.9150363083979449,-9.9946,1.345600000000001,-11.433,-8.94472,639.265965485167,300.1061166252573,590.29,362.59,303.8,1032.8600000000006,1577.3730591667127,436.1615381722789,1509.7,616.5999999999999,1055.0,2198.1,2506.495177940448,427.71180410925564,2445.6,537.0,2017.84,3088.7,1,0.7571711156584964,1.0435933990029047,0.5404782303800315,0.7361632448627466,0.6473998778577318,0.7670751136154579,0.06389674413462258,0.20767795687514357,0.36822959684431456,0.5074472671807377,0.33587727509182225,0.4915809855251617,0.4338147520425755,0.554872036789582,0.470934110636384,0.6718680753206112,0.7029060098193538,0.7809754951183301,0.27520185016115734,0.385692137841597,0.14177412015591034,0.2904346816854489,0.3536837580016491,0.5149280995796952,1.6071992367138894,1.5433715101361634,0.0554236908777453,0.18104192041423853,0.33895510081703023,0.33460760062963796,0.18874147365264973,0.9340379281912901,0.0007870474477175624,0.4845963570946706,0.482427883455406,0.10323589307800629,20.529856598016018,4.049238087808158,0.7082880194128934,1.0790571229438097,10.346444132764915,5.188835584086617,0.5979644103374219,0.908409152341897,0.346384872080089,0.9857198748043818,1
431,0.7234262295081901,0.7250000000000227,0.5555240461666683,1.077000000000055,1.4449999999999363,2.440999999999974,2.538369565217396,1.9649999999999892,1.8771884004962787,3.3474999999999966,5.232500000000016,9.120000000000005,6.268115942028985,5.0,5.282648456143484,9.0,13.0,25.0,1.1941288888888864,0.98599999999999,1.1080231631397968,1.4580000000000837,2.2201999999999997,12.894999999999996,61,138,88,865.0,780.41,0.4488602145026341,2.469347264448532,268.6789999999994,0.3442792890916306,1,0.3496324014440087,83379,29152,0.15222976501305482,0.17162406378681855,0.09,0.17,0.02,0.37,137.80448314323752,186.3556531284303,46.89593992161955,170.5,57.5,142.5,262.0,0.12786397629496568,0.06584524135042287,0.137845,0.09452875,0.026567400000000012,0.20722900000000002,0.38499100657359014,0.1676300483102752,0.43611,0.2107150000000001,0.104561,0.55379,6.380177734884228,7.216572128623917,6.5501000000000005,9.788924999999999,-1.299609999999997,14.888700000000004,0.26626445717182357,0.1695394907392972,0.23479499999999998,0.15509499999999998,0.11703500000000001,0.4603840000000001,0.11621666147091109,0.024841496585192965,0.1168,0.03132999999999998,0.08605280000000001,0.14707900000000002,-0.39138296998490674,0.0735969410297812,-0.39065,0.11130250000000003,-0.48994899999999997,-0.30073199999999994,1.582043489640505,0.49119003844444853,1.5585,0.7023249999999999,0.9707960000000001,2.2829900000000003,-10.41040034302964,0.8901658034067401,-10.506,1.4028500000000008,-11.518,-9.16531,619.5757034302284,304.01887369583255,580.83,411.675,253.61500000000007,1021.5,1604.0184374473615,437.4457498790575,1605.4,605.9000000000001,1039.0,2162.2,2537.321501552085,454.8575009552506,2570.0,601.5,1938.0,3084.3,1,0.6216969333996024,0.8743993875648138,0.4010166729622266,0.5433300520601277,0.830004602385686,0.7450160152257496,0.12233489551579413,0.2821800599208661,0.20316859421250277,0.33308262463782623,0.2902890498122377,0.406023410892745,0.1835340123702231,0.3115805600663712,0.09051671758338854,0.2214961113561192,0.4190309761431412,0.5075957175174652,0.11292205478241661,0.2595830687245071,0.19194029401369558,0.38382877251709524,0.6626102461895295,0.7906627703621907,1.131971441904131,1.137196971729126,0.0013254469847581178,0.028564617605536483,0.5688093660260658,0.9869670863706649,0.08195272807598851,0.981334216920698,0.2324939253368677,0.3650320300419704,0.37588299558995236,0.1473361593078853,8.685915031277583,2.609782537499931,1.2986752465296985,1.3692869108824848,18.735688116391806,8.55384540343137,1.2054121173162249,2.0269398601589828,0.09408127208480566,0.3619649066709301,0
432,1.0888142857142864,1.065499999999993,0.8813148665951562,1.5415000000000276,1.9632000000000178,4.5779999999999745,2.0525797872340403,1.4950000000000045,1.812735346133946,2.825000000000003,4.731999999999974,9.991999999999962,6.718085106382978,4.0,6.602730943151516,9.0,15.0,36.0,1.3005978260869582,1.1299999999999955,1.2989926230094424,1.6062500000000028,2.0544999999999902,17.314999999999998,70,188,89,1263.0,882.36,0.4373328346706555,3.2729958407297546,358.9650000000005,0.40682374541003724,1,0.2288040516716351,93591,21414,0.10158444022770399,0.11455281416959744,0.06,0.1,0.02,0.23,135.14119947430842,117.32686560194266,40.31190581404549,100.5,47.5,82.0,186.0,0.08993318542394228,0.055450239402690796,0.095025,0.08411224999999999,0.005502750000000001,0.158587,0.3109162885027552,0.1883009077686401,0.328405,0.28808,0.019442600000000004,0.562794,1.6020881129519473,6.223821131826596,1.18125,4.721257499999999,-3.4227599999999994,8.44905,0.20651523434645558,0.17310947648450595,0.17015999999999998,0.13461999999999996,0.016382,0.396255,0.10137064559353694,0.029598885937108146,0.098247,0.038201,0.0675632,0.14186700000000002,-0.4379917983562156,0.06738350267136152,-0.45729,0.087505,-0.50796,-0.33326199999999995,1.4952209825347904,0.6498118243393715,1.42415,0.9069500000000001,0.5734790000000001,2.4965,-10.480597464275709,0.8110270094921171,-10.442,1.2660999999999998,-11.571,-9.44206,630.8895670920031,322.14206472720434,604.34,409.91,223.90600000000003,1055.9,1563.4263245808088,436.2404768592892,1531.5,584.2,1033.1,2156.8,2472.58490002458,471.74843949592537,2448.2,601.3999999999996,1905.9,3099.4,1,0.44979581066140173,0.641863054104778,0.5578384558736427,0.5206803174387863,1.2677963646594275,0.8104798054089066,0.2694306469891412,0.3870671498447809,0.1914308783810464,0.31052699754219,0.8355932728529121,0.7225432962036274,0.38083483553800596,0.4117842543391648,0.12482586199407701,0.2674354343067426,0.6141809285291214,0.5411461217101875,0.1723655502467917,0.3029351890622793,0.21968422388943729,0.39743199431456366,0.3921773200394867,0.5974115908680221,2.160627273840079,1.286764605730435,0.005891162290227048,0.06030907522449078,0.15597235932872655,0.46831194471865745,0.3119447186574531,0.32458045409674235,0.06377097729516289,0.2284304047384008,0.5458908989846284,0.14724684997743173,10.418501506095454,2.5300802112347305,0.6856440358822401,0.8691240254974817,27.574626374809295,4.406230819469277,0.9688510933979247,2.030987292777694,0.17990562327959103,0.18090625259683987,0
433,1.329442307692303,1.2740000000000293,0.7086937988424552,1.8779999999999433,2.115599999999995,2.9050000000000296,1.974333333333334,1.7750000000000057,1.2921565522627443,2.629999999999967,3.5729999999999498,8.139999999999986,6.153333333333333,5.0,4.641460498114312,8.75,13.099999999999994,27.0,1.2964487179487159,1.120000000000033,1.1798792888507854,1.6544999999999703,2.1228999999999987,15.384,52,150,85,923.0,748.105,0.39586689034293326,3.116663852777308,303.3689999999995,0.4055166052893638,1,0.3095647836388577,80190,24824,0.20116693679092384,0.2176516025812259,0.12,0.24999999999999997,0.02,0.5,92.33071455293677,98.22772317112472,23.474897781471444,90.5,9.0,84.5,121.0,0.10340139665056396,0.04334110478985362,0.111885,0.03949725,0.0326178,0.14715400000000003,0.3530585819525056,0.13789982815334365,0.38691,0.09159500000000004,0.118453,0.47253,1.4825890335124476,4.37533575032661,1.23035,2.8454,-1.09486,5.514340000000002,0.1506642805123026,0.1263578600220727,0.11557,0.0732965,0.0743259,0.26180900000000007,0.09160473683032548,0.020929815684123963,0.0880525,0.017289499999999985,0.07255829999999999,0.11862400000000001,-0.3979612540283597,0.05220820698855961,-0.39748,0.071965,-0.46494399999999997,-0.335043,1.1736973694811472,0.42332914343403344,1.0347,0.46928250000000005,0.779655,1.82884,-10.123590791169836,0.8697973769131896,-9.9273,1.1684999999999999,-11.558,-9.1434,643.6437010489947,296.9060409949421,600.005,365.13,319.7,1031.7900000000009,1605.3775062365912,404.27561752702974,1573.6,553.125,1110.01,2139.8,2514.8021133313373,437.11833794754875,2483.3,547.4500000000003,1990.31,3093.1,1,0.18755357204831577,0.3679305213138094,0.19412440264545763,0.3426716710337371,0.14366964567029603,0.29263619414518144,0.05532988018883974,0.19640189365483118,0.11785794687818989,0.2677745941427122,0.20967010802994218,0.3575772475500326,0.21150313371895202,0.3638924545738662,0.1302281477968697,0.2843766958204513,0.28280251122830896,0.41454331589322985,0.0304524034960871,0.13559760188502226,0.024490468484178293,0.11987145832007758,0.16872588818475673,0.33044399840231464,0.784903453087785,0.9334359494443784,0.010809902135079957,0.07864595166956181,0.38499489622320515,0.029261653623681525,0.12329874106839062,0.98549676760803,0.0012759441987070432,0.36270840421912215,0.18229439025664707,0.07294439432302205,20.46099199611302,2.4817822102873026,0.7374885911958549,0.8831056712352181,14.756188008643887,4.449560316209881,0.4363665309376177,0.569986753340307,0.30623994581322495,0.9805030139264187,1
434,0.6145102040816326,0.30299999999999727,0.8163496930387385,1.1319999999999908,1.7027999999999994,3.5579999999999927,3.5698552631578933,2.3850000000000477,3.1668550827305295,5.602499999999964,7.960999999999957,15.015000000000043,11.324561403508772,8.0,10.78497624137074,16.0,26.0,51.0,1.1513046357615904,0.9099999999999255,1.2783671730185189,1.480749999999972,2.1145,15.591000000000001,49,228,75,2582.0,1270.28,0.6407461347104573,3.1722746634526207,347.6940000000003,0.27371445665522587,1,0.4640240622466683,131991,61247,0.22575377810541836,0.21502062195804014,0.16,0.27,0.03,0.5,123.32659044934881,118.39105588845167,28.41913447447013,111.5,28.5,91.5,158.0,0.07932828336115287,0.03431362160262583,0.080776,0.032719,0.030922400000000003,0.11779,0.28334482369054653,0.10798072497171476,0.30013,0.08494499999999999,0.12759,0.38198800000000005,-2.467546674760826,4.975702867725104,-2.6427,4.369375,-7.16368,2.585560000000002,0.1590157546693389,0.14988164011102323,0.11161,0.106047,0.059193,0.31199,0.07641736039025586,0.029646158240259627,0.068199,0.03232349999999999,0.047925,0.12007400000000001,-0.3670737013078191,0.06651042310695723,-0.36211,0.08975500000000003,-0.46183,-0.28571,0.8983334894770357,0.4269954940631399,0.73369,0.41963000000000017,0.548386,1.551,-9.242045708361225,1.1268427164094792,-9.1042,1.5115999999999996,-11.004,-7.8861,616.0576271223092,303.0942980734805,578.31,387.625,263.75,990.49,1586.5511499189072,443.2650436668857,1571.6,587.8,1016.0,2184.3,2510.511954374824,420.6936679025267,2491.0,428.10000000000036,2017.3,3076.0,1,0.9785840769874476,0.8901599596880881,0.4778406280334728,0.663674889563546,1.177075189121339,1.0817831281732802,0.2656544539748954,0.4366473571744867,0.1631309422594142,0.3394935730291758,1.177830292468619,1.1593757630928225,0.2732663456066946,0.4372248751966543,0.2789519309623431,0.46874336647035303,0.390053070711297,0.5380740657067518,0.34044512301255225,0.4389650968133235,0.362537629707113,0.44270070291122016,0.5289334447698745,0.6336929458603326,1.7990989861924687,2.0527275557205056,0.2632382506276151,0.41635790175687226,0.5514644351464435,0.2569037656903766,0.40836820083682007,0.9255230125523013,0.6317991631799164,0.6564853556485356,0.6054743117453675,0.2625691894396938,21.673653607690376,3.5634478812317303,1.250970692437684,1.786444527224447,3.645742687905604,5.91801316046997,3.7616808465934017,6.57497186568424,0.030658591975775928,0.06461768989233191,0
435,1.7043333333333348,1.4819999999999993,1.2198117341076322,2.3634999999999877,3.081599999999958,6.300000000000011,2.3525327102803817,1.825000000000017,1.8663791864521049,3.4050000000000438,5.239999999999977,10.169999999999959,4.752336448598131,3.0,4.103721716221205,7.0,11.0,20.0,1.4839525423728774,1.1600000000000819,1.5164932265665887,1.7559999999999718,2.7000000000000237,15.64,63,214,82,1017.0,1096.6200000000001,0.45908518903540113,2.0200936751403273,437.7659999999988,0.39919571045576296,1,0.3323544303797468,118500,39384,0.17266111354669006,0.20379816011460677,0.1,0.2,0.02,0.44,115.49367088607595,163.0853265285395,41.94255327823624,149.0,43.0,128.0,225.5,0.09397442984630208,0.0468169876182097,0.097568,0.05716625,0.0254231,0.15008700000000005,0.3598751667306343,0.1652273319617249,0.39061999999999997,0.22109250000000003,0.100453,0.550107,3.6193296026772037,5.700911427632922,3.7920999999999996,5.8048175,-1.61834,9.984840000000005,0.21498708337793523,0.1617333211768708,0.17991000000000001,0.13345,0.0857545,0.3757850000000002,0.09923032828910978,0.03133443006598009,0.0962315,0.043743500000000005,0.0609813,0.14259,-0.40406619437842783,0.06824062075736785,-0.40915500000000005,0.09661250000000005,-0.489647,-0.31824,1.342041585669307,0.4325871176844845,1.275,0.5438999999999998,0.84977,1.9708,-10.204571640767824,0.896427177303147,-10.163,1.4240999999999993,-11.441,-9.0776,634.1411773875998,263.65920017230627,585.155,337.1575,336.33,976.5730000000001,1629.334744904021,437.6260863664978,1624.4,617.8,1063.0,2197.4,2565.623164089682,467.50762934332477,2613.6,625.5,1912.3,3119.4,1,0.5327329916069663,0.6889602944163435,0.29564243409969726,0.462299132473326,0.4584300275171608,0.7083117773775237,0.13936564212703456,0.29347844380179455,0.11437815557087619,0.2834780631982858,0.28094307943406976,0.41670783319838184,0.23420290060249993,0.42823267760442446,0.24757728925991426,0.4003957753479756,0.26448903582026917,0.4435537114253241,0.13840544863763074,0.30196977324459895,0.11329167198225473,0.3037396249566085,0.22320557267468,0.43698489756246356,0.8725334744162345,1.0813040325524916,0.09363944498066604,0.23221236854913122,0.4312520607895447,0.12616528281526332,0.19297982674380265,0.8381643236114026,0.015257336410779053,0.48259944246275593,0.2863455120521396,0.08833124755909559,14.372494166150371,4.627316437649313,0.7141575932901728,1.0454563954616007,17.730828581965735,5.886448944820347,0.6242041854031154,0.9386651157495299,0.25301698886936147,0.9530520393811533,1
436,0.3806181818181837,0.3790000000000191,0.31465631992607435,0.5730000000000075,0.800200000000018,1.2639999999998963,2.9410267857142856,2.6950000000000003,2.2226429267067735,4.34249999999993,5.737000000000006,9.729999999999961,12.508928571428571,11.5,9.72569822660039,17.0,26.900000000000006,46.0,0.9904526315789481,0.7284999999999968,1.2691762912545086,1.1572499999999941,1.8003999999999847,13.876999999999999,55,112,79,1401.0,653.89,0.503746807567022,4.2532521744410205,188.18600000000015,0.28779458318677476,1,0.3883704026748074,68790,26716,0.15930828861061422,0.18567673066207027,0.1,0.16,0.02,0.37,146.27126035761012,124.24621949393622,33.06544423777559,111.5,23.5,101.0,179.0,0.10339254582300869,0.051604307646437045,0.10753499999999999,0.066328,0.0235835,0.16652,0.3457014834514149,0.1614127827872825,0.40051000000000003,0.17300999999999994,0.088193,0.4754,1.0395733379246705,5.270606965921643,0.680285,4.1413125,-3.5644,7.03015,0.1985507729131981,0.14584205450802376,0.169825,0.08936999999999998,0.0874025,0.34656,0.0973598410411364,0.025314469859820173,0.0944595,0.03147100000000001,0.0689715,0.131405,-0.36550374120377305,0.061891290409785145,-0.360695,0.08497499999999997,-0.4542,-0.28877,1.299422417652343,0.4514171534771818,1.1772,0.57832,0.8406750000000001,1.9987499999999998,-10.52976733043869,0.7395219112031087,-10.502,1.2249999999999996,-11.528,-9.55995,590.4948670791647,251.72349357132137,555.0,326.01,298.37100000000004,919.3090000000001,1555.6653545253605,399.06811608484986,1530.5,498.3249999999998,1053.1,2081.4,2541.420713267799,447.04805990826037,2591.7,593.1000000000004,1947.0,3086.2,1,0.2029283425239648,0.40823931105116096,0.16609875674473762,0.31336405885788327,0.6177367184010277,0.6536339188238915,0.03586875694238561,0.1503556489033673,0.07646980235201106,0.2378125798593325,0.31271653839312186,0.4662325308007172,0.16385318440557364,0.35049486041081807,0.11934762110880522,0.317993593609294,0.14914283782982507,0.31183228656127415,0.024830296175511413,0.12509049981504036,0.050116043482557576,0.18127259833088205,0.16762680857792273,0.31810989876720963,0.7420824905128965,0.8262598007411872,0.0037458551240241132,0.04823050674051992,0.2825872121751161,0.05346378100602826,0.07876272358928747,0.6207629212372764,0.0011364759363573476,0.17506670619626447,0.20232600375531176,0.07278795734475042,13.12076651354144,1.7944490788481948,0.5578195660420385,0.6462977041320498,1.9758258137372142,3.4152142316926413,0.3748982550157905,0.5207129445004587,0.39558867067995657,0.9816026231202857,1
437,0.6941147540983582,0.4350000000000591,0.648343768821142,1.0670000000000073,1.5450000000000728,2.7409999999999854,3.1275886524822663,2.1200000000000045,3.0107689460329032,4.059999999999945,8.670000000000016,12.199999999999989,8.588652482269504,5.0,9.017768843887309,12.0,23.0,47.0,1.0542889908256907,0.8055000000000305,1.2945147771375258,1.2645000000000408,1.9045000000000092,15.445,61,141,78,1211.0,797.16,0.5532013648451999,2.746094015737321,229.83500000000058,0.2883172763309757,1,0.405484934086629,84960,34450,0.18112513144058887,0.2101216314657793,0.10500000000000001,0.19,0.02,0.46900000000000086,134.32203389830508,126.8212336719884,35.515611080317726,114.5,39.5,94.0,186.5,0.12025468317616099,0.05492216478388066,0.13245,0.0690375,0.0331017,0.18002,0.37000333629510884,0.1577258704393509,0.406895,0.16546500000000003,0.11415,0.5418430000000001,2.7058543254160523,6.22754054182075,2.3122,5.869375,-2.5898399999999997,10.010100000000001,0.20612876930415094,0.1547260127943918,0.17141,0.09506,0.0978221,0.3505260000000001,0.10826354446708274,0.02407857047632229,0.10775,0.02665975000000001,0.0799142,0.13821100000000003,-0.4561503194658926,0.06498523204997728,-0.47331500000000004,0.08429499999999995,-0.52432,-0.3642079999999999,1.3538844499274312,0.442578091440831,1.2707,0.55365,0.862186,1.9996100000000003,-10.471780554426706,0.7117243542761237,-10.459,1.011849999999999,-11.457,-9.5527,573.4747578971533,280.4495194722242,531.0,340.68000000000006,261.841,932.6990000000002,1584.3857575757575,445.09686702289275,1539.0,626.7,1041.2,2219.0,2525.8293501448047,447.4019358735273,2476.2,524.0999999999999,2002.8,3141.8,1,0.29774314770696836,0.39404103910475846,0.17616764264443122,0.31424277467718736,0.2623436667659322,0.7336450676726083,0.06012359708159619,0.202324565015473,0.01746264115544967,0.11145643581214398,0.2180027173913043,0.3547465507518224,0.032333093508040506,0.1549733765728786,0.051355398153662885,0.18595766965712576,0.18611869386539606,0.30237709516538375,0.13904647885646218,0.2733204410957742,0.0707807516378797,0.20350768726930796,0.10302010780226324,0.24328927002056067,0.689038128945801,0.7729866637344309,0.004324059261465158,0.0492361751354267,0.19714115544967242,0.5431804645622395,0.0958904109589041,0.9994044073853484,0.0,0.3496128648004765,0.16484715176976095,0.09841363036724968,23.240780294419718,1.5776555248971025,0.7144710743571233,0.9106879374693228,20.61962352451241,2.7117922718269147,0.8497090808621052,1.321433056361789,0.2249031873696753,0.13175344293169067,0
438,1.043029411764693,0.9475000000000122,1.0711385225212553,1.293750000000017,1.6132000000000062,6.382999999999811,4.224808163265315,3.8300000000001546,2.9180127288357793,6.0499999999999545,8.401999999999974,12.324999999999932,13.416326530612245,12.0,10.023550776999738,21.0,28.0,42.0,0.8207845117845044,0.6200000000000045,0.9156888967247675,0.9460000000000122,1.3387999999999636,13.017,34,245,53,3287.0,1383.765,0.7480157396667803,3.1756060895893765,243.7729999999978,0.1761664733534941,1,0.4975627495821357,142989,71146,0.16599626691553898,0.1591005809325439,0.12,0.19999999999999998,0.02,0.39,179.84600214002475,176.1288477215866,40.19274200517114,169.0,32.5,145.5,228.0,0.023648920185360103,0.026386604685172673,0.014107000000000001,0.028437424999999995,0.0011457,0.060047,0.13073759929008094,0.09528746865063344,0.120685,0.12961075,0.013385,0.25734,4.830289164143133,6.379261280039223,5.06945,6.870075,-1.5700500000000002,11.88,0.6574851428721165,0.5152289406419668,0.538395,0.7395375,0.12112,1.388,0.12451197162806062,0.03965712916751619,0.12917,0.060377500000000014,0.067936,0.17277,-0.389283233169117,0.0634993008480191,-0.39159,0.07931749999999999,-0.470295,-0.31137,1.4647396465015603,0.4219933312674205,1.424,0.5234000000000001,0.9785900000000001,2.0539,-9.725739825148286,0.9114444207161729,-9.6171,1.2977749999999997,-11.079,-8.6309,594.2494837000182,232.40510136738064,572.875,279.83,328.0,872.0270000000003,1668.8008424654658,446.1962794415951,1702.1,593.0999999999999,1050.0,2216.8,2643.707781066745,479.40750076550347,2693.4,677.9000000000001,1967.9,3199.4,1,0.6733081331608799,0.8379223384072353,0.509914052400503,0.6634025676992508,0.3923975851864157,0.5572495363369516,0.1474144708925647,0.29880149918040205,0.10727505871324487,0.29803078158725027,0.42872577043928134,0.5334009960710452,0.19007579751762108,0.3689625562489105,0.2248125756698388,0.42753771333639656,0.4435253153997675,0.5477283364153491,0.17303928540237798,0.3322005619582755,0.27110549730640526,0.458541694671782,0.42234196155397863,0.5139396788526419,1.4457467591190638,1.3817261181614497,0.035979645038802,0.14671727884599117,0.3314189429717351,0.21674537817120346,0.1858936326743717,0.9605097657640553,0.00045091012649215654,0.520326553860028,0.3904044219857675,0.10884119237706476,16.12811217095714,3.7319351093472743,0.825052266545434,1.0703575153911602,10.093610846462393,6.268059991542034,0.6852099012935601,0.7258543629062064,0.15783363737591508,0.9833259519980109,1
439,0.8738958333333283,0.5455000000000325,1.1311642645150908,1.1344999999999459,1.9237999999999849,6.258000000000038,4.2254861111111115,3.7899999999999636,2.92726789569053,6.319999999999993,8.339999999999975,12.310000000000173,13.935185185185185,12.0,10.458270825973583,21.0,29.0,48.0,0.8664202898550712,0.589999999999975,1.2089399795196916,0.899249999999995,1.6544999999999987,15.293,48,216,61,3010.0,1244.03,0.7336679983601683,3.297889241321127,239.13199999999966,0.19222366020112028,1,0.5412813327105714,128460,69533,0.1722392865989596,0.19651456170570236,0.1,0.21,0.02,0.43,188.55674918262494,191.05053715501992,41.184960110473575,182.0,39.5,156.5,245.5,0.1126946152687186,0.053454021079173075,0.11782,0.058190000000000006,0.02794540000000001,0.17493,0.34923882469452344,0.15064118147063943,0.36296,0.16668,0.116122,0.53417,3.469397286378885,6.0173309421616965,2.6669,6.9695,-2.5522199999999997,11.191600000000006,0.21551260951607867,0.16855043193051514,0.17377,0.14415,0.0867354,0.3899620000000001,0.10183054066098111,0.029449076224835294,0.099558,0.04216500000000001,0.06556920000000001,0.14082800000000004,-0.3555806234421066,0.07680358382844824,-0.35738,0.09661000000000003,-0.453428,-0.25968,1.3162452796513886,0.5149439019316637,1.2277,0.7375099999999999,0.7169240000000001,2.0974,-9.181090269368502,1.0663266844638863,-9.0493,1.4042000000000012,-10.819,-7.900919999999999,580.4285072537245,258.5596971454995,527.15,335.755,313.0,906.6,1613.8063799911215,419.64994024681454,1623.0,529.9499999999998,1040.72,2161.8,2554.3150607073044,433.54137156381967,2579.6,532.9500000000003,1982.8,3087.1,1,0.8909043879170817,1.07623547585405,0.3075735935321215,0.4508695069815351,0.9132285527888445,0.8320530811387931,0.17948230275771915,0.3374170057172345,0.4597570827938247,0.5543707491063757,0.5351566775709662,0.5836751006377399,0.41747378199701196,0.5155675647505523,0.6347768396103088,0.7019377211309705,0.4706369460595119,0.5654589910018971,0.2886551616035857,0.39377340434494856,0.3127174952689243,0.44430534946481226,0.3235416478461155,0.44492395795059764,1.4292567209287848,1.3151945870507966,0.030827053224601598,0.1350138546393945,0.3648219621513944,0.8520605079681275,0.25706548804780877,0.4289093625498008,0.0687562250996016,0.3237051792828685,0.5138563031356715,0.12405294605338633,12.57932018429141,3.9959538540575,1.4507722818236584,1.6035921653725755,11.970618337473141,4.736576482218332,1.1341592241357221,1.2473457585617833,0.08741748933933056,0.8701209966875103,1
440,2.0943448275861893,1.6559999999999917,1.7490441779058497,2.594750000000033,4.358199999999989,9.156999999999925,2.1537792642140534,1.7799999999999727,1.6175846288659093,3.05499999999995,4.494000000000005,9.240000000000009,6.20066889632107,5.0,5.330532946373847,9.0,14.0,29.0,1.5281382978723348,1.0249999999999773,1.7044766080734113,1.8799999999999955,3.10349999999994,18.56000000000006,58,299,78,1854.0,1362.37,0.47269097234965685,2.878971396627216,574.5799999999979,0.4217503321417808,1,0.35934262539689277,141411,50815,0.16224457215836527,0.19205692457958304,0.1,0.18,0.02,0.4,132.88923775378154,180.4423890583489,40.05034409179116,170.0,34.0,147.0,231.0,0.10018118504122463,0.05418547006966598,0.099124,0.06631899999999999,0.025354400000000003,0.17126,0.3585856882701486,0.14758890750827774,0.38508,0.15319499999999997,0.12467400000000003,0.519492,5.3166406458917645,6.119653299580241,5.1081,6.3584,-0.07151419999999997,12.448599999999999,0.2220672490975893,0.1521128921401124,0.19359,0.13433,0.0990268,0.3801579999999999,0.11012983923841385,0.0337436904139888,0.10999,0.049841999999999984,0.0659424,0.15494,-0.37154244975892947,0.06674783091966938,-0.36912,0.0862,-0.46242,-0.29229,1.423932896782446,0.5886689211103069,1.3398,0.7714000000000001,0.7439640000000001,2.4948,-9.846526789333858,0.9960994675175058,-9.7962,1.488199999999999,-11.256,-8.571660000000001,648.5693460660483,266.0335893422172,633.0,312.09999999999997,322.13,966.06,1594.0881995598672,462.36253463828297,1616.1,638.4000000000001,971.59,2168.8,2525.434318395709,514.1509423627059,2560.7,725.0,1844.0,3149.0,1,0.7519813494356536,1.1128964443499707,0.40715990786844525,0.5999230642768252,0.663362607522817,0.6827353457547801,0.2524183050710158,0.4202745534223373,0.28758284209105145,0.4375543544915359,0.34723515307555214,0.4559484652322498,0.2877752385375601,0.4348570105281115,0.4202050130420695,0.5765521778739032,0.6660399427283037,0.7777333618060709,0.191889077658368,0.3306757941484725,0.15966953839714856,0.34715866713564264,0.3065769660312146,0.4323826248182168,1.3629914116757573,1.3185446115874175,0.06035861232921099,0.18879427929260323,0.226278554841497,0.678403629097586,0.23319112167197711,0.9013609115947507,0.0019171572068909651,0.5060754981908516,0.4403747118188691,0.11039181179912896,20.677240368529265,3.855401373305281,0.8484360959083382,1.0974138595629435,9.060133428689449,4.191591359896364,0.6882630173196665,0.8929512399057266,0.2172786287942935,0.903392573736231,1
441,2.008791666666663,1.7309999999999945,1.4419556640732027,2.6677500000000123,3.631399999999985,6.164999999999992,1.6374137931034485,1.3050000000000281,1.2184240249754326,2.1899999999999835,3.4919999999999742,6.1299999999999955,5.442528735632184,3.0,4.793988864993327,7.0,12.0,28.0,1.7401879699248124,1.3944999999999936,1.4880743303973827,2.3874999999999886,3.1840000000000543,15.886000000000003,72,174,93,947.0,925.7800000000001,0.307751301605133,3.3238566564880134,462.8900000000001,0.5000000000000001,1,0.24555497215101255,97131,23851,0.1230701754385965,0.1204871271555013,0.08,0.14,0.02,0.29,119.71461222472745,154.65318016016099,45.36812198267073,138.0,62.5,111.0,226.0,0.07999337764824535,0.04561531520719407,0.082714,0.05781649999999999,0.012845,0.13377,0.33416851561391137,0.257593366027296,0.34627,0.295425,0.053666,0.58764,0.40705405596193034,6.122781700015267,0.075136,5.6438500000000005,-6.1083,7.5249,0.2618746093448493,0.19589666442918058,0.21781,0.22239499999999998,0.062267,0.5152,0.10435867748148925,0.03412812225842209,0.10267,0.05133199999999999,0.061913,0.15055,-0.38055688398809273,0.058888775618193175,-0.38129,0.07186500000000001,-0.45392,-0.31354,1.4370792641817953,0.6065445133394738,1.3593,0.9040399999999998,0.72562,2.495,-10.374815512976395,0.8572084358175691,-10.382,1.4292999999999996,-11.47,-9.2136,664.2020072696752,261.10351424153373,663.215,356.8825,333.55,977.0,1643.0509053366561,417.84157151994924,1635.2,555.7,1091.6,2191.1,2557.558166567115,447.2137225942157,2556.9,601.9749999999999,1984.0,3119.0,1,0.7063718107767244,0.9613784814859538,0.25633265347481954,0.46428237186945587,0.8340080038705749,0.9923474295367173,0.18839027663738367,0.33344809850668644,0.27593197721144647,0.43560935875103907,0.5582550023049491,0.6240021747319188,0.27986302731147256,0.4113434915729634,0.3907390237453249,0.5647252347625218,0.3938878476124206,0.5100884278872347,0.1997576366008524,0.3479681109467976,0.21377133426111158,0.3624042091753207,0.5024272679394625,0.6396290682381088,1.7357021771766545,1.6774316460173715,0.019783718970166127,0.11626218023211157,0.3921457771592589,0.5217448029920849,0.3985387492389319,0.1913977559363312,0.03709663390449683,0.5620596677394103,0.4682301255638116,0.10916401357245373,15.213654725649116,3.3022339961864664,1.1055803469519923,1.241783558341975,8.260768616667209,4.338483851899523,0.6459039721681762,0.8770461041860269,0.1635989566111907,0.8857394507166306,1
442,1.0402000000000031,0.6580000000000155,1.1035249208373623,1.599000000000018,2.424399999999992,5.522000000000048,1.9609579831932769,1.5050000000000239,1.6759502579558112,2.862499999999983,4.19699999999997,8.429999999999993,6.722689075630252,4.5,6.196263945840212,10.0,16.0,30.0,1.0129806451612906,0.6899999999999409,1.172183633477765,1.21450000000001,2.140999999999986,15.166999999999998,55,238,73,1600.0,923.388,0.5054300034221799,3.4282677819964524,314.0240000000001,0.34007806036032534,1,0.3332491236934348,95001,31659,0.15206051873198848,0.1463029182481175,0.11,0.16999999999999998,0.02,0.34,131.49335270155052,103.77361887614896,30.01275881150339,95.0,27.0,77.0,154.0,0.09087113638928898,0.043959698512950694,0.098394,0.05404050000000002,0.018662800000000007,0.140162,0.29913944998039105,0.12966889394058131,0.33751,0.13312500000000002,0.07465820000000002,0.42103,-0.7710088958661139,4.893591152213101,-0.41018,3.0692349999999995,-4.48924,3.383880000000001,0.16040097070580878,0.15049292437679032,0.12853,0.083567,0.05306,0.28023000000000003,0.09179561156824284,0.02550116439599798,0.088104,0.030092499999999994,0.06426939999999999,0.12615200000000001,-0.42469927821472564,0.05782060232195064,-0.42605,0.08085999999999999,-0.500032,-0.352612,1.1010291518999336,0.4393466405932408,0.99487,0.5239499999999999,0.633026,1.7462,-9.970200976025774,0.8782994198330374,-9.8358,1.1846499999999995,-11.363199999999999,-8.94828,548.9578447473726,267.1606816039123,509.155,346.20249999999993,254.25,878.38,1531.971030412165,408.37432447004016,1512.1,550.0999999999999,1022.5,2076.6,2422.9967344832667,464.94896536472885,2350.4,633.4000000000001,1915.21,3096.4,1,1.1447475584805975,1.0444842967157386,0.7037500477318274,0.7099129503388492,0.3253166041173256,0.5100001082341544,0.09539187256330843,0.2823192615113418,0.10144149398797596,0.27336199408816125,0.4231242635270541,0.5381729586230429,0.1576245122973219,0.3342171215914406,0.2753087706321734,0.4096191984320834,0.2429611149571871,0.4521846163315612,0.1193707883038805,0.2742112495915021,0.17126731344507196,0.3221799059022402,0.36904725095645835,0.5003964740300478,2.1545913862269996,1.5316590702849024,0.059973761887411194,0.18114428222698994,0.14428857715430862,0.7592457642557843,0.10812534159227546,0.9952632537802878,0.5463654581891055,0.4819639278557114,0.4531369099367566,0.15484263313551713,22.25433358104856,2.610851692855253,0.8189975244998134,0.9648432310409206,4.972402014491062,4.656513151849071,1.2416589196882257,1.6630482923636725,0.08200867052023121,0.3873880195541834,0
443,0.9822999999999998,0.9860000000000113,0.5919266930963661,1.3689999999999856,1.7803000000000027,2.2140000000000555,1.6549590163934467,1.2300000000000182,1.2643722112116682,2.2350000000000136,3.3000000000000624,7.865000000000009,4.254098360655738,3.0,3.8423043705009996,6.0,8.0,23.0,1.5801522842639564,1.339999999999975,1.6573785022293888,1.9099999999999966,2.829999999999973,20.185,60,122,76,519.0,668.185,0.30216930939784714,2.5705158366558467,311.2899999999994,0.46587397202870373,1,0.25689067602059,70131,18016,0.17339749759384027,0.2230528123704031,0.09,0.19,0.02,0.47,88.8907900928263,109.8586256660746,33.883090586381265,96.5,33.0,80.25,172.0,0.07490953024494894,0.037856862815374495,0.081654,0.04650350000000001,0.014550500000000001,0.11518500000000001,0.25013039100502327,0.12036932928130821,0.27194,0.14251500000000003,0.0609215,0.38103,-1.506905172404918,4.865170920615184,-1.7923499999999999,2.8651,-4.47475,2.6021,0.1510218077987844,0.18350713836473803,0.0832555,0.09781274999999999,0.041647,0.37466,0.08492711372924067,0.029155098890347484,0.0786905,0.037425,0.0538775,0.12774000000000002,-0.413889009991119,0.05951295474994084,-0.41735500000000003,0.08155250000000003,-0.48602,-0.34246,0.9415899461589698,0.5033025146205408,0.721085,0.5614000000000001,0.5234650000000001,1.73535,-9.99093377553286,1.1170536750525268,-9.85755,1.915474999999999,-11.553,-8.587900000000001,616.0020574855253,242.9249204309817,578.0,303.05249999999995,347.962,918.62,1583.2752100624623,403.32861720525534,1552.4,555.0,1091.0,2123.4900000000002,2497.9573615983572,433.7112108759592,2479.5,591.1749999999997,1961.41,3062.0,1,0.288745604011288,0.4590382860570118,0.20783730528119332,0.3500023569882162,0.33389077464220923,0.439740880954082,0.1839620324027414,0.35643685114446033,0.2581001529933481,0.44977309885839,0.28461252222334205,0.40169671375999744,0.3504726952731304,0.5590331254035957,0.4015485697943963,0.5779435564017633,0.5759300578512396,0.6965280520085454,0.1340411148457972,0.2926124559675834,0.1319536543035678,0.2773995574046885,0.23832935260028218,0.3916877328140403,0.8443532769602903,0.9168193841732065,0.07322695338641404,0.21192117633815924,0.5635960491836324,0.11655916145938319,0.19824632130618827,0.947742390647047,0.027565007055029227,0.33360209635154203,0.3076431476120886,0.09488702143613077,15.12949722519447,2.1921135139228736,0.5815192525365522,0.7042907701243075,11.552841036977057,6.579180813435305,0.4457309187132746,0.6931330293340705,0.3247412320369812,0.9450253485424588,1
444,0.7982363636363604,0.5179999999999723,1.0492959018249992,1.082499999999996,1.7357999999999267,6.217999999999961,2.3969031339031375,1.990000000000009,1.7705863907912394,3.2335000000000065,4.779999999999973,9.519999999999982,7.954415954415954,7.0,6.399623977395325,11.0,16.0,38.0,0.7971374407582908,0.6000000000000796,0.9781321158648947,0.8774999999999977,1.3879999999999888,16.015,55,351,72,2792.0,1278.48,0.6580572242037429,3.3186222012497084,336.39199999999875,0.2631187034603582,1,0.4605758151531107,131049,60358,0.1708890147225368,0.1701388485116448,0.12,0.19999999999999998,0.02,0.41,161.71050523086785,184.72969614632692,39.73870969749194,173.5,38.0,149.5,242.0,0.10195788487882551,0.0470823388239205,0.103285,0.048387500000000014,0.033303400000000004,0.15783,0.3913603760351056,0.15307722081144065,0.42773,0.15961999999999998,0.14145,0.54545,5.089689044071937,5.552280783140309,5.28785,6.289575,-0.19220299999999907,11.226,0.22088941825239736,0.1494048183408627,0.18869,0.12412749999999997,0.10111400000000001,0.37514600000000003,0.09858884786099605,0.029861129179163972,0.0960445,0.04052174999999998,0.0616869,0.13921,-0.355218447850492,0.07288192836840224,-0.3576,0.08871499999999993,-0.44708,-0.263397,1.3911272946419697,0.429517110834857,1.325,0.5523,0.910081,2.0051,-9.046877633453725,1.1669654166808752,-8.8809,1.589475000000002,-10.858,-7.6676,602.8958615620729,272.674095443551,557.75,309.345,307.29200000000003,945.69,1605.514509074805,432.9939692582359,1632.2,559.3999999999999,992.23,2154.5,2507.44916093367,457.8613398197646,2559.4,569.9000000000001,1857.4,3029.0,1,0.5852647200244916,0.911406604831517,0.24343915094239169,0.4196099319705003,0.22931811766585025,0.3838052611970564,0.1128294405547865,0.2653396910078162,0.15125254693323395,0.3757045568070525,0.32756380635715043,0.4307243486931063,0.14525127334682142,0.37267635715934416,0.24855883420296027,0.48240178816283497,0.40093796949206684,0.5164675186007804,0.06388477941646258,0.19658370135281916,0.08030412253753594,0.23596798197633906,0.2625384575657545,0.38902840484251205,0.942529363752529,0.9732207835327497,0.048123978915983384,0.17264652083060045,0.19377595570226813,0.7756096262378873,0.09871153231817698,0.4039505909913747,0.042407624321158556,0.33894153977212227,0.2744140401220013,0.0912687303672687,15.39487408554775,2.8579722040240436,0.9692053563273563,0.9955494609253503,8.04629098380546,3.7182184847825854,0.7598804521600726,0.8929120209942245,0.15129912521216868,0.9678256225042602,1
445,1.2367599999999974,1.1354999999999933,0.9186579028125744,1.7595000000000027,2.0987999999999833,5.065000000000055,2.8739351851851853,2.049999999999983,2.241487503262176,4.604999999999933,5.8269999999999635,10.039999999999964,9.324074074074074,6.0,8.206624135307814,15.0,22.299999999999997,33.0,1.219254237288135,0.960000000000008,1.1285491099440417,1.6269999999999527,2.34539999999995,11.307,50,108,70,1007.0,672.7650000000001,0.46135723469562173,3.2443578136830067,215.80799999999988,0.32077768611625135,1,0.43181273693259487,70959,30641,0.21593375616631427,0.23754267859267042,0.14,0.23000000000000004,0.02,0.5220000000000005,119.98477994334756,126.29757514441435,32.955395349304126,114.5,26.5,98.0,184.5,0.0940518509553213,0.04144341368525789,0.099481,0.042873999999999995,0.031246,0.13945,0.3744406238696159,0.15719698989332467,0.42432,0.18523999999999996,0.11433,0.52605,2.996021828004928,5.421768175661456,3.7453,3.9248,-1.9643,7.8298,0.19938120828771908,0.15226873543451636,0.15607,0.09963000000000001,0.10006,0.36693,0.09301766907542182,0.02464405746682662,0.087806,0.028441999999999995,0.067711,0.12863,-0.4074168447504977,0.05914494049226007,-0.40814,0.07147999999999999,-0.48109,-0.33988,1.3638250429163539,0.3930095577117323,1.2843,0.42569999999999997,0.97472,1.9358,-9.644300323096505,1.0991238907173069,-9.411,1.810599999999999,-11.307,-8.3768,586.3378572866305,254.8231264808642,552.42,290.01,297.67,917.068,1563.982532807104,388.2582979248732,1547.0,497.5999999999999,1070.94,2073.7,2471.352384805131,439.644981534573,2390.6,582.1999999999998,1977.0,3091.86,1,0.307535916803087,0.39917856566966536,0.1482979624649205,0.2959901938698823,0.16055335184752104,0.30231577159084677,0.06864757080215154,0.2111274861580223,0.25502325713283447,0.4702255266662145,0.20023565715622074,0.33086679239444045,0.31491262792329283,0.5053810364766641,0.30740255963517304,0.5936814030508752,0.24770473275257254,0.3765903510510774,0.038458325011693176,0.15191590187086165,0.129287609974275,0.29082600771896217,0.16263182243919552,0.31299227918655687,0.5817024753274088,0.7418487357307667,3.149888914873714e-05,0.004119375540186712,0.21380963517305893,0.13248362956033677,0.08003975678203928,0.9327642656688494,0.08582787652011226,0.19322965388213284,0.20874466915424963,0.09014869952639888,19.049448031981665,2.397180789650148,0.7281403193184319,0.9013721420902091,20.682881930928072,2.376991196931471,0.5160664777918283,0.6681058585881138,0.35011107213843096,0.8034758102395491,1
446,0.8366739130434726,0.8180000000000014,0.6052790967575492,1.1982499999999874,1.4324999999999761,2.731999999999971,2.7290283018867973,2.5044999999999504,1.7971403802621624,3.9790000000000063,5.182000000000014,9.545000000000073,8.221698113207546,7.0,6.064348410564272,12.0,17.0,29.0,0.9793713235294083,0.7500000000000568,0.9857200889382755,1.100000000000012,1.7682999999999542,13.426,46,212,61,1743.0,962.635,0.6010107673209483,3.0126833450291537,266.38899999999904,0.2767289782731763,1,0.4359375,99840,43524,0.1797027250206441,0.16498603144087365,0.13,0.2275,0.02,0.42,145.5528846153846,163.72306083999632,37.69303993730119,149.0,38.0,133.0,221.0,0.1216723888179857,0.053298404249100255,0.130165,0.06012849999999999,0.038303500000000004,0.18139,0.46299930422071506,0.20042423981120677,0.5075350000000001,0.25515,0.13612200000000002,0.684957,1.7795420134944169,5.969740725920082,1.3106499999999999,5.42884,-3.90239,9.051160000000003,0.30146398233030053,0.17731521232662809,0.26657,0.18402000000000002,0.135026,0.5252190000000008,0.11467602112581565,0.02496626150223635,0.11533,0.029774499999999995,0.0840017,0.14586,-0.4053899646241154,0.06388480902942992,-0.40895,0.0800325,-0.48752,-0.325163,1.5019679560702142,0.4354846956805938,1.4745,0.5864499999999999,0.963765,2.1015700000000006,-9.958506770976934,0.8645415850051736,-9.90045,1.3374500000000005,-11.148,-8.85643,584.3477850339794,270.6427597018449,537.435,401.225,292.35,962.41,1612.3018319868493,457.2750971100474,1647.9,634.7749999999999,992.0,2172.3500000000004,2548.3318155483835,481.38325051725093,2621.6,656.2000000000003,1862.5,3105.4,1,0.9754760300973738,1.0744289739084762,0.3976808618692829,0.5130722105057669,0.623271099734435,0.6344771236584456,0.23821658959132488,0.45847925792724303,0.20940321968132194,0.3481200392383894,0.3460523047359103,0.4698055396059166,0.3284838576645028,0.4401571607420634,0.33394097255827676,0.46385619638634185,0.5046057390085571,0.5710626227951584,0.2731249198878725,0.40822223653035283,0.2981623337636471,0.4393951798252781,0.3944098952862201,0.505515553357987,1.3215116050088522,1.3264086432339122,0.11873288805694895,0.2578237676553849,0.384294777220419,0.45448509884921806,0.3485541457657126,0.9067940395396872,0.004241664207730894,0.5250073768073178,0.4545051654960376,0.12081900039256602,21.76729001806335,4.334874696949357,0.8596111325837581,1.2277498266610587,11.946803382543848,4.755354064116487,0.9815685934759104,0.996233735006101,0.12808496291301416,0.9618205085405886,1
447,1.0050769230769236,0.7620000000000289,0.9083336570580082,1.3802499999999824,1.9261000000000221,4.839999999999975,3.4853543307086645,2.6899999999999977,2.7543251014020744,5.3300000000000125,7.4979999999999905,12.889999999999986,10.78740157480315,8.0,9.545275387570777,17.0,23.400000000000006,43.0,1.0596030927835027,0.8100000000000023,1.1261815065803689,1.3149999999999835,1.8688999999999967,12.189999999999998,52,127,68,1370.0,782.0,0.5660358056265989,3.0950659678293846,205.56299999999953,0.2628682864450122,1,0.4625681161540431,82029,37944,0.20097457627118645,0.23766119282283552,0.12,0.23,0.02,0.49299999999999955,138.09750210291483,144.0301760489142,35.7951858299503,132.5,33.0,114.5,197.0,0.09164019206197581,0.04310294794515002,0.097437,0.05193824999999999,0.0263436,0.1394,0.28793516040717376,0.120565510012414,0.31096500000000005,0.11801249999999996,0.100023,0.4093410000000001,0.4447268731200453,5.45035144001461,0.0,3.455275,-3.93737,6.724080000000002,0.16805104476918617,0.16564195038911075,0.11371,0.10285275000000002,0.0625149,0.34375600000000034,0.09165284077783048,0.029518329107897368,0.08792649999999999,0.03924324999999999,0.057959,0.13286,-0.40105175838604257,0.059086565641637744,-0.40518,0.0725325,-0.47089,-0.32936299999999996,1.0321542069892473,0.46702394977253125,0.8711599999999999,0.5552225,0.5997990000000001,1.747,-9.68152456514864,1.0161982962726719,-9.49635,1.546125,-11.231,-8.4751,600.7561535824208,272.70113745677804,536.09,299.56499999999994,329.5,971.64,1598.792129219752,394.79219312626805,1573.1,514.55,1115.1,2128.9,2553.276652892055,403.2418136855695,2565.3,431.5999999999999,2025.5,3066.5,1,0.8485261029356337,0.9775193316123232,0.4926375039574522,0.6153140366342106,0.3831859049792705,0.5430653174867488,0.09592660659994136,0.24364325319415897,0.2798528123874534,0.4994331632878099,0.2655764967544704,0.4185370170383056,0.3488048927928305,0.5804459869944932,0.44984251015536664,0.7054031259375926,0.25606989258344154,0.41587104177023315,0.13005790146153526,0.2931569471740683,0.07746458846685371,0.22430695269367512,0.22894230152016415,0.3698203322840223,0.6977001847648563,0.8166159097955465,0.0086276957996566,0.07019096605841277,0.3345617488169521,0.2488378910339629,0.20691821265547133,0.9449306922400436,0.015117886008626827,0.31936010720716945,0.32594395679706617,0.0960028995339404,18.23788601417975,2.3057899531589388,0.7100590589593242,0.9874059704422913,15.400714436577806,5.183703938064281,0.5686664305356006,0.728464166475772,0.267528988237264,0.9705946092374372,1
448,0.9376216216216228,0.34499999999999886,1.1121360832382912,1.245999999999981,2.5345999999999766,4.498999999999967,3.2317479674796763,2.644999999999982,2.4380806361792344,4.340000000000025,6.504999999999988,13.080000000000041,10.1869918699187,8.0,8.397976521182969,15.0,21.0,52.0,0.9328333333333315,0.7249999999999943,0.9342201162229128,1.154999999999994,1.7295000000000196,12.172999999999998,37,246,55,2506.0,1175.02,0.6765927388469987,3.1521616080300863,279.84999999999945,0.23816615887389106,1,0.4722792438519691,121299,57287,0.21898700305810398,0.23840273114291413,0.13,0.26,0.02,0.52,129.39925308535106,134.2236371253513,33.05461291404607,126.0,33.0,103.5,181.0,0.11338954984350814,0.04865218520953861,0.12203,0.05670349999999999,0.036792200000000004,0.16823,0.3135259973655489,0.11643397657881087,0.34103,0.09815499999999999,0.13279400000000002,0.41528,0.4889242716271405,5.137596928993267,0.26945,4.234249999999999,-4.3582399999999994,5.89396,0.17479001069528866,0.14171957251125136,0.14295,0.083145,0.0814936,0.29033200000000003,0.0976487426101559,0.02522007547387657,0.095635,0.03070450000000001,0.069194,0.12986,-0.4122013210152391,0.06375644994720578,-0.41248,0.08396999999999999,-0.495684,-0.33450599999999997,1.1655161205858222,0.45762093271069665,1.0581,0.5829,0.678562,1.8151,-9.584024094471697,0.9711577193909479,-9.5309,1.3673000000000002,-10.975,-8.3588,589.2260357345585,282.169693651875,537.34,353.85,283.174,946.8740000000001,1573.5534719968039,437.40078266672634,1560.5,548.5999999999999,997.63,2142.1,2479.690630477665,456.29085553565557,2498.7,545.1999999999998,1896.76,3049.0,1,1.1451517463141117,1.5032451717701607,0.5400826429100017,0.7991533404617432,0.6023902797574998,0.7439854974906243,0.16693486056241816,0.33537942073948596,0.3051947681732794,0.4705313804913282,0.402275909147834,0.5073600523361987,0.4031221764957022,0.5465054982878051,0.433565322394262,0.5873354008279164,0.638443886093243,0.7126637244808501,0.28841872676040303,0.4063975427382348,0.30829954576763247,0.4440294580918229,0.4423544677520351,0.52491590605314,1.710585480531679,1.673176043163014,0.14191760514031992,0.2905707939865206,0.35301986679569647,0.21082142653839586,0.09651619513861218,0.9375249046507657,0.021119143849262823,0.4403711504525531,0.5377669584143158,0.12047111346068612,15.818688957773471,3.504599867379261,0.6773631768685627,0.8805715895595145,3.490142798874314,5.546872913012429,0.8793276378823955,0.9057321605828756,0.16553670752967872,0.9838783548593937,1
449,0.4686976744185991,0.3509999999999991,0.5081188990541257,0.6570000000000107,1.0182000000000015,2.477999999999952,4.445460122699389,3.9700000000000273,2.967722930044862,6.079999999999984,8.965000000000012,12.875,18.809815950920246,17.0,13.4932621891818,27.5,37.80000000000001,60.0,0.7582690582959624,0.4700000000000273,1.0296755809705747,0.8894999999999982,1.5746000000000044,12.384000000000002,43,163,61,3066.0,998.95,0.7253716402222337,4.231241633430395,169.0939999999996,0.16927173532208778,1,0.5945090269887053,102969,61216,0.2101476141434947,0.19115799441295755,0.16,0.21999999999999997,0.02,0.46,169.74040730705357,153.20824621014114,31.477895307510778,144.5,27.0,127.5,192.0,0.09880153042290414,0.04270085731837947,0.10137,0.039597250000000014,0.0360505,0.14637,0.38219413285296977,0.14836706810707495,0.39937500000000004,0.1325075,0.15054499999999998,0.5524899999999999,1.8104426010545773,5.262569288585542,1.1064500000000002,4.3411325000000005,-2.4005,8.105049999999999,0.19410979050184593,0.1456490069023835,0.15199,0.11758,0.091022,0.3503,0.09313901554707919,0.028084400127672174,0.08714949999999999,0.03715775,0.062646,0.133525,-0.4039294831253267,0.05998869814674233,-0.40406,0.07667250000000003,-0.48142,-0.3307,1.2252213930998435,0.4177881296390349,1.1008,0.5073975000000001,0.818905,1.8582,-9.41470345497909,1.0220998143928322,-9.3137,1.4184249999999992,-10.964500000000001,-8.1576,548.467225825996,241.47445887334203,508.48,230.03999999999996,309.51,836.0,1552.6176284801284,431.2715308097569,1564.9,584.8999999999999,997.56,2090.9,2522.2107150325905,474.6828113145934,2617.6,584.7000000000003,1855.2,3038.8,1,0.5274035945168386,0.7509028664196085,0.35561401157556266,0.544991380716617,0.5881273912675579,0.7759290293222467,0.09154395803012355,0.2334898231913505,0.3512598243696057,0.5476490781677763,0.5073982823151125,0.6175377300678079,0.35669777478422743,0.5384942119929006,0.3685844817735658,0.5938321873341909,0.5191923707564731,0.5882758848590759,0.24964562139109836,0.40869837222399324,0.47360186752411576,0.6542317596518269,0.35484092587578275,0.48469158959855657,1.2626763563716363,1.1836053572271386,0.04145987449653072,0.1549124384629431,0.3362667117955661,0.5601286173633441,0.33934675918091045,0.5690641394482993,0.033406667794889155,0.3592486038246742,0.4320033096463023,0.14201750574445865,16.8358248470128,3.05367734824563,0.8372837449610383,0.9851635524053007,13.933137861763242,6.460042805091558,1.1053253398697491,1.1175356400918826,0.09687858154115823,0.9589982628211354,1
450,0.6381874999999987,0.4129999999999967,0.6636656461229156,1.1122499999999746,1.62530000000005,2.5710000000000264,2.5843035714285727,1.9260000000000446,2.038541636629715,3.603749999999991,5.728299999999972,13.484000000000037,7.192857142857143,5.0,6.514156483680566,10.0,17.0,38.0,1.0908690807799435,0.8269999999999982,1.020542652699991,1.3324999999999818,1.986200000000008,12.011000000000001,64,280,80,2014.0,1241.0500000000002,0.583058700294106,2.783286461536334,391.62199999999973,0.3155569880343255,1,0.40800338767732375,127521,52029,0.17547723440134905,0.1673743768565006,0.13,0.21,0.02,0.4,139.5064342343614,152.30842414807128,36.027190298790025,142.0,34.5,120.0,203.0,0.0838139361739405,0.03794649846229758,0.086137,0.03546200000000001,0.0274916,0.12558400000000008,0.34792148525450045,0.144083750240479,0.38119,0.12989,0.117058,0.4876440000000001,3.254872579411674,5.22850056871317,3.6227,4.7427,-1.0118999999999998,8.427740000000004,0.18546053814549576,0.15287468294991652,0.14464,0.09027000000000002,0.0884478,0.33211,0.08643633299015932,0.0299911920087513,0.078992,0.03711600000000001,0.055489,0.13052,-0.39347384850371914,0.0643667806000439,-0.39562,0.08274999999999999,-0.473734,-0.3159,1.2447236262469006,0.3957980467274929,1.1485,0.43947,0.855362,1.816740000000001,-9.141620284841146,1.1820315813241038,-8.9096,1.650500000000001,-11.05,-7.78608,606.2732673606421,304.9305909795516,564.33,361.25,271.389,996.5779999999999,1560.4049407856505,457.9373530228269,1555.2,614.8,963.1030000000001,2165.2,2494.987619960105,482.45322914265546,2550.5,615.4000000000001,1830.5,3057.1,1,0.7407375953497093,0.9320854759211419,0.588105830911307,0.6149872070100747,1.395227931792612,1.1068871988032947,0.19656422084192762,0.34262317086715555,0.2760055416276017,0.4204080237195482,0.486451243296456,0.5603874049581586,0.24297245415338456,0.4075868110192992,0.2627521310706919,0.43396477606233697,0.6443406271329457,0.6784820551650532,0.386649257359835,0.4508522938936097,0.2649191839958747,0.41943520992451955,0.49885078183011444,0.6084574337966122,2.5896412155447215,1.5735730820624898,0.05643124662478905,0.1862167099285829,0.13430526907931745,0.073176448528033,0.3062535158447403,0.8911963247702982,0.00042190136883555224,0.3309113069566848,0.616403518680855,0.13070650272574455,16.884947191867262,3.0364461234313116,0.836769999295189,1.0169708103548198,11.514260803616468,6.990654001187989,0.9541857402182118,1.746542002467423,0.18561857562408224,0.5656454760908964,0
451,,,,,,,2.264234875444838,2.009999999999991,1.3762767097659514,2.9599999999999937,4.160000000000025,8.850000000000023,6.135231316725979,5.0,4.972830527157612,9.0,12.0,35.0,1.8419642857142873,0.7849999999999824,3.1174151492879796,1.595000000000013,5.251999999999998,34.56,0,281,0,1724.0,1152.0,0.5523003472222219,2.7096267190569763,515.7500000000005,0.4476996527777782,0,0.3862873299169465,118839,45906,0.16261424017003187,0.17292682403539622,0.1,0.2,0.02,0.4,142.52896776310806,163.23737637781554,37.896868500310255,152.0,39.5,129.0,215.5,0.1104652513818869,0.053770027900699124,0.11863,0.0639275,0.0232375,0.17168,0.36234545330562457,0.15963972281909336,0.38709,0.16604999999999998,0.10276,0.547885,2.263995497959308,5.422159158719069,1.82505,4.446275,-2.2768,8.458,0.20177347423199582,0.1640631335752586,0.15621000000000002,0.1403575,0.077707,0.38471,0.10178386509813359,0.028403770426007714,0.099791,0.03734825,0.06752,0.13952,-0.37094675341833316,0.07793208706545468,-0.37432,0.0922075,-0.46731,-0.27862,1.2752885265542628,0.44522047561272066,1.1812,0.5827500000000001,0.7866150000000001,1.9316,-9.387082980438286,1.2635912345896017,-9.2887,1.9411750000000012,-11.192,-7.8194,581.8401415958854,235.5425678231673,555.0,273.38000000000005,315.832,856.758,1599.8192443157425,425.5487172466908,1602.1,562.3,1028.6,2148.0,2528.753148502016,443.53268865684095,2568.7,545.8000000000002,1930.0,3049.9,1,0.5098017591476949,0.6352291495669756,0.2902870013317268,0.4077203813135028,0.34568535312955795,0.5079090811487545,0.11833790896696048,0.26374722803549155,0.14802606122772527,0.33052096604032927,0.3106291803538589,0.4204718586393396,0.14918450364639482,0.3421872180087583,0.20461975616716344,0.38389037032513657,0.2724087435474665,0.4581053070366618,0.1530863491026698,0.3046641991193938,0.13181726710634792,0.3401275519924672,0.2024371928150168,0.34654790415495706,0.9100258016995371,0.8960249196669015,0.058731643255754966,0.1905887370722704,0.43030629716532437,0.6557486207115226,0.2339400088781787,0.7945018707590843,0.13491660853573467,0.34371234700995623,0.271791322964134,0.10087829521786203,10.263251925087717,2.771626131300715,0.9236011732238221,1.1980978720924245,9.258675014357083,5.746487128356741,0.7542173868335855,0.8891662341975104,0.15989134796431767,0.9006376096183691,1
452,1.3855999999999966,1.2680000000000007,1.20065046915866,1.7040000000000077,2.4039999999999737,7.746999999999957,1.5417500000000024,1.1599999999999966,1.081965543582606,1.8925000000000196,3.225000000000028,5.039999999999964,3.64375,2.0,3.585294400394478,5.0,8.0,20.0,2.009304721030041,1.4800000000000182,3.986915504736592,2.269999999999982,3.465999999999963,57.893,55,160,74,583.0,841.39,0.29318152105444606,2.36338576293173,468.16799999999955,0.556422111030556,1,0.29861321996153456,88911,26550,0.14733629300776915,0.20208652750360886,0.07,0.16,0.02,0.36,121.60475081823397,212.2218079096045,50.46089021759877,197.5,50.5,170.0,286.0,0.08530681436553597,0.04866200491654765,0.083044,0.05747825,0.018778000000000003,0.14964200000000002,0.3042472503370621,0.23623882584327055,0.325965,0.15069499999999997,0.08424040000000001,0.452241,4.304136524419285,6.273129073676541,3.9246,7.8589150000000005,-2.01295,12.068100000000001,0.23984440255815445,0.19075538422887212,0.186975,0.15691999999999998,0.09596160000000001,0.45191300000000006,0.1145589793205273,0.03870372207755603,0.12,0.06301099999999998,0.0583486,0.16189,-0.3453534782659133,0.06577467495845968,-0.35253999999999996,0.0828275,-0.42181,-0.25987,1.3203950964218456,0.47968726519685095,1.2152500000000002,0.6442475,0.793148,2.0503300000000007,-9.985928463276837,1.0738118337232456,-10.063500000000001,1.7906000000000013,-11.328,-8.52669,649.7602495359381,262.84383614516616,632.86,355.12,345.51,963.73,1611.480099337376,430.58404858483334,1618.3,590.2,1020.1800000000002,2151.9199999999996,2520.903202870996,450.3609619692423,2548.8,588.4000000000001,1927.5,3081.2,1,0.3674104636523782,0.5364444667491147,0.259186355412018,0.43389128104949276,0.3138360143668037,0.49698050208035005,0.06298945703660207,0.2021273799790502,0.46009986275200626,0.6071293113649416,0.3411280957525934,0.454314663962668,0.5310182903112155,0.656316558816003,0.7491887020551967,0.8584689942753174,0.6174037819534156,0.6535338623515565,0.1729189736934821,0.3120369301264061,0.3245816980230965,0.4680871413876508,0.2817285054609513,0.4267285205771684,1.0500100243491877,0.9907561813471487,0.03218597741240947,0.1361407775443175,0.5095713446858485,0.2715599921706792,0.16880015658641612,0.6521824231747896,0.0007437854766099041,0.3947935016637307,0.3974061573022397,0.08700508893058476,19.392519232701485,3.606794454982574,0.4921487154961026,0.7391202417963079,7.723903765361335,5.149631016845476,0.3697860100645958,0.6989545807892487,0.4842924873761708,0.967682675364601,1
453,1.0006374999999945,0.5234999999999772,1.4301538312691249,1.0932499999999266,2.286899999999987,8.380999999999972,2.1670616113744066,1.5,2.1216614456700915,3.0400000000000205,5.17999999999995,15.379999999999995,7.071090047393365,4.0,7.723888484058166,10.0,19.0,43.0,1.2430582524271856,0.8969999999999914,1.7910195799502664,1.3800000000000097,2.290000000000008,22.399999999999977,80,211,99,1492.0,1012.66,0.4515335848162264,3.262985237834884,384.10500000000036,0.37930302371970886,1,0.25531626316350353,103221,26354,0.12651944311089774,0.13153633699969805,0.08,0.13,0.02,0.29,121.08001278809543,95.40335432951355,26.413685007792328,86.0,15.5,76.5,136.5,0.0774256595889717,0.04338116003677311,0.0785515,0.05198075,0.008804580000000001,0.12913,0.29583172617921377,0.14440229617348901,0.333925,0.1595625,0.03588580000000001,0.43616,-0.8040519625719436,4.977967127316896,-0.82428,2.7964599999999997,-4.04934,3.6409300000000004,0.14382251695181375,0.14770020045155638,0.1027,0.08274925,0.0250925,0.2903450000000001,0.08626360478978523,0.03024900047291732,0.081911,0.040552500000000005,0.0523685,0.12831,-0.429077854139789,0.05671671936285645,-0.43384500000000004,0.079065,-0.49806,-0.358046,1.0505710480382484,0.45397728688038225,0.8899649999999999,0.52599,0.637279,1.7482,-10.341748106549291,0.8070296853184183,-10.346,1.1669,-11.419,-9.297030000000001,610.658728696301,311.6841725382098,551.88,364.32,255.51,1042.5,1572.56715149577,413.7781250856179,1550.5,496.8000000000002,1066.5,2134.3,2498.7362778730703,481.81219496658827,2452.2,662.7000000000003,1914.0,3158.4,1,0.31691426094036235,0.5778708620739487,0.20715197598208834,0.4202966529188908,0.2289742491349481,0.5585828536919756,0.02342018237329534,0.12095833607498165,0.776758991858335,0.8257150550514414,0.27499089476898025,0.4310599483253003,0.8615541237533074,0.8820988354952946,1.1616674054549156,1.0535181736190573,0.8048853753307551,0.57638034559277,0.12232057520863017,0.2818747748430778,0.15226429493181357,0.3162651807493709,0.2262402045593324,0.41804378548340754,0.9729072682678608,1.1877276261418563,0.030388123956849176,0.14969994858254707,0.16079788316710766,0.5047832281701607,0.11154081009566456,0.8827600244249949,0.5927132098514146,0.2527986973336047,0.4400312804658195,0.09161392633201489,23.73901665266709,3.0042719542679275,0.6602610144475637,0.8516333168945324,16.326720365663665,4.586565923858795,0.9416584534087342,1.9918211414011453,0.21127573600153934,0.16477768090671316,0
454,1.4774729729729756,0.9950000000000401,1.4432612303388714,1.8349999999999795,3.0195000000000225,7.993000000000052,1.6645999999999994,1.0199999999999818,1.5222556421311124,2.5,3.6360000000000072,7.900000000000006,5.384,3.0,5.39300880770651,7.0,13.0,28.0,1.5439519650655034,1.1879999999999882,1.4959209727270393,1.8799999999999955,2.610199999999988,14.462000000000002,74,125,105,673.0,737.665,0.2820724854778252,3.234410669229846,353.5650000000003,0.47930293561440535,1,0.30532651817582607,80409,24551,0.12017131669114049,0.12260718095571739,0.08,0.14,0.02,0.28,152.44562175875834,192.47849374770885,57.40225097110021,179.5,80.0,127.5,276.0,0.09204736034076005,0.055739476132741925,0.091846,0.07804049999999998,0.012924,0.16613,0.321166963698831,0.17633817982593566,0.34154,0.26090500000000005,0.05651,0.548,3.273155191659077,7.056147023609129,2.1537,7.7358199999999995,-3.8373,12.452,0.25997131377650606,0.20082952637032256,0.21945,0.2038,0.064149,0.49144,0.10648089845953321,0.032999110111840244,0.10676,0.0485545,0.063557,0.14928,-0.37403363020243574,0.06532821152317879,-0.37584,0.07529000000000002,-0.45365,-0.2985,1.4124891845546004,0.5263724452498862,1.3842,0.8002900000000001,0.7523,2.1794,-10.095669870881022,1.1352012594844088,-10.316,1.8011000000000017,-11.403,-8.5261,604.777963779077,247.17518971648116,572.19,327.29749999999996,323.874,928.3510000000001,1608.5441641995274,439.23853504137037,1633.0,609.2750000000001,1016.5,2171.5100000000007,2524.9897280756313,460.839561196154,2546.8,610.1999999999998,1891.9,3089.2100000000005,1,0.3402186063123654,0.6528437323661412,0.22765788219262384,0.4562958294860466,0.15652227495714097,0.3409668395941535,0.0512387852213284,0.1883375664069501,0.16613585529034242,0.3068062113116404,0.19396381414567673,0.3397808060640867,0.167406972306475,0.31543169180213454,0.3081494823069146,0.40563980014236467,0.3285590759154248,0.4128994570615732,0.04738002413292892,0.17899453237372603,0.05188593779946372,0.18830605089437305,0.1608395893006286,0.3088052945823488,0.8704396163347841,1.0336991573283274,0.01159168592026023,0.08339863473732634,0.31122247131742053,0.9497120752560552,0.08857532199217548,0.9758231131038727,0.0018462349993406304,0.37940129236449954,0.22014211443831125,0.07739490354254064,17.820945815128766,3.03533018736854,0.6115881116471982,0.9136427464365757,6.20056394535637,3.0556291261960706,0.4253471901452118,0.569340516673515,0.4188041305796136,0.9779629169084528,1
455,0.9989999999999961,0.9534999999999911,0.8519967862671303,1.3674999999999962,1.67770000000001,4.788000000000011,2.5133660130718964,2.1200000000000045,1.952071618716009,3.7800000000000296,5.319999999999982,10.490000000000009,7.006535947712418,6.0,5.828145291842459,11.0,15.800000000000011,28.0,1.0010186915887833,0.7014999999999887,1.4583278190064153,1.1495000000000175,1.639599999999999,19.506,42,153,62,1072.0,720.2950000000001,0.5338715387445424,2.787710150957624,214.21799999999962,0.29740314732158296,1,0.4409307160276656,75039,33087,0.16668513853904282,0.17946434180819407,0.11,0.19,0.02,0.4,158.71746691720307,174.31554689152838,43.865454513052576,161.0,51.5,133.5,238.5,0.08666572924454619,0.045155177268251974,0.088786,0.050362000000000004,0.022070600000000006,0.13879,0.3048141018255206,0.1398455268167624,0.32366,0.162615,0.091866,0.46657000000000015,2.4274705805376127,6.413914829056906,1.691,6.135800000000001,-3.44494,10.525,0.21035854148496388,0.19689701051614278,0.15188,0.146815,0.06918,0.4202040000000001,0.09171054769909631,0.03286880132178548,0.086923,0.04825,0.0530266,0.1376,-0.3747991460996766,0.07269070375542795,-0.3764,0.08975,-0.469714,-0.28157199999999993,1.2124232686553633,0.49052550571153036,1.0988,0.681025,0.671936,1.9427400000000001,-9.867519004442832,1.0202020254668414,-9.8551,1.5926500000000008,-11.251,-8.50878,588.1989338062349,263.13144542568506,544.305,330.12000000000006,308.2,918.4580000000002,1612.7595289207713,426.67638762119105,1607.0,570.5,1041.9,2166.13,2529.5899598655965,450.13213493515707,2553.4,551.5,1947.67,3074.23,1,0.6946998517196186,0.9492614313421859,0.3318307842906856,0.4689121580556067,0.45761222483843267,0.6733229111846998,0.18821258100962626,0.40512557163713825,0.3347904531567768,0.5080239537311482,0.2859033747457857,0.40846095417231665,0.4209886774980793,0.5653063470473904,0.3559675398382067,0.5289691991534327,0.5024126755095585,0.5924144071426485,0.12278601391964568,0.2795060177832691,0.1466135767614227,0.3383791327750535,0.34074737357075063,0.45790934776377357,0.9339879753242645,1.0088506081731512,0.05951400578478782,0.18950919755663267,0.19193745198174175,0.3673340263027071,0.15496904234645456,0.9448185474759344,0.44461517602928546,0.31463822479323905,0.36971907914054586,0.09295914766725637,11.011300449368834,3.8753604086453337,0.8509752286684353,1.1035824702797212,11.22154506124967,3.437961134781164,0.6499910979379773,0.6901544580021237,0.24267370587445752,0.9896050819599308,1
456,0.9867454545454548,1.031000000000006,0.5750395154226533,1.3920000000000528,1.7190000000000283,2.51299999999992,3.535871212121215,2.690000000000026,2.856004937515107,5.36249999999999,7.857000000000008,15.219999999999999,12.371212121212121,9.5,10.985117551563627,19.0,26.0,59.0,1.0460096618357475,0.8779999999999859,1.2452347507388748,1.2809999999999917,1.77199999999998,16.91,55,132,76,1633.0,838.45,0.5566640825332463,3.498773393895891,216.52399999999972,0.258243186832846,1,0.43121594217675513,88269,38063,0.1415507623651915,0.13977167978409633,0.1,0.17,0.02,0.33,182.78217720830642,180.86585397892966,46.04575747877077,168.0,52.0,138.0,252.0,0.0942034220918267,0.04925024917741996,0.096127,0.05366699999999999,0.020183200000000005,0.154708,0.3562936758950162,0.16790617291876606,0.38841,0.22948999999999997,0.08557820000000001,0.5480960000000001,4.887198393413,7.122377256916658,5.0622,9.285555,-3.008799999999999,13.458600000000006,0.25048264757906896,0.17726328572845282,0.22373,0.164655,0.0845694,0.43414800000000003,0.0980050620447679,0.03117333825937487,0.093564,0.04379100000000001,0.0621954,0.14188,-0.40313142750177333,0.07006963941798473,-0.40342,0.08997500000000003,-0.49518,-0.31666,1.3948713120353098,0.4749088315898445,1.3521,0.66185,0.810894,2.0648800000000005,-9.568268814859575,1.1658091671938413,-9.3609,1.9822000000000006,-11.2708,-8.1679,568.1569422530263,264.15515625080417,532.755,342.4375,274.91,915.17,1563.5048383733056,445.3599223893942,1579.8,611.7,966.3470000000001,2114.5,2481.494089404724,477.77724524679365,2498.1,654.3000000000002,1859.6,3079.2,1,0.3997249914887988,0.6123439359265628,0.5116376843799613,0.6314780987323994,0.6170036730904921,0.7143076417896722,0.10333687616863646,0.27011567061483965,0.354491898527077,0.5271720055215299,0.3302218864879167,0.4571429577265088,0.3253577965249603,0.5128614677026164,0.5267131394425825,0.6772774320934766,0.22945527544540484,0.3717332326703251,0.1730314470365144,0.322823894117559,0.1843719785235491,0.3425660179906247,0.40570259653378027,0.5387601372329516,1.5360866783383313,1.2721560300246764,0.01692434230022932,0.10076979713688324,0.4426265655318398,0.6520991356500264,0.2603633797847945,0.8507232316105133,0.04282060328100194,0.4249426706650203,0.40814716173487386,0.10948990366041897,15.238483675149793,3.2956010952200723,0.8301139135273465,0.9935355836455929,8.605088680142867,4.744938327884982,0.9856960441388833,1.0595552821474417,0.11770351627257657,0.8624001006859228,1
457,0.4567090909090899,0.3439999999999941,0.6840633323345395,0.5890000000000555,0.8303999999999406,4.960000000000036,2.2681280788177434,1.7300000000000182,1.818797359744225,3.1150000000000233,5.052000000000045,9.340000000000032,6.753694581280788,4.0,7.06677675045063,10.0,15.800000000000011,33.0,1.1845884476534245,0.8099999999999454,1.4497464873404826,1.5599999999999454,2.420800000000032,19.554000000000002,55,203,75,1371.0,929.5200000000001,0.49534168172820575,2.9776513259344406,328.1309999999986,0.3530112316034067,1,0.30161798173145865,96231,29025,0.1530854430379747,0.16318793067002504,0.09,0.16,0.02,0.38,118.21554384761667,111.64463393626184,30.96591959932268,100.0,25.0,87.0,169.0,0.0920782087273006,0.044449725775987575,0.10033,0.051581,0.019071400000000002,0.13979600000000003,0.3015831585273179,0.4053330791986485,0.32522,0.14393,0.07540580000000001,0.446596,-0.791934260967428,5.2719994338193,-0.83129,3.64262,-4.84158,4.763700000000001,0.16104380195131437,0.15858551633287626,0.10954,0.10365900000000002,0.0515814,0.34632400000000074,0.09259006183128339,0.02620478452644081,0.087435,0.02903900000000001,0.0657404,0.12948,-0.431664941498708,0.05681150653778697,-0.43472,0.07107000000000002,-0.500326,-0.3657,1.0526866277347116,0.4849464394189746,0.87772,0.6193000000000001,0.5985440000000001,1.8062,-9.880252440999138,0.9211554528353815,-9.7535,1.3910999999999998,-11.274,-8.7621,637.5361842732469,314.0109565361989,602.0,384.51,281.44,1036.5,1617.9586286069207,420.45686326434617,1595.5,557.1500000000001,1067.9,2169.7,2540.6952390226443,431.29876210439807,2507.5,536.9000000000001,2024.5,3120.3,1,0.4346633485092385,0.6533809309498733,0.303666719799832,0.5088375598651798,0.34921952512597987,0.6730382419845158,0.232501914368701,0.3715482153294504,0.3117492932880738,0.5238985534197426,0.38417037255039194,0.5670093573048374,0.4589904237821948,0.6595647459058709,0.34597402715565506,0.6260250599302928,0.5063614626259798,0.6234220153338964,0.13337259231522955,0.28999005126949506,0.0761317769106943,0.22561038329523608,0.28627652880039195,0.42746010366967446,0.7892384813129899,0.8799978517599133,0.04589980931550952,0.16402407361066523,0.30487122060470323,0.26739221724524076,0.13115901455767076,0.9962206047032475,0.7891587346024636,0.4228723404255319,0.3327297339900616,0.0933469306086739,21.348377551192733,4.375842938650628,0.7289355618302088,0.9731457838285826,13.227646909821246,3.4799244368165625,0.41459243293080467,0.38130559943459824,0.2944673707770861,0.9902208675372058,1
458,,,,,,,4.602142857142854,3.9599999999999227,3.3835371062454374,7.310000000000002,9.43599999999999,13.189999999999998,10.899159663865547,8.0,9.05482364414726,17.0,24.0,38.0,3.086398305084748,1.0999999999999943,3.6677156497083825,4.542500000000004,7.584999999999973,21.130000000000003,0,119,0,1297.0,911.85,0.60059768602292,2.368279299924224,364.1950000000003,0.39940231397707987,0,0.4646786913900033,94971,44131,0.24287837094111173,0.27289762345862595,0.13,0.29000000000000004,0.03,0.62,114.79293679123101,199.5079989123292,50.652922836077025,184.5,58.0,151.0,277.0,0.08394452151121252,0.045407287980619555,0.085413,0.053424,0.021758,0.13952,0.32631716351031476,0.1327461008996983,0.33333,0.13631500000000002,0.14221,0.48897,3.7518531720445947,6.319625280378518,2.745,6.630580000000001,-1.6625,11.539,0.2259024421045795,0.19133425437342047,0.16963,0.17062999999999995,0.081032,0.44635,0.09646510373354332,0.034789950920635644,0.092674,0.0554515,0.055475,0.14481,-0.34465168337449864,0.07380763693269925,-0.34797,0.09541499999999997,-0.43898,-0.24734,1.445646386893567,0.6877173988610437,1.2594,1.2584650000000002,0.70183,2.4965,-8.822478625002832,1.161302213460541,-8.6277,1.5044499999999994,-10.72,-7.4783,598.7999842403103,242.23611285984168,564.25,271.4150000000001,351.05,882.75,1578.0450201277213,446.09286203705585,1594.0,617.0,992.0,2140.9399999999996,2545.318162265264,492.05436652581,2594.4,664.4000000000001,1852.0,3123.2,1,0.5123069355424751,0.6240038028562902,0.2233089895356442,0.3606253339069706,0.2951591645955962,0.4477646465719943,0.11886926073686505,0.27415487386093096,0.1935157766877407,0.3320576795874732,0.4323482775961049,0.49946352019101176,0.23497309221713536,0.3541182852254664,0.2825312249836494,0.40567675724029284,0.3245067099774726,0.4485575038641719,0.12532566717535062,0.2797365826128876,0.060221676404331084,0.1975188587891913,0.22546707862800666,0.3819628479881771,2.012266785044692,1.4360766489034718,0.004280117869340891,0.04850552821681205,0.2562313785335368,0.5847685487973258,0.11496257539423008,0.09432454036770584,0.01780393866724802,0.45381876317128117,0.360362911213886,0.14060174451308138,12.97245674382589,3.4588520628041395,1.4846097407331822,1.832060727446988,-1.2983037751419377,4.383242433017301,0.8465967424607669,1.1362633534685949,0.12793223284100783,0.48416040803911936,0
459,1.2942647058823475,0.9895000000000209,1.3375422436170763,1.5547499999999772,2.802799999999964,7.373999999999967,1.9576256983240259,1.3400000000000318,1.5585649392803993,2.82000000000005,4.155999999999961,6.919999999999959,6.726256983240224,4.0,6.553427433754825,10.0,16.0,37.0,1.6364944237918182,1.3000000000000114,1.8122733461582636,2.073999999999998,2.986399999999958,18.897000000000002,68,179,91,1204.0,936.83,0.3740433162900426,3.4359259734885716,440.2169999999991,0.4699006223114109,1,0.27393368817237385,97509,26711,0.1639717618170657,0.1697248028947005,0.11,0.18,0.02,0.38,100.23690120911915,107.91048631649882,29.43470909044911,96.0,12.5,88.5,167.0,0.0892735147018382,0.04173236022141813,0.095489,0.0452485,0.022359,0.1348,0.3294740928633447,0.15419815213828,0.35963,0.19144499999999998,0.082121,0.49598,0.5452164134243201,4.960960030659122,0.40363,3.8406499999999997,-3.4657,5.5723,0.18686739022294188,0.15703438489489852,0.14863,0.10082,0.073343,0.35304,0.08928848501123135,0.02549364885984354,0.082311,0.028925999999999993,0.065533,0.12646,-0.375624273512785,0.05370457514640601,-0.37548,0.06975000000000003,-0.44427,-0.30955,1.2354859829283815,0.4519665006070978,1.1418,0.585115,0.75058,1.9038,-10.268195294073601,0.787598238031376,-10.135,1.2451999999999988,-11.422,-9.3154,620.2680779576409,264.20935342460854,600.315,322.7725,315.14200000000005,926.09,1613.3486207502208,388.1068916953483,1585.6,490.97500000000014,1135.07,2115.5,2528.815527229401,424.30895941129063,2510.8,546.6999999999998,1989.2,3089.3,1,0.5023487612161789,0.6808578809687759,0.29306874651435666,0.4585647709278756,0.7858463030438984,0.8034992448900408,0.0346557885146328,0.14728193915201213,0.042806703789342905,0.1617860617586116,0.24101693021811155,0.3904372524097262,0.1513879084759801,0.317519050030434,0.14940295054527883,0.2937351443926522,0.5069775172901713,0.6007434365896446,0.09898376197542794,0.24815884910112077,0.03291626898122584,0.1588905516448111,0.15679555684014354,0.3235303915860847,1.04411890167725,1.1495326398446861,0.09081756760767531,0.23600713827877487,0.40495582551076753,0.009214522363335174,0.06011871893981226,0.7845803423522916,0.0,0.5439329099944782,0.2950816904778339,0.07839367839270307,23.638474384987788,3.0745628206463236,0.4433709303980218,0.5364065188504875,16.90539702747218,5.354425772260117,0.38831062436048297,0.4299839960838807,0.3822749043795872,0.9915453157402977,1
461,2.268806451612903,1.8524999999999778,1.7273438666075582,3.20150000000001,4.604199999999946,6.94500000000005,1.9721333333333328,1.3799999999999955,1.566204153004613,2.700000000000003,4.1220000000000026,8.220000000000027,6.453333333333333,4.0,5.898685352592464,8.0,15.0,32.0,1.8190886075949375,1.5049999999999955,1.6790722739088528,2.319999999999993,3.14059999999995,19.897999999999996,62,150,88,968.0,890.213,0.33230249389752786,3.2722601582043143,431.1240000000002,0.48429308491338613,1,0.25724648755488994,98151,25249,0.1602093908629442,0.1792394941328204,0.09,0.16999999999999998,0.02,0.39,96.34135159091605,119.43948275179216,36.61067548209953,104.5,36.5,88.0,184.0,0.11955645536121115,0.061424245194457924,0.13275,0.092889,0.025036800000000005,0.19126400000000002,0.4034936586680066,0.19435150507957358,0.48826,0.32123,0.08944860000000002,0.59169,5.909568292877381,7.78515765496197,6.945,9.4613,-2.77002,14.417,0.27878424028556775,0.16817131186166062,0.25109,0.16144,0.112428,0.4781,0.10494567093152204,0.02247392030429822,0.10194,0.023848999999999995,0.0828286,0.13416,-0.3915432328607073,0.05442594227677497,-0.39257,0.06595000000000001,-0.46011,-0.32827,1.739233223890055,0.49676104465642745,1.7737,0.7037,1.0579,2.3954,-10.347652247613768,0.8500097934621352,-10.369,1.3145000000000007,-11.439,-9.2006,653.9503567062732,268.8428960130014,642.25,330.97,332.26099999999997,979.2850000000004,1609.5760560265765,417.7595385388775,1584.0,584.9000000000001,1087.3,2164.0900000000006,2524.138284963111,457.37437227377893,2498.3,631.1000000000004,1975.01,3128.9,1,0.36985256403056693,0.6018162552578726,0.1989704210058646,0.3800670788402072,0.2992882807179669,0.44117712609526616,0.08065373044250933,0.22838577048320371,0.06712011359516616,0.21505853148622806,0.2990091805580238,0.40902324507370885,0.11606362772347611,0.2905969474845545,0.06574383166874,0.2105737259005772,0.2960256348676026,0.45506479922884957,0.11912434181624311,0.26709433251893366,0.038339709116758484,0.15698843557851572,0.28613046461702507,0.4357533911013032,1.3247082971387951,1.368145905480096,0.02569726738937267,0.127476362049812,0.2838457437355607,0.06763817309401102,0.2157810556246668,0.9961613648480541,0.11800248800426515,0.45239026124044784,0.25619481890629364,0.11309172783312514,19.9049755250967,3.170879895072365,0.6380290680891123,0.8271750823590156,6.334031125558764,4.118251475306701,0.41047746094986437,0.6633218369060427,0.393861351208326,0.9602549299282302,1
462,0.6697346938775591,0.43400000000008276,0.8162973341717606,0.8380000000000223,1.5124000000000026,4.486999999999966,2.8586764705882324,2.5800000000000054,2.118669743863824,4.08750000000002,5.951999999999991,9.549999999999955,9.759803921568627,7.0,8.435229111152328,15.25,20.700000000000017,39.0,0.8563494423791846,0.6470000000000056,1.06824311371943,1.0490000000000066,1.6639999999999762,14.792,49,204,66,1991.0,932.74,0.6252224628513834,3.414098804808207,230.35800000000066,0.24696914467054126,1,0.4858460263185162,96510,46889,0.18159953524399688,0.16527714667429727,0.14,0.21000000000000002,0.02,0.4,160.52222567609573,178.06999509479834,47.627844296235864,165.5,56.5,130.5,253.0,0.0780023526372115,0.0380223522082398,0.079385,0.032648,0.022667,0.11945200000000004,0.3266404450093114,0.14622796297104063,0.34043,0.16175999999999996,0.103338,0.50228,1.6328482334426837,5.991744122588749,0.91241,5.787999999999999,-4.11306,8.971140000000004,0.2085892051084711,0.1799020750403241,0.16334,0.14269,0.0688948,0.3909940000000001,0.08187709916837638,0.03578114449667663,0.069923,0.051677,0.0459868,0.13673,-0.3401988946447994,0.07751746106863404,-0.34394,0.09373999999999999,-0.437906,-0.24019399999999985,1.1312136063895584,0.44031037031859166,1.0213,0.5399200000000001,0.676846,1.7663200000000003,-9.243282418051141,1.144742143407298,-9.1231,1.6861000000000015,-10.964,-7.8205,564.6637735921627,237.653872105266,518.525,312.52250000000004,314.05,869.7020000000001,1607.8373982998135,443.1916789556296,1646.2,597.5999999999999,960.998,2146.6,2491.5652198838893,455.31145780245157,2559.2,604.2000000000003,1873.29,3003.9,1,0.793416551689984,0.8682585250850609,0.4457411977219265,0.5803944921238724,0.2960323378729726,0.5381922279648249,0.4303333555775659,0.4783843509021971,0.251212186083942,0.43469190475283503,0.7031636310511329,0.6449390175644577,0.4083996524699765,0.5365185965294484,0.4101028456109942,0.6018865374758898,0.4131225328711155,0.5094019311371156,0.12501598588584872,0.27675734956683745,0.0568296680698279,0.18935078190922044,0.24799549374767862,0.44255303950472924,2.383463654079485,1.5408920882824941,0.08042814634146342,0.234306932767209,0.30630184474433575,0.47010028475919274,0.192769592670546,0.18323635012999875,0.019066485081094466,0.42144360529899716,0.5032326599338509,0.11967145911165358,11.286305600966845,3.3904969585859592,1.4254636786850956,1.5344354238707705,11.868429752143548,10.880394990361488,1.1703005417363341,2.140643234306724,0.11594039286520659,0.2969858156028369,0
463,1.4669433962264085,0.7699999999999818,1.5963187298788621,1.761000000000024,3.956000000000032,6.460999999999899,2.9384453781512625,2.6399999999999864,1.9700909363368562,4.394999999999996,5.931999999999994,9.370000000000005,7.6722689075630255,6.0,5.94528164544415,12.0,16.200000000000003,26.0,1.4781565656565623,1.2210000000000036,1.6642601992599415,1.9102499999999907,2.6556000000000046,19.322000000000003,53,119,80,913.0,798.7,0.43780518342306274,2.610995924787301,292.67499999999933,0.3664392137222979,1,0.3771460063017408,83469,31480,0.19078787878787878,0.2047792244398028,0.12,0.22,0.02,0.46,118.60690795385113,142.0620711562897,35.84513169321899,128.5,38.125,111.0,200.0,0.09575796508397713,0.04775236251706918,0.098808,0.052046499999999996,0.0263014,0.15122100000000002,0.35390682400653434,0.23322042355003597,0.4037,0.18664000000000003,0.10294,0.5004230000000001,2.979562846619441,5.717603507501818,3.2087,4.6513425,-1.9549299999999998,8.62723,0.19996760132567662,0.1668215498078825,0.14789,0.11022500000000002,0.0928503,0.38985500000000006,0.09297720798723,0.027314812417237662,0.087543,0.036445249999999985,0.06367070000000001,0.13123100000000004,-0.4037495918043202,0.062449905641367584,-0.40344,0.07848500000000003,-0.484581,-0.3306059999999999,1.3360263335451081,0.42790775137608666,1.2291,0.5114999999999998,0.915789,1.9797,-9.665272811308768,1.0995754474727297,-9.463,1.8978000000000002,-11.305,-8.33169,636.1277348710389,263.85234260925324,617.945,348.605,313.0,944.79,1632.2371179107342,411.4537584525122,1642.7,524.8999999999999,1094.1,2159.7,2572.2377182511145,439.40604910352823,2591.8,529.7000000000003,1983.8,3122.1499999999996,1,0.28222113891138484,0.518631350167671,0.17051718464686075,0.3384777775201744,0.3718776182600912,0.5251628941995153,0.030588545074804994,0.13898896915844627,0.26653438378585737,0.47816578029081674,0.2963821963684412,0.4256380785464,0.30870848373897103,0.5119850062201329,0.4587363479391331,0.6731432255033103,0.3255456270832445,0.434724160579821,0.15486848135203102,0.3165855201843968,0.2159014963130301,0.3830384808540895,0.3416659587400367,0.4824980708476666,1.0053007738800561,0.9593309574454496,0.017288823963172925,0.12340648553553242,0.3877925067132688,0.5620391287668898,0.11708793316567921,0.8720003409914326,0.004603384339968458,0.2704914539022207,0.30329550428979396,0.08182173938314456,13.570495369663542,2.4437195313788633,0.6107750495006293,0.7474352524786302,10.088227801592485,4.964887499544612,0.5209640874551893,0.7749952906022994,0.37177302547499363,0.9373510656708867,1
464,0.5844029850746231,0.5310000000000628,0.48889149849892005,0.7399999999999949,1.036599999999997,2.4189999999999827,1.3974931880109007,1.1200000000000045,1.10430282262975,1.8400000000000318,2.9879999999999947,5.829999999999927,5.53133514986376,4.0,5.168915065903023,8.0,13.0,28.0,0.6974543429844084,0.5779999999999745,0.8562451402024625,0.789999999999992,1.1975999999999656,15.215,67,367,83,2030.0,947.46,0.5413210056361224,3.9580408672593936,313.1569999999994,0.3305226605872537,1,0.39073354347094286,98031,38304,0.1723076923076923,0.14861735161577616,0.14,0.18,0.02,0.37,136.05900174434618,106.515677213868,24.6672375741658,99.0,16.5,88.0,133.5,0.0865539314820567,0.036855689569554415,0.093722,0.03133575000000001,0.023179500000000002,0.12335700000000004,0.32467408385351393,0.18481308799825283,0.36167,0.08636500000000003,0.10148200000000002,0.43285,-0.9875562080175438,4.2864316609447055,-1.18175,2.8948199999999997,-4.36648,3.0780700000000047,0.15911790097213085,0.12501732335281346,0.13765,0.07627274999999999,0.07140300000000001,0.26064500000000024,0.08695660110719508,0.02553953168369431,0.078933,0.024693000000000007,0.06484820000000001,0.12491700000000004,-0.398638133302005,0.0607398512271642,-0.39572,0.08366250000000003,-0.48139,-0.32478,1.0286672120405183,0.4130702443331087,0.86529,0.37000749999999993,0.704063,1.6835700000000005,-9.458247263993316,1.080241889842512,-9.2484,1.5295249999999996,-11.197,-8.2008,566.680066876537,299.2858538366476,499.73,366.00000000000006,262.5,958.3920000000003,1541.8666047940242,447.57884699382777,1540.1,575.5,962.286,2127.5,2481.750170311336,463.5633975060112,2498.3,538.6000000000004,1872.56,3079.540000000001,1,0.2421218550764951,0.419447402036691,0.42557598744784425,0.49996246587138876,0.21370892600834493,0.36417355042138116,0.19340934162030599,0.3647679156417239,0.14824505100834492,0.3457501203193787,0.32855530479833106,0.4795141005634755,0.24896706338664812,0.4481850146982405,0.27441070984005567,0.5001434203201472,0.40950050886648126,0.539455861317119,0.07184503675243394,0.2053668409637143,0.2139643505215577,0.36487682086297085,0.2240698304589708,0.35904845093591964,0.952366926077886,0.9412502525010376,0.028747449617524335,0.1255198967645062,0.3260083449235049,0.40535465924895686,0.2800069541029207,0.9149165507649514,0.8624826147426982,0.355528511821975,0.28396345296294456,0.09629810843313646,15.507768774507536,3.0606700786677616,0.5693227278318123,0.857836957912562,12.91863735459333,6.638291791459032,0.8874449522743724,0.8396458724355657,0.1061139896373057,0.9822282670293552,1
465,0.5997441860465098,0.41749999999996845,0.6442820988754251,0.865999999999989,1.347500000000025,3.1210000000000946,2.3494915254237316,1.9599999999999795,1.670674910540001,3.2349999999999888,4.825999999999953,8.259999999999991,9.064406779661017,7.0,7.260241456316851,12.0,19.0,40.0,0.7552010178117019,0.5099999999999909,1.1715123749150576,0.9059999999999491,1.5609999999999902,18.98,86,295,99,2674.0,1114.29,0.6220104281650206,3.8580291444235995,296.79399999999885,0.2663525653106452,1,0.5229155922296717,116340,60836,0.2607629661380197,0.2857782344406493,0.16,0.32,0.02,0.64,120.31975244971635,118.86256492866066,26.971073719166988,111.0,24.5,96.0,155.5,0.08159279617094468,0.040322872816865425,0.08189199999999999,0.04493525,0.023915,0.132175,0.32019935664570814,0.13716728693329797,0.33722,0.14854500000000004,0.114185,0.47181,0.1871434461323476,4.8307953781781565,0.0,3.3912,-3.47155,5.07945,0.1626204824836429,0.14442240161719472,0.12160499999999999,0.10100925,0.062491500000000005,0.29895499999999997,0.08319285605233745,0.030782783145460936,0.078523,0.046415250000000005,0.047925,0.124355,-0.40068552513314487,0.06101482300967427,-0.40315,0.07884249999999998,-0.477005,-0.32305,1.0637682827602077,0.4534878817046424,0.93094,0.5339425,0.61998,1.7414,-8.92851777565915,1.1644846955463903,-8.7644,1.4510750000000012,-10.835,-7.56245,556.8562099736786,266.93193590746137,514.63,272.75,281.11,882.4460000000001,1555.8052115641854,385.9720805030761,1534.9,482.3000000000002,1076.5,2070.0,2479.7202310248117,412.22401586201084,2427.2,458.39999999999964,2016.3,3044.1,1,1.2483668536844479,1.3931409146522744,0.7968891081994656,0.9267968402614485,0.6105097515693911,0.7383664132763792,0.15747686585326592,0.31931602798607733,0.45719188005022054,0.5866297988217459,0.5658410748478898,0.6926558172011613,0.5565073166790071,0.6447049077942356,0.7538551571322795,0.867344687896308,0.5716427258474712,0.623870360037829,0.2108117667965103,0.36199200513884583,0.2994955154041786,0.4400844851680799,0.3633914098767021,0.4807271190133021,1.129458842545794,1.0550619533247076,0.035012698483726616,0.1525594119615461,0.4302868364291923,0.717026687699192,0.14126130766506775,0.9550268808550365,0.04268744165083862,0.29852235778900943,0.5540322119264536,0.12046756663861218,21.104317356180356,3.147789497822708,0.7824204235204851,0.9427435896650671,3.7564876735858688,6.42143728552447,0.9589915984887734,1.2586909735204004,0.14132027815023854,0.9091629661462064,1
466,0.9133561643835629,0.5130000000000337,1.5699766368548997,0.9680000000000035,1.5673999999999975,11.159999999999968,2.7192238805970144,2.240000000000009,2.1532563082415344,3.969999999999999,5.662000000000012,11.050000000000011,7.182089552238806,6.0,6.286183033153645,10.5,16.0,32.0,1.096318396226416,0.7099999999999795,1.806964897707859,1.162499999999966,2.040000000000012,29.155,73,335,90,2406.0,1500.4050000000002,0.6071294083930671,2.641227742771204,464.8390000000004,0.30980901823174434,1,0.46275478611690957,156651,72491,0.19698641304347825,0.1907534256064934,0.14,0.24999999999999997,0.02,0.46,140.95026523928988,174.98367383537266,34.13820171401283,166.0,23.0,150.0,215.5,0.10607878353555476,0.04908004351269835,0.10641,0.053619500000000014,0.035732,0.16698,0.3550112240918141,0.13593646848494018,0.37978,0.13072,0.14404,0.49317,4.022627387430522,5.638675049928632,3.7416,6.91061,-1.909,11.319,0.19712141723059137,0.14816622945627192,0.15901,0.10266499999999999,0.095931,0.34694,0.10456292508518297,0.02986850895445657,0.10388,0.0430185,0.066507,0.14393,-0.3771370657053979,0.07182710232471227,-0.37964,0.08916000000000002,-0.47015,-0.29026,1.2650347196203666,0.4266115253307026,1.1688,0.5429400000000001,0.8182,1.8883,-9.90658424356127,0.8909551267821358,-9.8566,1.3446999999999996,-11.114,-8.81,612.656142631937,250.392300471668,599.0,323.86,321.7,901.2340000000003,1631.4550428129453,396.55313342316595,1632.3,460.29999999999995,1107.1,2136.8,2621.69499903719,433.503447164508,2685.55,528.5,2009.7,3105.3,1,0.5693619374534433,0.6955518663953476,0.3068631483136832,0.4600944937247966,0.5142500886953841,0.6604832252477146,0.14487298286712388,0.302360162963444,0.17348682939046006,0.33373175953154677,0.4521007974108038,0.5329469255120136,0.25325446086666153,0.3969945424689171,0.38123191790603894,0.5609083119981464,0.5840760009503995,0.6727087808811023,0.3157595569340628,0.4257278470592697,0.2498401901569443,0.4468050916936925,0.29551063889959156,0.43895148766008224,1.2419105723202588,1.254622999979348,0.15592083933112427,0.31770885366577983,0.4369268706172459,0.0724615345097737,0.38699237111813206,0.7027304718604711,0.006858287739847422,0.5559579769335491,0.40274571153542715,0.10687139436350959,6.647296281938982,3.16800340668783,0.6788960481446802,0.8730952281226617,18.34739588632934,8.425442668491069,1.0039301938776295,1.4330319287171125,0.18391587966118197,0.8589271655637595,1
467,1.2080135135135144,0.8139999999999645,1.5506513321412585,1.4004999999999654,2.121199999999988,9.41700000000003,1.455959183673467,1.1700000000000017,1.0511223381522226,1.9300000000000068,3.0200000000000045,5.7000000000000455,5.0285714285714285,4.0,4.273697438508997,7.0,11.0,25.0,1.440906060606062,1.0080000000000382,1.889390568802127,1.6780000000000115,2.5299999999999727,25.018,74,245,86,1232.0,963.0699999999999,0.37038844528435055,3.4537859886182103,475.4990000000005,0.4937325428058194,1,0.2033739362922615,100239,20386,0.13709482178883658,0.1560211598045074,0.07,0.16,0.02,0.35,89.00727261844193,85.65907976062003,19.951922868537768,79.0,14.0,71.0,114.5,0.08533502070764397,0.04299598091435346,0.0954415,0.0533915,0.008718050000000001,0.130255,0.30385614609733147,0.14610894544150843,0.33416500000000005,0.1380675,0.0365155,0.45174499999999995,-1.6430289686112578,4.485770993877609,-1.566,2.9268,-4.140549999999999,1.7236,0.1352783620180369,0.14551119217380865,0.10230500000000001,0.07004274999999999,0.0297415,0.237575,0.08583008192048465,0.025623530021431487,0.0820395,0.02449949999999998,0.060865,0.119565,-0.41826720298243897,0.05441236662812674,-0.419485,0.07290749999999996,-0.4867,-0.349085,0.982931209653684,0.4190942851315804,0.84613,0.4263499999999999,0.618505,1.6184500000000002,-9.621503968409693,0.955129122132961,-9.5063,1.1725999999999992,-11.112,-8.49175,632.4495401017878,275.2397502100609,612.7,337.91999999999996,301.638,963.94,1614.813266244391,409.09719821068524,1585.9,546.5,1108.68,2175.5,2525.521818528594,426.4128150945847,2472.4,568.3500000000004,2037.48,3100.3,1,0.5880880710900473,0.6613049817508972,0.3014673916415338,0.4044577927743262,0.2875864623007324,0.4756575284562385,0.1535440960792762,0.31009458296044334,0.07968302154243861,0.2245227398058385,0.3865773709607928,0.5031351991687084,0.07290057690650581,0.21476081831947497,0.11890842955622574,0.2848641786907929,0.302585546316243,0.3945752254852016,0.044841950452391206,0.1636829558847658,0.11477342352434296,0.29264059904097706,0.4355430512710039,0.5254975419135487,1.5612378616975442,1.02147866092891,0.010869149073675139,0.07672146032792229,0.14691943127962084,0.03231365790607497,0.13442481688927185,0.6884963377854373,0.38388625592417064,0.41232227488151657,0.31847188588662523,0.14851056228448276,18.405792116129156,3.8841404181972816,1.118576379973659,1.7622210145205375,4.510469232300712,5.4537896987687144,1.6408017473737164,3.518250433956011,0.13726333907056798,0.07726496863292766,0
468,1.1951538461538418,0.8409999999999869,1.2499226804489063,1.85024999999996,2.6260999999999624,5.9599999999999795,2.5890374331550805,2.1100000000000136,1.8870558608923498,3.5200000000000102,5.38599999999999,9.649999999999977,10.0,8.0,7.936917059313213,14.5,22.0,37.0,1.1478031496062984,0.8280000000000314,1.297944034677702,1.2562499999999854,2.032099999999983,14.254999999999999,52,187,68,1870.0,906.14,0.5342993356434989,3.8624393266549615,291.5419999999998,0.32174056988986227,1,0.390972643406646,93981,36744,0.1910764430577223,0.19670805036646524,0.13,0.23500000000000001,0.02,0.45,122.76949596194976,123.63030698889615,29.879168762624293,114.0,24.0,100.0,172.0,0.09297001421347975,0.0396845023696344,0.099041,0.0402575,0.033194,0.13385,0.3394181076187949,0.1336892987904045,0.37587499999999996,0.11327999999999999,0.121653,0.4636,1.8182938509713151,5.042514584076044,1.5521500000000001,3.51698725,-1.53545,6.941340000000001,0.16322127785992271,0.1420348952702721,0.12314,0.067505,0.0812528,0.29581100000000016,0.09244045299050184,0.025870607425712032,0.089059,0.032575250000000014,0.0631056,0.1275840000000001,-0.4238782633082952,0.05485147888650125,-0.42826,0.07018250000000004,-0.48972,-0.35599599999999987,1.1664327797735685,0.4062819855288429,1.0322,0.4286374999999999,0.799459,1.7746,-9.539441478880907,0.9559556758454579,-9.3237,1.2289499999999993,-11.132,-8.48313,635.1960068234793,282.26953970020895,597.53,345.945,304.31,988.25,1619.661986376457,396.67335259106994,1609.8,501.70000000000005,1127.74,2133.6,2537.6699866957583,426.9525878835914,2552.5,515.6499999999996,1973.54,3077.6,1,0.44810615037426815,0.5899542598383081,0.26783833895353143,0.42798394494769193,0.24426004706143922,0.3765886394410379,0.36472815693322463,0.4530951513207674,0.08724403809382643,0.2364266458777152,0.33319181171718665,0.463603386709045,0.1434903477729193,0.30530993459521305,0.23221354331875788,0.41573558611098743,0.29538249492329355,0.44059648015938724,0.24326265752612466,0.4050648549418734,0.1699534092862966,0.35694378749977135,0.23468406925813384,0.41626614110783944,1.2552523195360556,1.225814056985006,0.06263962384199215,0.1880517238325594,0.3508856444082117,0.38201289557548357,0.12065515452456829,0.8878677832950419,0.0036685688875713334,0.4082857778107167,0.31301764347121785,0.10100085077423965,18.76000542358476,2.6917111260573745,0.454425586384577,0.5228995501127546,-2.8462793307338723,7.587845587918294,0.7575213293026559,0.8519111980654694,0.22286968094672854,0.9764835242790763,1
469,1.1709830508474564,1.1820000000000164,0.8955381961310551,1.8029999999999688,2.4472000000000094,3.1370000000000573,3.4233967391304314,2.579999999999984,2.782117587728078,5.414999999999992,7.2899999999999565,12.889999999999986,9.097826086956522,6.0,8.813354223302637,14.0,22.700000000000017,47.0,1.2488750000000028,0.9819999999999851,2.033729438139898,1.470000000000006,2.2700000000000613,31.445999999999998,59,184,81,1674.0,1086.8300000000002,0.5795800631193465,2.6575435978441218,329.70300000000077,0.30336207134510523,1,0.395103808839063,112659,44512,0.1984485064645564,0.20095625252000038,0.12,0.21000000000000002,0.03,0.49,119.45783292945971,192.12214683680804,40.292817062594295,180.0,40.0,157.5,251.0,0.09085147349096853,0.04379192944774321,0.0865155,0.044193750000000004,0.041226500000000006,0.14637,0.37672672586308864,0.15311542803389946,0.386295,0.173645,0.162372,0.56481,3.919025039919223,7.294348463073422,2.6209,8.6334575,-3.81113,13.083800000000002,0.24980692993617487,0.15707662823225296,0.22955,0.1509125,0.10815,0.4024140000000001,0.08524558495983106,0.033751480557453625,0.0785885,0.049555,0.046939,0.13369,-0.365630230589504,0.07549684126978325,-0.369355,0.09399249999999998,-0.46229899999999996,-0.267123,1.2866918994877785,0.45544061895709437,1.1653,0.613305,0.81355,1.98429,-9.397394354331416,1.0726184659078573,-9.34295,1.4937999999999985,-10.955,-8.04811,564.2726035413244,242.0063535540283,530.055,348.79999999999995,303.64099999999996,875.4450000000005,1504.8351631366527,474.4897347599027,1521.7,675.625,835.31,2115.3,2426.192468926352,521.3910589722216,2473.5,696.6999999999998,1709.6,3043.390000000001,1,0.5665895156142167,0.8665053781984938,0.20135421713250518,0.44411265062748473,0.636687793305728,0.756656781085139,0.12567804727398205,0.281108120423233,0.13474761801242235,0.3435274896051271,0.46240017857142857,0.5446917784947876,0.19777398412698416,0.4222228040018466,0.1994473052967564,0.47166869871280337,0.34703224447895104,0.48079635377198604,0.16696122869220154,0.3069151019616637,0.09510087129054519,0.2314580658754329,0.25171882850241545,0.37866423059633925,0.7300909721359559,0.9106679622251598,0.03978663207384403,0.15229880042945065,0.39320220841959974,0.06513112491373362,0.17952035886818496,0.7579365079365079,8.62663906142167e-05,0.31815044858523117,0.29681210260770974,0.09620739628652772,13.555047543989508,2.679498218476812,1.3204868549153306,1.3897390055390446,7.732413429468398,3.7694045602550696,0.8954665006473186,1.7742755126457892,0.25829138288421677,0.3807804964643924,0
470,0.8547192982456187,0.6789999999999736,0.6919891682142267,1.2520000000000095,1.76099999999999,3.060999999999922,2.938333333333336,2.014999999999958,2.5536112773003534,4.412499999999994,6.345999999999987,13.439999999999998,8.416666666666666,5.0,8.285397845626814,13.0,21.0,39.0,1.0451075697211143,0.7530000000000001,1.2544616217885305,1.295500000000004,2.0049999999999955,17.399000000000004,57,168,84,1414.0,908.37,0.5434349439105215,2.8644356211003945,262.32199999999966,0.28878320508162936,1,0.45879779361739986,95541,43834,0.21721506442021804,0.21097812307270927,0.15,0.24,0.03,0.5029999999999996,126.73093226991554,207.5620408815075,44.557688442602775,198.0,57.0,161.0,269.5,0.12323905467373271,0.047949125990854435,0.126105,0.048417500000000016,0.0567577,0.17804,0.41710992872620567,0.14162562881601598,0.43993499999999996,0.13473499999999994,0.219433,0.56471,6.542611919930419,6.309890807254054,6.200200000000001,7.5252,0.0,13.747,0.24842355738464206,0.1415041386466529,0.22855,0.14211,0.12049,0.39872700000000005,0.10921298430099922,0.027244978036918204,0.10664,0.03803324999999999,0.0763865,0.14635,-0.35940744182597983,0.07625988283567828,-0.36037,0.09721750000000001,-0.45908699999999997,-0.26152199999999987,1.4777283252726194,0.4268853106786067,1.4284,0.583,0.990563,2.080840000000001,-8.606922217913034,1.5228757975365668,-8.1912,2.250725,-11.119,-6.90803,577.5156435407958,287.36490188389547,519.16,363.67,287.38,950.4660000000002,1557.8903594705862,460.8812754066151,1577.9,648.2,938.77,2140.5,2497.626200393796,497.3127366644601,2562.1,682.0999999999999,1791.3,3086.4,1,0.6684765720056364,0.9012632086546306,0.7777404626115547,0.7554914037051303,0.4068547623297322,0.5428338938406785,0.4017648896195397,0.60266397552909,0.19187860962893377,0.3265699696203193,0.5861824327853452,0.7628283593791356,0.253095317472992,0.3688751646120468,0.21324479755753875,0.36319905104026984,0.32342810540159694,0.4367869824231572,0.3194667303898544,0.4066499717258589,0.24399345796148425,0.37689789837668425,0.42211133466416156,0.49868992299505066,0.8562599706904649,0.9371044586619448,0.034189366040394555,0.14841318715642604,0.3615312353217473,0.19008924377642086,0.22414279004227336,0.7261625176139033,0.19267261625176138,0.342555190230155,0.40704905779708783,0.1278400476939801,17.253915365953656,2.7585317274529695,0.7439485245227695,0.9149334706107817,21.806575161177967,4.865209189366678,0.9709443344288241,1.2798941608173504,0.11426560300328484,0.7432837903844812,1
471,1.0039999999999973,1.1030000000000086,0.5947194502366543,1.384999999999991,1.777999999999952,2.2339999999999236,3.9164900662251663,3.4200000000000728,2.8837264221343744,5.904999999999973,7.9599999999999795,12.719999999999999,9.794701986754967,8.0,8.125112637666277,16.0,22.0,41.0,1.0800913242009131,0.7750000000000057,1.2980690228207898,1.3020000000000067,2.035199999999998,17.39,49,151,69,1479.0,971.15,0.6089584513205994,2.5008877390554454,236.54,0.2435669052154662,1,0.45768654991912067,99531,45554,0.21002305209774091,0.23724803318870966,0.12,0.24999999999999997,0.02,0.52,130.75323266118093,108.53469508714932,28.676558479766435,100.5,26.0,83.5,150.5,0.10597220353471264,0.04593875745837729,0.11111499999999999,0.047784499999999994,0.03544900000000001,0.15774,0.3537291639321684,0.13705152498045986,0.38425,0.09325499999999998,0.13198400000000002,0.47627700000000006,0.5455395880378013,5.156400355705784,0.22997499999999998,4.0073,-3.7370999999999994,5.921910000000015,0.18497029301511833,0.13905339609363984,0.1534,0.08366500000000002,0.0900503,0.3186310000000001,0.08982795334181412,0.02341846166078619,0.0854355,0.02169874999999999,0.0674256,0.12163700000000004,-0.39644637643236597,0.05279438814053566,-0.39490499999999995,0.06596750000000001,-0.46465,-0.33472,1.2380391076524564,0.4451178371645782,1.12955,0.5031650000000001,0.785401,1.9101700000000004,-9.758325887957149,0.9847261374322321,-9.6342,1.3667249999999989,-11.292,-8.557329999999999,577.1269858126237,275.33809510457354,540.68,301.32500000000005,270.1,909.9,1558.9054671945817,415.51682267351595,1517.2,528.5999999999999,1051.4,2128.7,2527.280345388952,413.07184753365595,2508.2,431.89999999999964,2026.3,3064.3,1,0.37166026627063203,0.5551599524189964,0.20151670259803736,0.36971289792689305,0.23939212264541113,0.3782692210424951,0.0390075268263338,0.15453287534202165,0.08634345783359025,0.22510653008612433,0.2628722511185472,0.39797138148399114,0.09362959093130804,0.22678292120615323,0.18151755359627025,0.31467300847043533,0.2823903901191864,0.40411199775945206,0.11057407628679927,0.2505716260191,0.014550165544986275,0.09728039037381289,0.09942021239237508,0.2426256934426753,1.0725734487348197,1.0121044816385554,0.038597849381509196,0.14519165951194107,0.28379140504568184,0.20780539158551717,0.08046020227845246,0.5744632853329323,0.00018799112681881414,0.23397375643869608,0.2210032581628433,0.08343781905979418,27.124671067735104,1.972251805286454,0.6330160118247838,0.8376531415957942,9.546620708261077,3.576865785331697,0.423970557210149,0.5314369281641643,0.34295256679675773,0.8918246154533075,1
472,0.9222608695652188,1.0260000000000034,0.8959960557653582,1.3402500000000046,1.6384999999999934,4.918000000000006,2.3713212121212113,1.8500000000000227,1.8959402048743887,3.230000000000018,5.053200000000004,10.274999999999977,5.454545454545454,4.0,5.24139068459316,7.0,11.599999999999994,27.0,1.3558166666666658,1.0490000000000066,1.703662368660201,1.5680000000000405,2.325500000000002,21.590999999999998,46,165,76,900.0,865.64,0.4519985213252621,2.300213664291484,325.3959999999998,0.37590222263296497,1,0.33799557032115174,90300,30521,0.14423913043478262,0.17107835871440863,0.08,0.15,0.02,0.36,140.59800664451828,226.78290357458798,53.569152422373094,214.0,65.0,172.5,301.5,0.08388862992462566,0.056103393811563686,0.085883,0.085607,0.0074261,0.15791,0.28573202481865273,0.15190684095353002,0.31064,0.22435,0.044002,0.46647,7.792693812572327,7.262642033023575,8.2437,8.902999999999999,0.0,15.733,0.3039369571407654,0.3007580846951396,0.21399,0.16312000000000001,0.10822,0.63131,0.11790452085383835,0.035235101733790616,0.11753,0.05354400000000001,0.0719,0.16438,-0.3473377493496281,0.06823304738952177,-0.35109,0.07639000000000001,-0.4297,-0.26178,1.4955862311195571,0.47255341502604303,1.4558,0.6367999999999998,0.91616,2.1726,-9.461089037056453,1.2374444735516081,-9.2156,2.0648,-11.349,-7.967,642.8972634747726,262.72996008316596,638.68,352.095,299.488,954.6719999999998,1619.5112618712528,465.145885288033,1629.9,628.6000000000001,981.92,2222.4,2563.4472124026197,476.0353264279928,2591.0,631.2000000000003,1934.0,3134.8199999999997,1,0.296619078341189,0.5391351406860041,0.16788689702752016,0.3574507069550964,0.46444286156302267,0.5760081220246664,0.1009469370533678,0.2616698783198271,0.26686059506613957,0.42364556801830083,0.3075749098753231,0.450810917961565,0.24400316348639198,0.41643401142963016,0.3696330248213472,0.5387607286180125,0.48284278861943136,0.5589777936383488,0.3533304191120572,0.4636256307231788,0.08585715436369165,0.23379298634464166,0.2821363016953018,0.4192712704992339,0.8595638780979169,1.0357763781995402,0.10824844461760683,0.2691801250059836,0.405694085449293,0.48570776949977196,0.11612437281435305,0.9207085297247986,0.0062718564695149765,0.5137220617302721,0.3135676038385934,0.08904453792581007,17.81506562494164,2.156226583943816,0.6010522998667297,0.6053754278114432,5.267970768414252,4.656154510492026,0.5539379076012781,0.6885894972357597,0.2761543943883867,0.9797234115852157,1
473,1.2020727272727247,1.1399999999999864,0.8685745449673797,1.7270000000000039,2.2339999999999804,3.6690000000000396,1.3858088235294133,0.9350000000000023,1.1231149600337254,2.0825000000000315,2.987999999999989,5.469999999999999,4.955882352941177,3.0,4.6350132417141,7.5,11.0,20.0,1.5947368421052626,1.4585000000000008,1.2451089560062094,1.964499999999994,2.7182999999999997,12.415000000000001,55,68,85,337.0,505.11800000000005,0.18656036807241097,3.5761659680585733,242.39999999999992,0.479887867785349,1,0.272824436069078,53331,14550,0.11752827140549273,0.11714163206669022,0.08,0.13,0.02,0.27,139.28109354784274,198.87209621993128,55.80890380320893,182.5,79.0,144.0,287.0,0.08503189962755532,0.051515141076234866,0.085956,0.07237725,0.012428200000000004,0.15103,0.28418337032618557,0.15097449460097692,0.31114,0.21641000000000002,0.0526777,0.458684,2.5839594947742954,6.651175414954954,1.3258,7.0138925,-4.387169999999999,11.423200000000001,0.25160359314295533,0.21089097906078433,0.1966,0.1995075,0.0731937,0.4930320000000001,0.10495426838529896,0.03266554972351585,0.10375,0.05018775,0.063897,0.14879,-0.35145869573883165,0.05662669525136289,-0.35191,0.06288499999999997,-0.417431,-0.28257899999999997,1.349583673539519,0.5152666932099087,1.2797,0.7882625000000002,0.751347,2.10971,-10.287378756013746,1.3116126338775935,-10.8605,2.2184749999999998,-11.602,-8.20582,627.2783234582489,269.1031242490883,606.27,334.9725,313.21500000000003,949.13,1593.4190374371672,440.8797723746736,1587.1,579.7249999999999,988.425,2167.75,2518.12215113662,461.97008367068474,2541.7,611.2249999999999,1908.3,3094.6,1,0.38241429613899613,0.584672339141565,0.2858293200772201,0.4686704314419891,0.19774033166023167,0.3982579643552875,0.059930268082368086,0.20701222208927036,0.12510282490347494,0.2773103695828756,0.3603922117117117,0.4492125070261158,0.16304415830115832,0.3195091857584911,0.24151717606177606,0.41416167350297284,0.2627508871943372,0.4128038727950145,0.047493437065637065,0.1851116873202101,0.09936154536679537,0.25922571571780634,0.1801599323680824,0.3752939662350913,0.49435338159588155,0.7249067401542175,0.04367360836550836,0.17633258456989304,0.2485842985842986,0.7940797940797941,0.09034749034749034,0.8458815958815958,0.07606177606177607,0.30263835263835265,0.21026881277808418,0.07173863021613819,11.040611187503938,3.3220178754180507,0.46736770105327946,0.5910266818826752,19.3435701140591,3.7633622446710824,0.4073817953182372,0.797572290665635,0.3980502627081091,0.9820000000000001,1
474,0.767166666666663,0.7484999999999999,0.4859832015843986,1.099500000000063,1.4272000000000005,1.9569999999999936,2.2751732673267346,1.9299999999999997,1.7607699977083613,3.375,4.878999999999975,8.17999999999995,8.638613861386139,6.5,7.913085669401855,13.0,19.0,45.0,1.0042253521126747,0.7350000000000136,1.1700697095783499,1.2442499999999512,1.7414000000000116,16.456,60,202,83,1745.0,897.06,0.5123235903952919,3.796903728363629,285.1999999999996,0.3179274518984233,1,0.4070779283796461,92739,37752,0.18132564841498558,0.1915482964186599,0.12,0.21,0.02,0.43,134.70061139326498,124.55134827293918,33.17507044594435,112.0,28.0,99.0,181.0,0.08089741031938016,0.04108879477837112,0.0829785,0.04242150000000001,0.021989700000000004,0.12698,0.2909545983006675,0.12972118882450784,0.31496,0.128585,0.08879950000000002,0.432087,-0.3102086645002119,5.533435048130518,-0.8515999999999999,3.3297499999999998,-4.329579999999999,6.00328,0.1674335593914203,0.1692798354687149,0.107765,0.11734175,0.057297600000000004,0.36518600000000007,0.08551832590856114,0.03022791141124721,0.079423,0.03973674999999999,0.0530772,0.12846900000000003,-0.38168658349358975,0.06278191937009653,-0.38241,0.08216000000000001,-0.46213899999999997,-0.30311199999999994,1.0595317908984956,0.5288480477929391,0.8508549999999999,0.7303875,0.576531,1.8956700000000004,-9.244295944585717,1.2029644641845105,-9.00525,1.687800000000001,-11.164,-7.83962,623.4311487469201,289.4355664089229,563.0,347.78000000000003,314.97,1001.0800000000003,1595.0238473728198,414.1667422541828,1567.0,548.3999999999999,1072.5400000000002,2129.3800000000006,2547.4928890842584,426.4970787206325,2560.3,535.2999999999997,1998.0,3097.8,1,0.43481219882652494,0.6996246573624488,0.15796346200966824,0.35661400833450113,0.40721657116498766,0.48640954728075364,0.11096608468947194,0.3002252673332069,0.22344856526071072,0.42971093553842576,0.36072712860253153,0.48960334318649623,0.32452980593379827,0.5232091338415806,0.28076523495331934,0.4998851341407985,0.49720919893723015,0.5940075322948252,0.049637460349090376,0.17317541562779226,0.14221833038119489,0.29866715854268305,0.4264951263884276,0.5065915334065646,0.8127852424443707,0.8902600657649137,0.04782429329495553,0.17045767651705793,0.2598988892579062,0.2322594929702203,0.10181187497693642,0.4737813203439241,0.002324809033543673,0.4192774641130669,0.30547133594544873,0.10218931482028194,16.755036182647853,3.2093682446393696,0.7102074290282859,0.9728341429637896,7.333010417797561,4.527434832015644,0.640820457407967,0.7572317568842821,0.22867380891440273,0.9800277957491673,1
475,1.3610769230769233,1.0370000000000346,1.1187902666494323,1.6670000000000016,3.093200000000003,4.2239999999999895,2.3188636363636363,1.7599999999999767,1.8144143068382972,2.982500000000016,4.969000000000005,8.420000000000002,8.181818181818182,6.0,7.068729882288638,10.25,17.299999999999997,35.0,1.371263157894737,1.031499999999994,1.7079882431219071,1.5779999999999745,2.684099999999988,19.833000000000002,39,88,65,720.0,548.605,0.3719616117242825,3.5283740076448105,208.43200000000002,0.37993091568614945,1,0.3082136957373252,58719,18098,0.14051242236024847,0.13563990794855937,0.1,0.16,0.02,0.32,131.60987074030552,135.8583821416731,39.83040286027465,118.5,58.5,100.0,197.5,0.06682602609550006,0.0360935757497475,0.0727855,0.043161750000000006,0.011850100000000002,0.101953,0.24066896799235274,0.12047856034031172,0.2733,0.16723249999999998,0.05259780000000001,0.3694600000000001,-0.8884729400122666,5.93169302256935,-0.49406,3.354175,-7.26524,4.938370000000003,0.19462043546360372,0.21936423901001362,0.096512,0.186124,0.050442600000000004,0.49352300000000004,0.08312823960857554,0.034088312658084804,0.071059,0.0522945,0.0491647,0.13404600000000003,-0.3799861905409438,0.05985986400378327,-0.38184,0.06834000000000001,-0.45136299999999996,-0.31419099999999994,1.0554591628909273,0.5297819405826327,0.841485,0.7612349999999999,0.555323,1.8795500000000005,-10.039297275942094,1.0990607761093272,-9.82405,2.0481999999999996,-11.511,-8.66204,625.5909257397408,240.18755122309884,603.44,303.06499999999994,338.54600000000005,910.0920000000001,1624.24290632506,405.7340850720438,1620.5,550.0500000000002,1109.0,2161.1800000000003,2537.7520828577753,443.1003321309781,2534.5,572.0999999999999,1975.5400000000002,3114.4,1,0.21885560081128946,0.43800216526762137,0.3975955242529852,0.45685523217122365,0.18743236085242526,0.3553736922929712,0.10056688824772896,0.2570733139370901,0.14560799720047993,0.31358418679816996,0.22516796743415415,0.3624537859136912,0.21258198823058905,0.3630214111841656,0.29710354962006513,0.43623234344518347,0.36533989664628924,0.4780572470104832,0.06747692395589328,0.21081151525446964,0.07441648557390161,0.2171644963071541,0.2636960030851854,0.4224615913618208,0.7057415170542192,0.8926351411411046,0.09333949865737302,0.23343132337881192,0.3568531108952751,0.22687539278980745,0.05719019596640576,0.9528652231046106,0.0014854596354910586,0.4103296577729532,0.23963730011589848,0.07908723704229721,13.92990712593684,2.5061970557637343,0.4793792198470913,0.4805004485433281,16.919162368360382,2.891813111317539,0.3586539464923649,0.41802585085552785,0.3770949720670391,0.9950426671207735,1
476,0.9765090909090911,0.7520000000000095,0.8208995038199833,1.4114999999999824,2.015600000000018,3.2959999999999923,1.9753030303030334,1.4600000000000364,1.7055547718820985,2.844999999999999,4.2420000000000195,9.009999999999991,6.414141414141414,4.0,5.875836671152683,9.5,14.200000000000003,28.0,1.3264277456647384,1.093999999999994,1.263805072833762,1.5710000000000264,2.5837999999999743,11.692,55,99,75,635.0,563.985,0.34673794515811646,3.247168315819074,229.47199999999975,0.4068760693990084,1,0.2918576192118793,60879,17768,0.14733001658374792,0.16244913135025008,0.09,0.15,0.02,0.37,118.85871975558075,135.82989081494821,41.298383202534865,119.0,62.5,97.0,202.5,0.0765401871916479,0.04839529015658407,0.071375,0.07014575,0.015092000000000001,0.13976,0.2838911316960378,0.15587829938254474,0.28935,0.24152500000000002,0.0610262,0.4716740000000002,1.6626252859338697,6.16653240195278,1.62405,4.744755,-4.537599999999999,8.324710000000001,0.2161690090933363,0.18268872419285245,0.16164499999999998,0.14440999999999998,0.07502260000000001,0.4447430000000001,0.10204274119371906,0.02950985091338006,0.099846,0.04142825,0.066667,0.14208300000000001,-0.4047869297050878,0.06507223747416518,-0.406285,0.08820500000000003,-0.489475,-0.32683,1.491949963980189,0.6404829777194183,1.3995,0.9998250000000002,0.75072,2.4965,-10.594937865826205,0.8246718575952395,-10.692,1.3138249999999996,-11.593,-9.46982,635.5536051044884,290.4042995090994,578.0,339.0,328.0,1024.3300000000004,1629.7370414667807,403.2508654986409,1601.8,519.7249999999999,1124.7,2177.2600000000007,2570.817201320891,430.880514895013,2578.3500000000004,534.9250000000002,2025.6,3121.2,1,0.48698107351225206,0.9243936675735451,0.28187545833077443,0.5616051165774739,0.2694357389915863,0.4202601265645768,0.10090026899220046,0.3228406080909864,0.23933869133452065,0.40916321252889504,0.4088060688448074,0.593616499071611,0.3380888175397654,0.4996697917831169,0.47369316194804395,0.6551785142392822,0.3653105527236996,0.47563731287003486,0.2817628101087023,0.39675680814854863,0.3493673902229319,0.42007613903424956,0.26866019173371003,0.3714062249263564,1.3917138347356137,1.5467060148424148,0.02918884560584659,0.13610246299129378,0.4471534729472456,0.5851501566050482,0.17539765399496407,0.35226923785543207,0.18577657679788737,0.352576306577412,0.3775087789017468,0.08803063284170073,15.136374680308473,3.9551813268250826,0.6111937925736572,0.8975051919932038,6.971917678502709,5.985497162557138,0.617587778495348,1.0568088155641577,0.2896239751201583,0.9426955014143626,1
477,0.6239183673469321,0.5310000000000059,0.6667634233548421,0.8349999999999795,1.3921999999999577,3.022000000000048,2.835594795539031,2.340000000000032,2.2038153422133986,4.079999999999984,6.161999999999979,10.159999999999854,10.368029739776953,8.0,9.205737070046757,15.0,24.200000000000017,41.0,0.9523011695906446,0.6399999999999864,1.4464181308656512,1.0075000000001637,1.7572000000000012,20.439,49,269,74,2789.0,1214.58,0.628015445668461,3.6563862213627907,325.68700000000047,0.26814783711241785,1,0.46278621354543265,124470,57603,0.15463892617449665,0.15667007985251857,0.1,0.19,0.02,0.38,179.56134008194744,190.55078728538444,43.00262174972683,179.5,41.0,156.10000000000036,251.0,0.08248207480325903,0.045637518003703414,0.080507,0.044631000000000004,0.018023,0.13994800000000002,0.325840635759483,0.14623536225725406,0.34467,0.16324500000000003,0.08941220000000002,0.49914600000000003,4.424906749194608,6.014936265564247,4.2241,6.716695,-1.1875799999999996,11.544800000000002,0.21683872881940175,0.1825481482132903,0.17147,0.15074999999999997,0.08041380000000001,0.39816200000000024,0.08934872537353958,0.036145884169100105,0.083193,0.0550365,0.0475896,0.14144,-0.32984356084203603,0.0806784122404877,-0.33481,0.10166499999999995,-0.42806,-0.22680199999999998,1.2489002239466696,0.4529216902048671,1.1519,0.621955,0.750534,1.9096,-9.422849118969499,1.1809365841513562,-9.3035,1.7964000000000002,-11.16,-7.951319999999999,626.1397393645398,236.9184237382726,602.84,295.3424999999999,345.23,920.705,1642.7277206707543,429.22514472853806,1659.85,565.4000000000001,1048.95,2175.2,2567.3270325130525,461.17448329862685,2613.4,624.3000000000002,1939.3,3101.2,1,0.603328021272513,0.8956660215944284,0.38051838073960365,0.5916340286467697,0.5110555997149044,0.5550243677153901,0.22497865835138028,0.3726416044633459,0.3389833807396036,0.4983669942538759,0.34126233586446997,0.43492256883437747,0.49381016557471424,0.6021444833896985,0.4002126404232572,0.5632212674540374,0.550581929192138,0.5789391423274693,0.19528776578305326,0.3281143051885651,0.26297515274541516,0.37137501967294084,0.2922385279749993,0.4161533282590419,1.1086639405685461,1.0894087188594075,0.07235409709695989,0.20908378766993702,0.4185970010142822,0.2929356616135311,0.05803338907316538,0.7683050522218262,0.0003015433537103539,0.4841963869623619,0.4125893282886827,0.09846301027625262,20.242923834950727,2.723110909747065,0.7677199159851743,0.7993501090150521,12.501974340846742,4.6331522080040335,0.7900777290184262,1.0007661693045846,0.218543225214033,0.986717013470448,1
478,0.574589285714282,0.33900000000001285,0.9231163016184809,0.6712500000000432,1.322999999999979,5.5610000000000355,2.6535986842105244,1.7349999999999852,2.3765441940033227,3.882499999999993,6.319799999999999,9.449999999999989,8.506578947368421,5.0,8.779459213748453,14.0,23.0,40.0,1.3622789699570823,0.9640000000000555,1.7319780535473757,1.8089999999999975,2.4365999999999874,18.815999999999995,56,152,82,1293.0,871.075,0.4630450879660186,3.2056765018706,317.4110000000002,0.3643899779008698,1,0.36194870808899715,93621,33886,0.15458941605839416,0.17113595151977484,0.09,0.18,0.02,0.39,140.48130227192615,222.3436817564776,51.576814390110265,208.0,59.0,174.0,295.5,0.08772696779829724,0.048546235340646136,0.0820095,0.0477045,0.0218315,0.15295,0.34149922359620494,0.14951161101938754,0.35857,0.1586325,0.100685,0.5187550000000001,4.151804605563803,6.371615564637519,3.2750000000000004,7.441479999999999,-1.7182499999999998,12.164,0.22310645422514014,0.18285562039547476,0.17507,0.16176249999999998,0.084299,0.41700000000000004,0.0939558843637992,0.03772175309916716,0.0894025,0.061306,0.048658999999999994,0.14748,-0.24857054244879892,0.10078502110557853,-0.25008,0.15136250000000004,-0.371905,-0.11324999999999999,1.2541483907808533,0.48325220935771235,1.1445500000000002,0.6967424999999999,0.72721,1.9793500000000002,-9.204601174526353,1.4059231797589016,-8.9682,2.2013499999999997,-11.346,-7.4931,661.8095214531222,249.28792412157142,646.88,308.39,350.05,976.05,1624.4594420410065,426.6376697425077,1630.9,572.8999999999999,1056.8,2161.3,2544.479807869542,497.1534497415598,2550.5,705.5,1885.28,3193.9,1,0.7045437701277955,0.8964048235393887,0.4084304906948882,0.6025220018593717,0.3156821305511182,0.45764317676737937,0.11045706685303515,0.25611499436429996,0.15809685331469647,0.31430099296995384,0.35198923222843453,0.4524715742693721,0.17572490311501598,0.3322642874211098,0.28419080255591056,0.4359246106213453,0.37816861413738023,0.5471475778334072,0.15258522376198083,0.30929620132129604,0.1503860268769968,0.29962627454108653,0.22299689900159744,0.3655755645719902,1.0767695252396166,1.165029942794873,0.12823886853035144,0.2859888306581249,0.29940095846645365,0.07240415335463259,0.07000798722044728,0.7592252396166134,0.00115814696485623,0.3729632587859425,0.3298757433563441,0.10115411610744382,13.380067742228603,2.481692745880426,0.9344612145041042,0.9391571624020603,-2.098780708424871,4.780371298252359,0.7053586248218133,0.8740056446272381,0.21132820209196762,0.8985414367263621,1
479,2.0865245901639407,1.649000000000001,2.705085590637385,2.4729999999999563,3.522000000000048,20.966000000000008,1.5238675496688758,1.2649999999999864,1.1283747010194007,2.0944999999999965,3.2100000000000364,5.6299999999999955,4.3841059602649,3.0,3.4408164115768214,6.0,9.0,17.0,1.9065748987854239,1.5260000000000105,2.078791805327374,2.3045000000000186,3.1392000000000166,20.966000000000008,61,151,97,662.0,865.86,0.26575196914050797,2.876959983311891,470.9239999999997,0.5438800729910144,1,0.20001977131182655,91041,18210,0.11635782747603836,0.1217078669061521,0.07,0.13,0.02,0.27,103.14034336178206,126.19546952224053,45.276187337564394,101.0,75.5,88.5,196.0,0.08860370466358045,0.0598262349003691,0.0823235,0.07944875000000001,0.008910700000000006,0.17266200000000004,0.30805941156984074,0.18078826272919066,0.338115,0.2953325,0.03211920000000001,0.536581,2.729400601438001,7.211605021805473,3.53445,6.9931,-6.2739199999999995,10.339100000000002,0.24826470555808344,0.1950780682576214,0.19933,0.19935999999999998,0.03825900000000001,0.49573100000000003,0.11240099282910489,0.028379402182885045,0.11277,0.03855024999999998,0.0770333,0.1482,-0.41172714744645794,0.06462056662023064,-0.41412,0.08656749999999996,-0.493865,-0.3338739999999999,1.5593130801757276,0.49192149818104275,1.5101499999999999,0.67225,0.9527460000000001,2.3048,-10.625374030752333,0.7696278805258127,-10.6965,1.2772249999999996,-11.591,-9.55949,642.8459985574599,256.48542682042887,610.8,282.9750000000001,349.659,962.3460000000003,1616.9455375741593,404.1726058594226,1614.35,555.2,1093.79,2136.7,2534.620195012085,433.62290904065054,2501.7,584.8000000000002,2007.5,3111.9,1,0.6521311895609717,0.6737485429945603,0.3286610719572209,0.5074044479963163,0.33789279862052934,0.4724703202074147,0.06481083368853412,0.20109442045419026,0.07900183016235905,0.24289929438624402,0.32436938059441234,0.4429240406860557,0.2721583416902391,0.38742902864108175,0.1396402639593909,0.3317951915319459,0.32150144631301586,0.4153424126336629,0.0588928082303251,0.1877916863906589,0.05471306273491689,0.1775688934761332,0.15931193672259464,0.3077654400080117,0.7187365571744099,0.7640143083506761,0.04901255132328438,0.18051116493688138,0.3194482117255008,0.0466927577788972,0.18580230170108886,0.8694927732785678,0.007711086139419537,0.28779013445964274,0.2543452909094432,0.09295578711761385,15.612983957992215,3.7882481034338613,0.6860985502894492,1.1300885351920589,22.70658190959587,6.046319595653839,0.44262358568282406,0.5627791593379123,0.25464619646773634,0.949397678591044,1
480,,,,,,,1.8224870466321241,1.3799999999999955,1.341155939856939,2.5599999999999454,3.8399999999999648,7.419999999999959,5.595854922279793,4.0,5.248477047271906,8.0,13.0,27.0,2.3947395833333336,1.259999999999991,3.375131083086476,2.6474999999999795,5.4780000000000095,36.03999999999999,0,193,0,1080.0,811.53,0.43342821583921726,3.07044976403025,459.79,0.5665717841607828,0,0.3253514456342193,86571,28166,0.16865868263473055,0.19825586119070515,0.1,0.18,0.02,0.42,115.74314724330317,112.31621458496059,32.26145661512728,101.0,32.5,84.0,169.0,0.059751333582358866,0.03271618406916345,0.059244,0.028817749999999996,0.01301,0.0954695,0.2926719213660087,0.13998269509872385,0.326625,0.16079000000000002,0.066954,0.43137,-0.712642051127455,5.0722129662396425,-0.733295,2.789735,-3.9891,4.322150000000001,0.16378745462842434,0.16952292992037968,0.1062,0.10821125000000001,0.0558785,0.35233000000000003,0.07365213610832208,0.03394365796164921,0.0615755,0.0426335,0.040901,0.12674000000000002,-0.36900758933465877,0.05885864194840719,-0.366035,0.07534499999999994,-0.446795,-0.29886,1.04255876588795,0.4561198569083464,0.85875,0.5446525,0.64401,1.74255,-9.097338123979267,1.438644600171737,-8.775,2.3339000000000008,-11.348,-7.4182500000000005,639.5353344879779,290.0219415858182,611.53,358.59000000000003,307.16600000000005,992.0,1632.853777975482,400.5007854829477,1618.0,502.29999999999995,1127.88,2165.2,2545.3795739985444,411.23244827704156,2558.5,478.7000000000003,2022.38,3076.4,1,0.4038954184900453,0.7895851266376123,0.21555062139430972,0.4671858310467717,0.3884818839608384,0.5081093505126474,0.14084707431500096,0.2964281388306407,0.708950630724752,0.7718216725861573,0.47139585642946313,0.49625629075540356,0.7551376845390629,0.8150381812892793,0.78261637663447,0.9288233541382815,0.5213650166239568,0.5500450895635337,0.4700153696037847,0.498256906973276,0.11745574663249884,0.256942611908927,0.24837982403574482,0.3936340980238726,2.3801705522044814,1.898952197132747,0.012745483803140811,0.08761776540269346,0.2343123726920297,0.5991195216505684,0.2795847296142979,0.9366581247125304,0.05039752940403443,0.35547670674814374,0.5440719670993964,0.11183445021872596,14.74913792721109,2.4800086598400357,0.7419283100904356,1.0699234389368002,8.687473970689027,4.27345128776483,0.6609659681496683,1.1407202827871175,0.2554186900390856,0.6288409703504043,1
481,0.8877272727272795,0.6834999999999809,0.7965248677936978,1.2767499999999927,1.9705000000000723,3.905000000000001,2.296494252873563,1.7199999999999989,1.8350988544278832,3.3000000000000114,4.969999999999914,10.170000000000002,7.647509578544061,5.0,7.061734041121399,11.0,18.0,41.0,1.0127745664739904,0.7799999999999869,1.0676687266532494,1.259999999999991,2.0085000000000264,15.075000000000003,66,261,86,1996.0,1070.819,0.5597444572798951,3.3300799986652985,350.4200000000007,0.327244847168383,1,0.3715637008572273,111639,41481,0.14704360155973062,0.18005212490875372,0.08,0.17,0.02,0.36,151.61368339021308,134.898387213423,36.38236682585042,125.5,31.5,104.5,188.0,0.06501405517052869,0.03356990258590527,0.067601,0.030210999999999995,0.014751,0.097638,0.26171606502127237,0.12366937997426689,0.27542,0.12551,0.069289,0.39994,-0.6731952160785419,5.513016226783182,-0.63882,3.7066,-5.2966,4.9814,0.16367893817169066,0.1766293943294025,0.10145,0.11602299999999999,0.049082,0.3713,0.0729593335056291,0.034560913071580004,0.058605,0.04361,0.042942,0.12767,-0.36991616799498567,0.06346372816817901,-0.36823,0.07788,-0.45211,-0.2944,0.9992293358405052,0.5039878548300307,0.80026,0.6571400000000001,0.54004,1.7802,-9.158463580916564,1.2353979776042514,-8.9639,1.7429000000000006,-11.098,-7.6894,589.5250736728012,276.3623994581006,547.0,348.96750000000003,297.0,935.94,1584.1442765394788,401.8057010580558,1570.5,504.0,1075.3,2117.6,2520.865073758253,416.54898025193654,2545.5,441.375,1963.53,3027.87,1,0.9160979646285844,1.411463077336124,0.5699502953784327,0.7877289073553214,0.9041813808885912,0.7808151276782894,0.15991287248429176,0.344859787884468,0.35396909393040543,0.5678122656516819,0.6424585553216599,0.6687279024972265,0.3832590990973751,0.55888361452273,0.3791177751411348,0.6401863642251814,0.6531686831882116,0.8314604133003111,0.2737716240551143,0.38051734512944385,0.28941307083851625,0.49908062806453163,0.7641233589449176,1.1454991681479318,1.5302328011673527,1.3088467790268958,0.19956870133639526,0.401978223894936,0.3349918668070041,0.29509137881542435,0.323350237616815,0.938251522980257,0.005996236404809747,0.5638375912990783,0.572801805457213,0.09916614709929647,14.894369115799444,3.5059333540437456,0.5907415812330322,0.7743967020398393,5.937558372461341,10.643673333705683,0.6818014862896276,1.058551053912256,0.2164098111569351,0.954017497238064,1
482,0.8293269230769257,0.6295000000000073,0.6852066426424293,1.136749999999978,1.7631000000000085,3.29200000000003,1.824909747292419,1.3999999999999915,1.4950659195392706,2.480000000000018,3.697999999999997,7.8799999999999955,6.812274368231047,5.0,6.333179566324242,9.0,16.0,32.0,1.048329512893983,0.7400000000000091,1.3452432328782158,1.2100000000000364,1.7303999999999917,14.560000000000002,52,277,73,1887.0,985.4000000000001,0.5129896488735539,3.73293768545994,365.867,0.37128780190785465,1,0.34988861738353894,101901,35654,0.16009878760664573,0.1643637339269571,0.1,0.18,0.02,0.39,131.12727058615715,120.83539013855388,27.411639153661895,111.0,22.0,100.0,166.0,0.09747918820449879,0.0469753900747676,0.0986225,0.0483715,0.027971700000000002,0.154007,0.3646380924568632,0.1479020595844624,0.40826,0.13076,0.10916200000000001,0.5018670000000001,6.220778275953596,6.718533359669508,6.55395,6.353350000000001,0.0,13.539500000000004,0.19181597182691984,0.14123395356626023,0.16297,0.09628500000000001,0.0947477,0.31798600000000005,0.09212309005051326,0.026522779941460094,0.0889185,0.03310425,0.0627076,0.12799,-0.4092060082672351,0.05974058050425019,-0.41301,0.0795825,-0.482767,-0.33369,1.4375868887081393,0.42937329409854846,1.3478500000000002,0.5548750000000002,0.981174,2.0946,-9.684116169293766,0.977837106862258,-9.5329,1.3695749999999993,-11.226,-8.510330000000002,617.1050850875212,299.8853630740092,583.22,354.40000000000003,241.78,986.16,1601.1444557779719,418.61601735268465,1597.1,505.29999999999995,1066.9,2143.6,2553.951722936158,432.85509633534554,2602.1,478.1999999999998,1971.5,3053.3,1,0.7926650692877645,0.9381654855304079,0.5708762491155465,0.6553658781961788,0.7275841321340364,0.754032258540676,0.14533016070355784,0.3235702365385856,0.11741353471063345,0.2774161901625692,0.44265281970495957,0.5666487562309171,0.2391938338562179,0.4034869773734828,0.15546262162071958,0.3221128420556059,0.38000978676323344,0.5339834640740666,0.12650014491689474,0.27069166504822484,0.08520758637607637,0.2299460676322178,0.3499943864561778,0.4793413252466555,1.664438778018824,1.434861690615215,0.007497725051732194,0.06538562242804058,0.4006741873039183,0.012749482678058874,0.2561577998798478,0.8955343435017689,0.02025899472665376,0.4889526733862893,0.4146304877654553,0.09742115072689733,14.669201820491928,3.1967231832688916,0.8419167211417877,1.1457966402185522,11.90404325002791,4.321712651905929,0.5304385512937316,0.5654621209013816,0.2662424202039048,0.9812670374005016,1
483,1.0710769230769324,0.899000000000008,0.8981108430425023,1.433999999999969,1.7331999999999768,4.562999999999988,2.1860158311345623,1.6690000000000396,1.7522871250496588,3.0049999999999955,4.613999999999896,10.089999999999918,5.96042216358839,4.0,5.543877826226053,8.5,14.0,30.0,1.273860215053765,1.0509999999999309,1.1082049555343645,1.579999999999984,2.246000000000004,15.581999999999999,65,379,87,2259.0,1544.01,0.536589788926237,2.7266143633071844,592.3450000000007,0.3836406499957906,1,0.36122155217785556,157701,56965,0.17495393120393118,0.19625626415273825,0.1,0.22,0.02,0.43,123.88000076093367,162.4400947950496,39.86111020963327,150.0,45.0,128.0,218.5,0.07684223285142687,0.04103942167246157,0.074752,0.03598,0.021653600000000002,0.12387,0.29853065671340656,0.13218281263071677,0.31395,0.13699999999999998,0.0952926,0.450686,2.488261661559677,6.014637406048016,1.6595,5.22985,-2.5490999999999997,9.881739999999999,0.19134177472616,0.1749184092062779,0.14017,0.130987,0.06806380000000001,0.373202,0.08294410475958922,0.034386256779155334,0.074419,0.051074,0.0460478,0.13355599999999998,-0.36656883454752914,0.06726983081288156,-0.36453,0.08565999999999996,-0.45639,-0.285854,1.1479048022469938,0.4736661280365646,0.99958,0.61987,0.674496,1.8715,-9.20425260071974,1.1764450762759926,-8.999,1.7219999999999995,-11.041599999999999,-7.8129,619.3994159271713,268.8981258639669,602.975,321.0375000000001,313.0,919.1120000000001,1608.1427837975004,414.474046756934,1603.6,502.5999999999999,1057.2,2135.4,2545.4383650320374,450.0223687620155,2581.7,552.5999999999999,1933.6,3092.2,1,0.4596390645558237,0.7204821187646951,0.20833681762033224,0.385255745945167,0.3306134008945052,0.4293391983117296,0.13135964257655355,0.3020382408383169,0.13664950293435563,0.2977479626968003,0.3746537895783047,0.48754358656440905,0.16433887891050214,0.322234753681216,0.34010461268872166,0.5060571508737217,0.26477750269771405,0.37874812097068067,0.11439767736286618,0.2515061974995746,0.15848753282218753,0.30060006540293843,0.16760394526480193,0.3159809520800406,0.8796092027071798,0.8762309217623537,0.025897883359363903,0.12265249497007513,0.4537838989067159,0.5746367551706186,0.061763453073974156,0.6012116049032136,0.0007099247479767144,0.45435183870509727,0.2683192467123723,0.07572911914340481,16.009318674703728,4.209341901323671,0.5859607538984841,0.8165273554123641,21.560408270435993,6.484363958283974,0.5802920185257979,0.6864185507941344,0.2509130518357147,0.9574676445515328,1
484,0.7524565217391281,0.6769999999999925,0.7578325416298208,0.9652500000000401,1.3529999999999944,4.86099999999999,2.9228191489361746,2.3700000000000045,2.1265207397659194,4.0625000000000036,6.273000000000004,10.039999999999992,7.324468085106383,6.0,6.320856832743901,10.25,16.0,29.0,1.0730684410646347,0.8500000000000085,0.9573843580318346,1.3575000000000017,1.9479999999999338,11.28,46,188,76,1377.0,963.13,0.5705252665787597,2.505960072066822,282.21699999999896,0.29302067218340094,1,0.41963254276788314,99549,41774,0.20074002883229217,0.19601981428005794,0.14,0.23000000000000004,0.02,0.48,125.4256697706657,191.20987935079236,38.93131556550136,179.0,38.0,158.0,247.5,0.11807663843213961,0.049894234176480326,0.11979,0.04984799999999999,0.045018,0.1775,0.37881855225231004,0.13225550671752948,0.40595499999999995,0.10148749999999995,0.168846,0.506657,4.8243923898949825,5.8719752535127245,4.20975,6.030625000000001,-0.19280599999999992,11.976100000000013,0.20952918989977498,0.15057947184594989,0.17173,0.10112750000000001,0.10979900000000001,0.34800600000000037,0.10462932221056158,0.026923802895346738,0.10148,0.036300499999999986,0.07361720000000001,0.14127400000000007,-0.35020798894048927,0.06660115654903127,-0.34945,0.0881575,-0.438484,-0.26674299999999995,1.3955106839182265,0.412571049384819,1.3243,0.5084,0.948848,1.9908100000000013,-9.691679609326377,0.9511446273304921,-9.5707,1.4491999999999994,-11.091,-8.5281,605.3826327888954,237.21566000807812,577.34,316.90000000000003,331.81,891.0,1634.591641153471,424.6876460722038,1656.0,553.5999999999999,1047.0,2148.8,2589.711502045411,478.71653965587865,2634.2,703.7000000000003,1950.2,3163.7,1,0.27736306250639386,0.43815685386158476,0.20820017844842284,0.34204361114853454,0.3496298471270248,0.4432535718687382,0.13931144071611254,0.3162248773227495,0.1304141558056266,0.3243657507069761,0.2772452766922421,0.39499429611676834,0.16831562138107417,0.3561543038695464,0.21214347955669224,0.43725702530949484,0.2653926740323956,0.41229171467677045,0.031806208218243814,0.15133721472190495,0.1616394568456948,0.3155352470339469,0.23440542826939473,0.39480574928088885,0.865147993657289,0.7986800638658785,0.0193114073657289,0.10660863950946302,0.46083546462063085,0.7163171355498721,0.09994884910485934,0.7796760443307758,0.0003751065643648764,0.41718670076726344,0.23859473075873827,0.07621626443722354,17.774848033137776,2.92005830362158,0.5515639482054946,0.6524646373940779,17.272866592776836,5.493245487126959,0.42655611394824333,0.8722226503326282,0.35306122448979593,0.9836480935797839,1
485,0.45374074074074566,0.4125000000000085,0.34314332310572865,0.6754999999999711,0.8477000000000218,1.4909999999999854,2.1549450549450535,1.8400000000000318,1.543979711210413,3.2900000000000205,4.319999999999993,5.929999999999993,7.747252747252747,6.0,6.245162359151504,12.0,17.0,26.0,1.21620481927711,0.9200000000000017,2.0025157987676714,1.4737499999999741,2.0575000000000045,24.802,54,91,76,705.0,545.1700000000001,0.35970431241631023,3.595104538500767,201.89000000000027,0.3703248527982102,1,0.3279741164758586,60270,19767,0.15601420678768746,0.16754735631913925,0.1,0.16999999999999998,0.02,0.3840000000000009,126.13240418118467,150.6774422016492,38.938610047479756,133.0,48.5,118.0,219.0,0.07058131360039206,0.047874232750851974,0.076368,0.080802,0.00415274,0.12830600000000006,0.28816672712627106,0.17821784642756405,0.31716,0.324245,0.03451800000000001,0.493308,2.946915168207113,5.904530702861892,3.1424,5.811490500000001,-3.1549,9.490420000000002,0.29380996365083223,0.2944607069170224,0.19274,0.18829999999999997,0.08908660000000002,0.6550360000000001,0.09921635133808875,0.03136347274375376,0.093882,0.043520500000000004,0.0633182,0.14443,-0.3710668656346436,0.05182539833043952,-0.36858,0.06139,-0.439662,-0.311726,1.3737177948095312,0.4307281938950435,1.3051,0.5405500000000003,0.907348,1.99604,-9.981065280518035,1.0859108999805256,-9.6873,2.0768000000000004,-11.5304,-8.70046,634.2954293611019,248.2882814405944,605.775,297.9649999999999,348.997,945.0,1600.1882827746433,407.03686598252165,1564.6,526.4000000000001,1091.6,2144.5099999999998,2587.3375307002984,445.3918852880695,2611.3,577.6999999999998,2003.1,3140.1,1,0.9044259732122459,0.8722942827243491,0.5548804464244916,0.6702808597529821,0.34770060983550377,0.49415019348882416,0.16023221675805346,0.30270927211126025,0.6698936471898562,0.811727337818509,0.5915890152501713,0.6521008328228558,0.6239480630568883,0.687794004427798,0.5336540677404615,0.6515492385746817,0.6665056930546037,0.5993009450585562,0.24108207128169978,0.38684308493650404,0.15463158213388167,0.3656015313883458,0.18575699954306604,0.3221639475206061,1.871719603095728,1.76348211899702,0.00787561983093443,0.06809882377687854,0.4769248343614348,0.0573452136166324,0.5988690884167238,0.89284898332191,0.0688256796892849,0.23737719899474527,0.5367068291719702,0.09694349413295905,17.08446886872167,2.158288116663021,0.5732424717073453,0.5773306841775256,3.016163445715204,6.854217368592033,0.471693937990849,0.8184663739872143,0.3708830009603977,0.9754083250377908,1
486,1.2138909090909056,0.9500000000000455,1.1216143993487513,1.6065000000000111,2.4912000000000263,5.696000000000026,2.111370967741936,1.5799999999999983,1.6015110479095946,2.987499999999997,4.580999999999973,7.489999999999981,6.193548387096774,5.0,5.028431133764639,9.25,13.700000000000003,22.0,1.2287272727272716,0.9609999999999843,1.4211942646032076,1.5159999999999947,2.2959999999999954,16.473,55,124,75,768.0,644.2099999999999,0.40640474379472546,2.9334250028646722,243.28799999999978,0.377653249716707,1,0.3681572351932463,68229,25119,0.15223636363636364,0.16065103875619208,0.1,0.18,0.02,0.36,145.0995910829706,165.7274174927346,50.25126508263311,157.0,62.5,112.5,236.5,0.08108022812857599,0.04321855132270922,0.084254,0.049628500000000006,0.0167532,0.13035400000000003,0.32999581906933395,0.16867134497901023,0.34239,0.24330000000000002,0.07675320000000002,0.542904,2.2253328740262672,6.206801871895698,1.7018,5.851405000000001,-3.77778,9.738380000000003,0.22591982215292405,0.1848537347503743,0.18143,0.16407,0.0680536,0.43070800000000004,0.09331922741876666,0.03388828892235678,0.088038,0.048929,0.0537112,0.14124,-0.37888306384410203,0.05754990753907726,-0.38089,0.06561999999999996,-0.449258,-0.312458,1.2395640527091047,0.47335319408665416,1.1526,0.63232,0.707768,1.9271200000000002,-9.753710474143078,1.2390818952296418,-9.5485,2.2855000000000008,-11.437,-8.190380000000001,608.703414893617,252.2734730625506,576.03,334.13,320.21200000000005,917.658,1611.3150943589894,427.98742328955785,1611.5,571.7,1047.3,2174.9,2549.066251741279,455.61476497618673,2574.4,579.2999999999997,1922.0,3094.3,1,0.5393657577021321,0.6628653989781551,0.48216503503101704,0.5632325539925808,0.6319120817390398,0.7309450482293683,0.1287707601522181,0.2870097609503229,0.12862707673460877,0.2883436839140933,0.4716955210863785,0.5744543860026218,0.2328975927122973,0.3904817805756624,0.2411287753218996,0.39952961982662677,0.46081823275817124,0.5547027291012157,0.3530899049158109,0.4495476336352829,0.1406546997341396,0.32049904273365726,0.3823462466246155,0.4790889039099218,1.3251281420007297,1.3630959913717153,0.09560012057550957,0.2468262434404442,0.40155345879163845,0.23645936506281603,0.10087056247719335,0.703904498774957,0.08997549913986343,0.39154459677839754,0.40101428193489774,0.10191165136214009,17.51381159942154,2.746236442292874,0.7126070038314777,0.765472712370777,4.242375200666109,4.903009100459144,0.6420120871203179,0.776147880273738,0.25789526284229464,0.9640647388302721,1
487,1.3054400000000088,1.2105000000000032,0.9525375826706288,1.8067500000000223,2.8154,4.006999999999948,2.5702666666666643,2.25,1.676660946312309,3.4700000000000273,4.929999999999993,8.100000000000023,8.04,7.0,6.048926442858361,11.0,16.0,28.0,1.0057382550335603,0.7200000000000273,1.266912528278243,1.167999999999985,1.8331999999999995,18.981,50,225,74,1809.0,993.12,0.582316336394393,3.1280800954505397,299.71000000000095,0.30178628967295085,1,0.46071850787974716,102351,47155,0.19381422112618168,0.1794378627255421,0.14,0.22000000000000003,0.03,0.43,142.62684292288304,193.14689852613722,36.50725883577756,184.0,27.0,167.0,237.0,0.10416805609630579,0.04971295235426859,0.099493,0.053146,0.043494600000000015,0.17070599999999997,0.3665546604005619,0.15108312476889774,0.37918,0.12845499999999999,0.18659,0.517002,3.2335668956467036,6.042361397449825,2.3135,7.63191,-3.19988,11.105599999999999,0.2185859675202418,0.14741760762059336,0.18191,0.12392,0.10558,0.38298199999999993,0.09929418705401336,0.03722234305960657,0.095975,0.0627745,0.0527554,0.15082,-0.3641970549888665,0.06920078789520104,-0.36685,0.08396500000000001,-0.45079,-0.28127,1.2343839749761425,0.44801843979373696,1.1262,0.57112,0.765448,1.9084,-9.96920307920687,0.8370366570938835,-9.902,1.2497000000000007,-11.169,-8.9071,599.902778718784,219.34142735185645,586.0,326.22999999999996,359.17,864.2,1654.654481810801,465.8513612310679,1697.7,605.0,963.75,2228.9,2578.0871833396914,469.8311298163527,2630.6,574.7999999999997,1935.5,3124.3,1,0.6661018192008618,0.8850169728127766,0.36462756168579796,0.524036932717748,0.19482514016898372,0.3275820376341444,0.1143896353384724,0.27255787110311785,0.0033995075571414146,0.04374944409411794,0.20811010263574242,0.3564968872304735,0.022176697041101423,0.11198361317481945,0.060205681489211293,0.1900182156697941,0.2887938819133538,0.40391893409245383,0.09038633446662403,0.23035532812078005,0.09566953707880298,0.24447634480797134,0.3158406305921163,0.44451776252532554,0.8696824198337092,1.0175235972466272,0.017044263473255463,0.09957640059541105,0.3082101861514121,0.49695357996431816,0.0785336789308917,0.7037735213922645,0.0003029588985760932,0.25108560271989766,0.23651808660536958,0.09478808111155997,16.702125513449158,3.1293711496353396,0.7827204674638797,0.9420031940345159,9.424732554784201,2.4043456655710007,0.57642326272822,0.6729184552177329,0.2382537920828709,0.9679257570823836,1
488,1.0617435897435945,0.7870000000000346,1.3507972710910836,1.0649999999999977,1.4358000000000426,8.331000000000017,3.0615217391304386,2.7150000000000034,2.2885815815313455,4.535000000000025,6.713000000000025,9.629999999999995,10.23913043478261,8.0,9.296683488295033,16.0,24.299999999999997,43.0,1.4918457711442756,0.9199999999999591,2.912479810720626,1.3799999999999955,2.091000000000008,26.578000000000003,39,138,64,1413.0,855.4259999999999,0.4938942702232578,3.3444578569906938,299.8609999999994,0.3505399648829933,1,0.35689505147416123,88491,31582,0.16154475703324808,0.16307457511984025,0.11,0.16999999999999998,0.02,0.39,132.55585313760722,206.71317522639478,50.52193139132731,189.5,52.5,168.5,281.0,0.1063362625074821,0.04752910343206667,0.10913,0.0447485,0.036454400000000005,0.16084900000000002,0.3524232417652144,0.13890116495030763,0.38151500000000005,0.14402000000000004,0.131103,0.49948,6.661487766133685,6.78794152440099,7.5901499999999995,7.077324999999999,-0.05498829999999995,13.380900000000002,0.23301971645532268,0.1676976247906961,0.19654,0.10903999999999997,0.111332,0.40216700000000005,0.10470103789668166,0.028616473394584993,0.10237,0.03817724999999998,0.0711447,0.14306900000000003,-0.34908519549110256,0.06358156287462423,-0.34972,0.08108749999999998,-0.432208,-0.270121,1.4443324827433348,0.4248223358491022,1.41535,0.528275,0.933104,2.0312,-9.657598473814199,1.005504432345329,-9.54105,1.4884000000000004,-11.169,-8.43831,644.4029419713543,273.7096299501295,625.85,346.95,305.0,983.66,1584.553322770073,455.4245866135296,1596.0,614.3,974.5,2162.4,2523.228933565044,489.20977838408214,2534.3,631.0,1866.1,3141.1,1,0.6118850357142857,1.0042146629493756,0.18997247023809527,0.41922399344197087,0.42383951190476193,0.6476078006356215,0.08325318154761904,0.25144392503630003,0.2775968035714286,0.4813468957531621,0.3203063005952381,0.5462103015367588,0.3368881398809524,0.5716494698586276,0.4444299970238095,0.6572929242727981,0.4543393035714286,0.5654054317232844,0.5761079821428571,0.41381389156301823,0.1335179107142857,0.29373522596293755,0.12901635416666665,0.42471956271141587,2.0387423988095237,1.1399980240545722,0.008856375000000001,0.07237887899447103,0.44642857142857145,0.39285714285714285,0.7172619047619048,0.8601190476190477,0.0,0.17261904761904762,0.43062512606292513,0.12859818379530918,13.47058621484411,2.8655118899473395,1.071370955312944,1.5750222588761893,15.957317257300664,5.822800321885455,1.7266760577409817,3.8997905425296073,0.2388888888888889,0.013283613946539104,0
489,1.8567611940298472,1.643000000000029,1.3805202468370197,2.610500000000002,3.580199999999979,6.258000000000038,1.4428205128205118,1.1000000000000227,1.011633904047579,1.8999999999999773,2.6360000000000134,5.389999999999986,4.196581196581197,4.0,3.2848768108120185,6.0,8.0,17.0,1.678716417910449,1.4169999999999732,1.4674604842431138,2.070999999999998,3.069999999999993,14.411999999999999,67,117,85,491.0,659.4000000000001,0.256005459508644,2.908595462354128,337.42200000000025,0.5117106460418566,1,0.22382574145026252,70470,15773,0.13835964912280704,0.15753092858079015,0.08,0.13999999999999999,0.02,0.34,97.0625798212005,118.73169340011412,35.92455615972901,101.5,50.0,88.0,181.0,0.05618465582390794,0.030639709680377384,0.058697,0.031571999999999996,0.008058800000000001,0.0882984,0.25557311580409564,0.13555758802075085,0.29716,0.19954000000000002,0.0347024,0.39989600000000003,-1.3897534063350663,4.885069523610287,-1.3271,2.787035,-5.2014,3.3875400000000013,0.1764786158382933,0.1969822178895501,0.10292,0.135793,0.044652800000000006,0.425856,0.07753819661510175,0.03514158420590729,0.064446,0.052981,0.0423892,0.130138,-0.3433490229506118,0.06628378706245311,-0.34725,0.09404000000000001,-0.42231799999999997,-0.25568399999999997,1.0444508558929817,0.5257931777890791,0.82705,0.74233,0.5629839999999999,1.8685400000000003,-9.582564172953782,1.4886696409350744,-9.2654,2.9344,-11.543,-7.75078,655.3464503583848,258.94200238743286,637.43,318.32,341.666,972.19,1622.8862561918957,417.70275433647396,1600.0,557.8499999999999,1088.04,2178.6,2547.7854585196224,435.41390127049795,2555.1,552.3000000000002,2000.1,3102.1,1,0.39017607172307983,0.64843635038465,0.228105749688369,0.50229300074881,0.12694477974877744,0.27922564172175707,0.03480583886278646,0.156739003207268,0.4345290045066641,0.5736264742817478,0.1708555453543005,0.3468870657385887,0.5418405162527568,0.635102315540619,0.7932518998465816,0.8579154169750228,0.17991837692971524,0.31807855334517865,0.13029577150254099,0.2795916783760941,0.26108976138651835,0.3777320584751459,0.12416041020232044,0.2774225814891491,1.0348224521526512,0.9371561794831688,0.012173287611468022,0.08490032969041952,0.2799405503883402,0.7946111803624508,0.2341068175280468,0.9830760379710423,0.0035957426407133954,0.3252948508965385,0.31878353326918074,0.06941394712635018,21.34481116003428,2.5462593663919972,0.6586392124400295,0.6360134702332869,16.74888219048731,3.5075292216463243,0.32058697376716255,0.44768806882800155,0.48540530194276965,0.9879065953991454,1
490,2.131980392156857,1.5319999999999823,1.5469400344563273,3.32350000000001,4.275999999999954,6.366999999999962,1.9164948453608266,1.4200000000000728,1.6802289002364885,2.6599999999999966,4.167999999999978,7.600000000000023,6.103092783505154,4.0,5.796345340011201,10.0,14.400000000000006,27.0,1.9017861271676304,1.539999999999992,1.5210652471377768,2.533999999999992,3.537999999999967,12.604999999999999,51,97,77,592.0,663.963,0.27998548111867705,3.1845077998924123,329.00900000000007,0.49552309390734134,1,0.2498951236094837,69129,17275,0.14702127659574468,0.15878414216358516,0.09,0.15,0.02,0.36,101.98324870893548,120.33004341534009,38.059729132233116,102.5,62.5,86.0,184.0,0.06080318748787265,0.0333572163632079,0.061413,0.032769000000000006,0.0112206,0.09890860000000001,0.27953050791202316,0.14671680508329915,0.31324,0.22138500000000003,0.0506416,0.452926,-0.9949971414358321,5.86004895789415,-0.40743,2.7938650000000003,-6.580759999999999,4.190180000000001,0.193280239906055,0.20128265763277173,0.11958,0.1305125,0.0541822,0.465536,0.07969775605545586,0.035452417572783675,0.067564,0.0527865,0.0435088,0.132766,-0.3660777560636759,0.06126350657071824,-0.36641,0.07800499999999994,-0.447096,-0.28892799999999996,1.0926199322720695,0.4970470292140741,0.91089,0.662935,0.62493,1.8762800000000002,-9.91378774529667,1.2043676572952997,-9.7702,2.2269500000000004,-11.497,-8.34466,625.4386704026855,249.18709708029678,606.03,303.37,334.7,922.0,1606.4480576174558,394.0026747264447,1575.6,505.70000000000005,1125.0,2132.7,2523.8018701798555,436.3811502954727,2516.0,582.7000000000003,1986.0,3094.0,1,0.2792683606796825,0.536331395167482,0.161487037781781,0.36223654029418195,0.3954135825015824,0.7454836714555799,0.11989001660256099,0.31077078447708817,0.06525891289741467,0.21998128825695826,0.19283120366132722,0.38242708205065123,0.12097491615950146,0.31144333925884904,0.11810717615268515,0.3026794247500512,0.29266373791323824,0.4637677963492411,0.21104744452018112,0.4288277429073296,0.1287340588149374,0.39513809010817513,0.20269079366084036,0.3662149227316291,0.6668577161010759,0.7954451335898675,0.0630638929353912,0.18410168742262445,0.4035736890793125,0.0018501387604070306,0.1257607478455621,0.9849067627440479,0.0005355664832757194,0.5136082574614149,0.21559206074158568,0.07687257153290765,20.204546617972255,3.768000374485945,0.6329359043554312,0.8662847528869068,12.233643524846553,2.7349070903237176,0.26973251457202985,0.30182674952742355,0.5423118122504625,0.9903085824493733,1
491,0.5364999999999989,0.33449999999996294,0.6116612272300258,0.7719999999999914,1.2518999999999953,2.9599999999999227,2.8327397260273948,2.409999999999968,2.12332400322429,3.9274999999999523,6.039999999999964,10.580000000000041,8.5,5.5,7.807837649895347,12.0,19.0,42.0,1.128495652173914,0.8144999999999527,1.189235723690991,1.4862500000000054,2.090800000000035,12.299999999999997,58,146,85,1241.0,811.1400000000001,0.5098749907537534,3.000628657091738,259.5540000000002,0.3199866854057255,1,0.4094476579335375,88170,36101,0.16409545454545454,0.18221964762159662,0.1,0.19,0.02,0.38,149.7107859816264,175.77518628292844,48.34846757478245,165.5,57.0,126.0,248.0,0.10028303818871222,0.048751064666675004,0.1054,0.05862099999999999,0.027384,0.15774,0.4076826320986372,0.19565075612336036,0.43474,0.28556000000000004,0.10765,0.64531,2.4849336834669398,6.031154825941966,2.0757,5.86588,-3.6941,9.8906,0.27552462153824,0.1827114690800197,0.2424,0.19659000000000001,0.096385,0.49607,0.10626022417772361,0.029743450371843165,0.10608,0.040052000000000004,0.068332,0.14493,-0.3793184687847982,0.06895577273421577,-0.38344,0.08560000000000001,-0.4644,-0.29345,1.4011056289299466,0.4610992605240704,1.3644,0.6200000000000001,0.8255,2.0413,-9.851890343757791,1.1298569572585948,-9.8988,1.7353000000000005,-11.288,-8.3563,595.6053676001679,266.9778337663294,557.5,355.87999999999994,298.122,941.31,1594.8054898952646,440.41825099622304,1603.1,592.0999999999999,999.756,2149.5,2529.3890582908757,463.1347594340664,2561.6,574.6500000000001,1912.2,3096.8,1,0.5491043279010582,0.8190422078935067,0.19406361088538643,0.40980105097954433,0.4892657606375854,0.6682995265796277,0.1775570912175738,0.3938705876695801,0.2176029792829397,0.5110367003059542,0.24840472237353214,0.42653202342132535,0.23071437893467875,0.5333444855125169,0.28744383792472206,0.6609071354740519,0.45053512198062245,0.750517544315393,0.19026959507969818,0.35149956362555757,0.29115509161941333,0.4516015490922206,0.28273340058936464,0.47074536765821673,1.049812830870206,0.9491539881580201,0.007133298432825825,0.06372434494194651,0.3410724650622851,0.07987676921016207,0.22083314729651293,0.9257043354020628,0.707951957851498,0.3116488815466357,0.3332711462664005,0.09635630138034852,13.569171018256592,4.110232478918089,0.7294972823744376,1.0297470912236186,3.7134727215050063,8.369634232020545,0.9328011960567393,1.6529968127180679,0.22130630441182655,0.8815419706879387,1
492,0.485048387096772,0.11400000000003274,0.6898665234951864,0.647500000000008,1.4159999999999737,2.640999999999991,2.1646363636363652,1.7050000000000125,1.5641301255288116,3.1024999999999707,4.391999999999987,8.459999999999994,5.722727272727273,5.0,4.797767645495694,8.25,12.0,28.0,1.0209829931972776,0.6799999999999784,1.4348990541599558,1.267500000000009,2.268100000000012,20.502000000000002,62,220,75,1259.0,883.91,0.5387652589064502,2.6437360883625196,300.1689999999996,0.33959226618094557,1,0.4349431787048909,91251,39689,0.1743804920913884,0.17484794611078594,0.12,0.21,0.02,0.41,149.65315448597823,172.3090906800373,40.15750738632873,160.5,40.5,136.5,231.0,0.11053028947826352,0.05282581001808513,0.12094,0.063191,0.0247798,0.16688,0.35767021309171304,0.15532266106321466,0.39,0.15647,0.10518800000000002,0.526872,3.344321429589257,6.022390661884493,2.7669,6.070657,-2.3075,11.047,0.22371990459779784,0.18281934068073055,0.17547,0.13117,0.09918300000000001,0.4115240000000001,0.10622351623674066,0.026923402844456133,0.10397,0.035427,0.0743358,0.14239200000000005,-0.39488944052508257,0.06691674833862911,-0.39489,0.08692,-0.48371,-0.31234799999999996,1.3555335463226585,0.4640828042806469,1.2639,0.6069,0.840626,2.061,-10.00126405301217,0.9565417240943244,-10.001,1.5294999999999987,-11.284,-8.729379999999999,593.1452255593332,220.5941335670335,577.13,245.41000000000003,336.0,852.0,1702.877344044747,425.5155963538517,1737.5,537.6000000000001,1111.0,2216.6,2617.9230202895374,426.32453598479304,2670.3,529.4000000000001,2039.19,3112.7,1,0.5084276040318025,0.7126898688452737,0.21871151466307512,0.3748635811113121,0.34295621827345,0.45399349494428104,0.13585535864795587,0.29782624750169356,0.1485207343702481,0.2991000542353721,0.2908340006082461,0.40513451018703145,0.16622941000130337,0.3178119452415176,0.1240115714471912,0.27686415146845894,0.5167572830951036,0.5686370859775927,0.0848768177868532,0.24006152955887347,0.3647994964591389,0.4703978370752289,0.25096998070991006,0.3812215576597758,0.8833238359907895,0.9675744808909977,0.008233784246426552,0.07240296828590669,0.3979667202502498,0.9559021592735804,0.18104010079506452,0.9901377242907416,0.0031715688404222965,0.416040318025807,0.2888934007379639,0.10610968842792591,11.703695663028405,2.0841849301185844,0.8967049119326617,0.8803372042704098,3.3029536835794433,4.224825066839938,0.683791911989469,0.9362049791162915,0.1839254766031196,0.8423622526636225,1
